Crash ID,Date,Day of Week,Time,Lane Count,Crash Type,Functional Class,Speed Limit,Environmental Conditions,Light Conditions,Surface Condition,Total Vehicles Involved,Curve Related,Alcohol Involved,Distracted Driving Involved,Drugged Driver Involved,Older Driver Involved,Temp Traffic Control Zone,Traffic Controls Present,Vehicle Type,Severity
9972947,3,1,2,3,1,2,4,2,4,1,2,2,2,2,2,3,1,1,1,3
9986296,3,1,2,3,1,2,4,2,3,1,2,2,2,1,2,2,1,1,1,3
9726448,3,1,1,3,1,2,4,2,1,1,2,1,2,1,2,2,1,1,1,3
9960343,3,1,1,2,1,2,2,2,1,1,3,1,2,1,2,1,1,1,1,3
9960342,3,1,1,3,1,2,4,2,1,1,2,2,2,1,2,2,1,1,2,3
9960341,3,1,1,2,3,2,2,2,1,1,2,1,2,1,2,2,1,1,1,3
9714688,3,1,1,3,3,2,4,2,1,1,3,2,2,2,2,1,1,1,3,3
9704596,3,1,1,2,1,2,4,2,1,1,2,2,2,2,2,2,1,1,1,3
9717766,3,1,1,3,1,2,4,2,1,1,2,2,2,2,2,2,1,1,2,3
9973095,3,1,1,2,4,1,3,2,1,1,1,2,2,1,2,2,1,1,1,3
9647855,3,1,1,3,3,2,1,2,1,1,2,2,2,2,2,2,1,1,3,3
9654976,3,1,1,2,3,2,4,2,1,1,2,2,2,1,2,1,2,1,1,3
9652510,3,1,1,2,3,2,3,2,1,1,3,2,2,2,2,1,1,1,1,3
9985645,3,1,1,3,1,2,4,2,2,1,2,2,2,2,2,1,1,1,2,3
9698641,3,1,1,3,1,2,4,2,1,1,2,2,2,2,2,2,1,1,1,3
9716774,3,1,1,2,3,2,1,2,1,1,2,2,2,1,2,2,1,1,1,3
9738142,3,1,1,2,1,2,3,2,1,1,2,2,2,1,2,2,1,1,1,3
9673111,3,1,1,2,1,2,1,1,1,2,2,2,2,1,2,2,1,1,2,3
9741885,3,1,1,2,1,2,3,2,1,1,2,2,2,1,2,2,1,1,2,3
9676394,3,1,1,2,1,2,1,1,1,2,2,2,2,1,2,3,1,1,1,3
9969762,3,1,1,3,1,2,4,2,1,2,2,2,2,1,2,3,1,1,1,3
9675812,3,1,1,2,2,2,2,1,1,2,2,2,2,1,2,1,1,1,2,3
9651484,3,1,1,3,3,2,2,2,1,1,2,2,2,1,2,2,1,1,3,3
9659628,3,1,1,2,1,2,3,1,1,2,2,2,2,1,2,2,1,2,2,3
9663398,3,1,1,2,1,2,3,1,1,2,3,2,2,1,2,3,1,1,1,3
9969761,3,1,1,3,3,2,4,2,1,1,2,2,2,2,2,2,1,1,1,3
9960339,3,1,3,2,4,2,2,2,4,1,1,1,2,2,2,2,1,1,1,3
9650194,3,2,2,3,3,2,2,2,4,1,2,2,2,1,2,1,1,1,1,3
9961814,3,2,1,3,3,2,4,2,1,1,2,2,2,2,2,2,1,1,1,3
9969760,3,2,1,3,1,2,4,2,1,1,2,2,2,2,2,2,1,1,1,3
9971376,3,2,1,3,3,2,4,2,1,1,2,2,2,2,2,2,1,1,1,3
9978920,3,2,3,3,4,2,4,2,3,1,1,2,1,2,2,2,1,1,1,3
9960391,3,2,2,2,3,2,4,2,4,1,2,2,2,1,2,2,1,1,1,3
9667796,3,2,2,3,1,2,3,2,4,1,3,2,2,1,2,3,1,1,1,3
9698638,3,2,1,3,1,2,4,1,1,1,2,2,2,2,2,1,1,1,1,3
9671714,3,1,2,3,1,2,2,2,4,1,2,2,2,1,2,2,1,1,2,3
9744209,3,1,2,3,1,2,4,2,4,1,2,2,2,1,2,1,1,1,1,3
9961434,3,1,2,3,1,2,4,2,4,1,2,1,2,1,2,2,1,1,1,3
9704508,3,1,2,2,2,2,2,2,4,1,2,2,2,1,2,2,1,1,1,3
9654126,3,1,1,2,1,2,2,2,1,1,2,2,2,2,2,2,1,1,2,3
9958531,3,1,1,3,1,2,4,2,1,1,2,2,2,2,2,2,1,1,3,3
9678499,3,1,1,2,1,2,3,2,1,1,2,2,2,1,2,2,1,1,3,3
9659066,3,1,1,3,3,2,2,2,1,1,2,2,2,2,2,2,2,1,3,3
9656503,3,1,1,2,5,2,1,2,1,1,1,2,2,1,2,1,3,1,1,3
9645835,3,1,1,2,3,2,1,2,1,1,2,2,2,1,2,1,1,1,3,3
9997788,3,1,1,3,3,1,4,2,1,1,2,1,2,2,2,1,1,1,3,3
9971374,3,1,1,2,3,2,4,2,1,1,2,2,2,2,2,2,1,1,1,3
9711750,3,1,1,2,1,2,3,2,1,1,2,2,2,1,2,1,1,1,1,3
9713561,3,1,1,2,3,2,1,2,1,1,2,2,2,2,2,2,2,1,2,3
9647997,3,1,3,2,3,2,3,1,3,2,2,1,2,1,2,2,1,1,1,3
9667795,3,1,1,3,1,2,3,1,1,2,3,2,2,1,2,3,1,1,1,3
9960336,3,1,1,3,3,2,4,2,1,1,2,2,2,2,2,2,1,2,1,3
9665791,3,1,1,2,2,2,1,1,1,2,2,2,2,2,2,2,1,1,1,3
9668216,3,1,1,3,1,2,3,1,1,2,2,2,2,1,2,1,1,1,1,3
9966073,3,1,2,3,1,2,4,2,3,1,2,2,2,1,2,2,1,1,3,3
9966478,3,1,2,3,1,2,4,2,4,1,3,2,2,2,2,2,1,1,1,3
9956169,3,1,2,3,1,2,4,2,4,1,2,2,2,2,2,3,2,1,3,2
9685281,3,1,2,3,1,2,3,2,4,1,2,2,2,1,2,3,1,1,1,3
9980029,3,1,2,3,1,2,4,2,4,1,2,2,1,1,1,2,1,1,3,3
9645797,3,1,1,2,1,2,3,2,1,1,3,2,2,1,2,2,1,1,3,3
9698627,3,1,1,3,1,2,4,2,1,1,3,2,2,2,2,2,1,2,2,3
9744707,3,1,1,2,1,2,1,2,1,1,3,2,2,1,2,3,1,1,1,3
9649185,3,1,1,2,1,2,2,2,1,1,2,2,2,1,2,2,1,1,1,3
9651316,3,1,1,3,2,2,1,2,1,1,2,2,2,1,2,1,1,1,1,3
9711737,3,1,1,2,3,2,3,2,1,1,2,2,2,2,2,1,1,1,1,3
9683063,3,1,1,2,3,2,3,2,1,1,2,1,2,1,2,1,1,1,1,3
9971370,3,1,1,2,1,2,4,2,1,1,3,2,2,2,2,2,1,2,1,3
9654865,3,1,1,2,2,2,2,2,1,1,2,2,2,1,2,3,1,1,1,3
9977925,3,1,1,3,1,2,3,2,2,1,2,2,2,2,2,2,1,1,1,3
9987464,3,1,3,3,1,2,4,2,4,1,2,2,1,2,2,2,1,2,1,3
9698624,3,1,2,3,1,2,4,2,4,1,2,2,2,2,2,2,1,1,1,3
9692854,3,1,1,3,2,2,1,2,1,1,2,2,2,2,2,2,1,1,2,3
9644388,3,1,1,3,1,2,4,2,1,1,3,2,2,2,2,2,1,1,3,3
9648937,3,1,1,3,1,2,2,2,1,1,2,2,2,2,2,2,1,1,2,3
9651802,3,1,1,2,2,2,3,2,1,1,2,2,2,2,2,3,1,1,1,3
9648935,3,1,1,3,1,2,3,2,1,1,2,2,2,2,2,1,1,1,1,3
9985641,3,1,1,3,1,2,4,2,1,1,2,2,2,2,2,2,1,1,3,3
9660224,3,1,1,3,1,2,3,1,1,1,2,1,2,2,2,2,1,1,1,3
9742680,3,1,1,2,2,2,2,2,1,1,2,2,1,1,2,1,1,1,3,3
9975175,3,1,1,2,1,2,4,2,1,1,2,2,2,2,2,2,1,1,3,3
9961809,3,1,1,3,1,2,4,2,1,1,2,2,2,2,2,2,1,1,2,3
9672550,3,1,1,2,2,2,3,2,1,1,2,2,2,1,2,3,1,1,1,3
9967065,3,1,2,2,3,2,3,1,4,2,2,2,2,2,2,1,1,1,2,3
9718177,3,1,1,3,3,2,2,1,1,2,2,2,2,2,2,2,2,1,2,3
9642257,3,1,1,2,1,2,3,2,1,1,2,2,2,2,2,2,1,2,2,3
9718458,3,1,1,2,3,2,4,1,1,2,2,2,2,2,2,2,1,1,3,3
9652685,3,1,1,2,3,2,3,1,1,2,2,2,2,1,2,1,1,1,3,3
9665982,3,1,1,3,1,2,2,1,1,2,2,2,2,1,2,2,1,1,1,3
9985638,3,1,1,3,4,2,4,1,1,2,1,1,2,1,2,2,1,1,3,3
9960327,3,1,1,2,3,2,2,2,2,1,2,2,2,2,2,2,1,1,2,3
9978515,3,2,2,3,1,2,4,1,4,2,2,2,2,1,2,2,1,1,2,3
9960326,3,2,1,2,3,2,2,2,1,1,2,1,2,1,2,2,1,1,1,3
9726447,3,2,1,3,1,2,4,2,1,1,2,2,2,1,2,2,1,1,1,3
9648927,3,2,1,2,1,2,1,2,1,1,2,2,2,1,2,1,1,1,1,3
9738141,3,2,1,2,1,2,3,2,1,1,2,2,2,1,2,2,1,1,3,3
9644632,3,2,1,2,1,2,3,2,1,1,2,2,2,2,2,2,1,1,1,3
9666978,3,2,2,2,2,2,1,1,4,2,2,1,2,1,2,2,1,1,1,3
9655861,3,2,2,3,3,2,4,1,4,2,2,2,2,1,2,2,1,1,1,3
9708556,3,2,1,2,1,1,4,2,1,1,2,2,2,2,2,2,1,1,1,3
9647833,3,2,1,3,1,2,1,2,1,1,2,2,2,2,2,2,3,1,1,3
9698621,3,2,1,3,4,2,4,2,4,1,1,2,2,2,2,2,1,1,1,3
9984910,3,1,2,3,1,2,4,2,4,1,2,2,2,1,2,2,1,1,1,3
9744146,3,1,2,3,1,2,4,2,4,1,2,2,2,1,2,2,1,1,1,3
9969232,3,1,2,3,1,2,4,2,4,1,2,1,2,1,2,3,1,1,1,3
9969749,3,1,2,3,3,2,4,2,4,1,2,2,2,2,2,2,1,1,2,3
9984911,3,1,2,3,1,2,4,2,4,1,2,2,2,1,2,1,1,1,1,3
9961426,3,1,2,3,1,2,4,2,1,1,2,2,2,2,2,2,1,1,1,3
9961427,3,1,1,3,1,2,4,2,1,1,2,2,2,2,2,2,1,1,1,3
9668550,3,1,1,3,3,2,2,2,1,1,2,2,2,2,2,2,1,2,1,3
9641086,3,1,1,2,1,2,2,2,1,1,2,2,2,2,2,2,1,1,1,3
9638432,3,1,1,2,4,2,3,2,1,1,1,2,2,2,2,2,1,2,1,3
9684028,3,1,1,2,1,2,4,2,1,1,2,2,2,2,2,2,1,1,1,3
9684027,3,1,1,2,3,2,4,2,1,1,2,2,2,2,2,1,1,1,1,3
9971367,3,1,1,3,1,2,4,2,1,1,2,2,2,2,2,2,1,1,3,3
9638900,3,1,1,2,4,2,1,2,1,1,1,2,2,1,2,2,1,1,3,3
9647807,3,1,1,3,2,2,1,2,1,1,2,2,2,1,2,3,1,1,1,3
9698619,3,1,3,3,1,2,4,2,4,1,2,2,2,2,2,2,1,2,2,2
9966071,3,1,2,3,3,2,4,2,3,1,2,2,1,2,1,2,1,1,3,3
9993714,3,1,2,3,1,2,4,2,3,1,2,2,2,2,2,2,1,2,1,3
9966070,3,1,2,3,1,2,4,2,3,1,2,2,2,2,2,1,1,1,1,3
9658552,3,1,2,2,2,2,3,1,4,1,2,2,2,2,2,3,1,2,1,3
9738140,3,1,1,2,3,2,3,2,1,1,2,2,2,1,2,2,1,1,1,3
9698617,3,1,1,3,1,2,4,2,1,1,2,2,2,2,2,2,1,1,2,3
9651610,3,1,1,2,4,2,3,1,1,1,1,2,2,1,2,2,1,1,3,3
9648097,3,1,1,2,2,2,2,2,1,1,2,2,2,1,2,2,1,1,1,3
9663973,3,1,1,2,1,2,3,2,1,1,2,2,2,1,2,1,3,1,1,3
9709729,3,1,1,2,1,2,3,2,1,1,2,2,2,1,2,2,1,1,1,3
9651627,3,1,1,2,3,2,2,2,1,1,2,2,2,2,2,1,1,1,3,3
9974159,3,1,1,3,1,2,4,2,1,1,2,2,2,2,2,2,2,1,3,3
9985394,3,1,3,3,3,2,4,2,4,1,2,2,2,1,2,2,1,1,3,3
9650178,3,1,2,3,3,2,3,2,4,1,2,2,2,2,2,2,1,1,1,3
9984902,3,1,2,3,3,2,4,2,4,1,2,2,2,2,2,2,1,1,3,3
9649165,3,1,1,3,3,2,2,2,1,2,2,1,2,1,2,2,1,1,1,3
9731709,3,1,1,2,2,2,2,2,1,1,2,2,2,1,2,2,1,1,1,3
9738139,3,1,1,2,1,2,3,2,1,1,2,2,2,1,2,2,1,1,2,3
9651821,3,1,1,3,3,2,3,2,1,1,2,2,2,2,2,2,1,1,2,3
9972938,3,1,2,3,4,2,4,2,4,1,1,1,2,2,2,2,1,1,1,3
9672555,3,1,2,2,4,1,3,2,3,1,1,2,2,2,2,2,2,1,1,3
9635748,3,1,1,2,1,2,4,2,1,1,2,2,2,1,2,3,3,1,1,3
9644549,3,1,1,2,3,2,1,2,1,1,2,2,2,2,2,2,1,2,2,3
9742339,3,1,1,2,1,2,2,1,1,1,3,2,2,1,2,3,1,1,1,3
9647702,3,1,1,3,3,2,4,2,1,1,2,2,2,1,2,2,1,1,1,3
9644768,3,1,1,2,1,2,4,2,1,1,2,2,2,2,2,2,1,1,1,2
9644544,3,1,1,2,3,2,3,2,1,1,2,2,2,2,2,2,1,1,1,3
9633461,3,1,1,3,1,2,3,2,1,1,2,2,2,2,2,1,1,1,2,3
9631128,3,1,1,3,3,2,4,2,1,1,2,2,2,1,2,2,1,1,3,3
9637639,3,1,1,3,3,2,4,2,1,1,2,2,2,2,2,1,1,1,1,3
9658126,3,1,2,3,3,2,1,2,4,1,2,2,2,1,2,2,1,1,2,3
9637638,3,1,1,3,1,2,4,2,1,1,2,2,2,2,2,2,1,1,1,3
9638911,3,1,1,2,3,2,3,2,1,1,2,2,2,1,2,2,1,1,3,3
9637636,3,1,1,3,1,2,4,2,1,1,2,2,2,2,2,2,1,1,1,3
9746657,3,1,1,2,4,2,3,2,1,1,1,2,2,1,2,2,1,1,3,3
9960725,3,1,1,3,3,2,4,2,1,1,2,2,2,2,2,2,2,1,1,3
9708555,3,1,1,2,1,1,3,2,1,1,2,2,2,1,2,2,1,1,2,3
9662264,3,1,1,2,3,2,3,2,1,1,2,2,2,1,2,2,1,1,1,3
9647612,3,1,1,3,1,2,2,2,1,1,2,2,2,1,2,2,1,1,1,3
9806436,3,1,1,2,4,2,2,2,1,1,1,2,2,1,2,2,1,1,1,3
9976866,3,1,1,2,1,2,4,2,1,1,3,2,2,2,2,2,1,1,2,3
9636705,3,1,1,3,1,2,4,2,2,1,2,2,2,2,2,2,1,1,3,3
9674549,3,1,1,2,1,2,2,2,1,1,2,2,2,2,2,2,1,1,1,3
9655857,3,2,2,3,1,2,4,2,4,1,2,2,2,1,2,2,1,1,1,3
9971362,3,2,1,2,1,2,4,2,1,1,2,2,2,2,2,2,1,1,1,3
9633439,3,2,1,2,4,2,2,2,1,1,1,1,2,1,2,2,1,1,1,3
9643535,3,2,2,3,3,2,4,2,4,1,2,2,2,2,2,1,1,2,3,3
9642087,3,2,2,3,2,2,1,2,4,1,2,2,2,2,2,2,3,1,1,3
9968214,3,2,1,2,3,2,4,2,1,1,2,2,2,2,2,2,1,1,1,3
9960935,3,2,1,3,3,2,4,2,1,1,2,2,2,2,2,1,1,1,3,3
9729545,3,2,1,3,1,2,3,2,1,1,2,2,2,2,2,2,1,1,1,3
9642073,3,2,1,2,3,2,3,2,2,1,2,2,2,2,2,2,1,1,3,3
9646400,3,2,1,3,3,2,2,2,4,1,2,2,2,1,2,2,1,1,1,3
9984892,3,2,3,3,1,2,4,2,3,1,2,2,2,2,2,2,1,1,3,3
9674545,3,1,2,2,1,2,2,2,4,1,2,2,2,2,2,1,1,1,1,3
9973768,3,1,2,3,1,1,4,1,4,1,2,2,2,1,2,2,1,1,1,3
9972935,3,1,2,3,3,2,4,2,3,1,2,2,2,1,2,2,1,1,3,3
9965716,3,1,2,3,1,2,4,2,3,1,2,2,2,2,2,2,1,1,1,3
9964734,3,1,2,3,1,2,4,2,4,1,3,2,2,2,2,3,1,1,1,3
9634661,3,1,1,2,1,2,3,2,1,1,2,2,2,1,2,2,1,1,1,3
9960723,3,1,1,3,3,2,4,2,1,1,2,2,2,2,2,2,1,2,1,3
9643270,3,1,1,2,2,2,1,2,1,1,2,2,2,2,2,2,1,1,1,3
9645393,3,1,1,2,1,2,1,1,1,2,2,2,2,2,2,2,1,1,1,3
9635532,3,1,1,2,1,2,2,1,1,2,2,2,2,1,2,2,1,1,1,3
9744059,3,1,1,2,1,2,2,1,1,2,2,2,2,1,2,2,1,1,1,3
9990834,3,1,3,3,1,2,4,1,3,2,2,1,2,1,2,2,1,1,1,3
9710564,3,1,1,3,1,2,4,2,1,1,2,1,2,1,2,2,1,2,1,3
9667178,3,1,1,2,1,2,4,2,1,1,2,2,2,1,2,2,1,1,2,3
9628918,3,1,1,2,1,2,3,2,1,1,2,2,2,1,2,2,1,1,1,3
9636578,3,1,1,3,4,2,2,2,1,1,1,2,2,1,2,2,3,2,3,3
9969735,3,1,1,3,1,2,4,2,1,1,2,2,2,2,2,3,1,1,2,3
9972303,3,1,1,3,1,2,4,2,1,1,2,2,2,2,2,2,1,1,2,3
9985630,3,1,3,3,5,2,4,2,4,1,1,1,2,2,2,2,1,1,3,3
9658543,3,1,2,2,1,2,3,1,4,1,2,2,2,2,2,2,1,1,1,3
9654122,3,1,2,2,4,2,2,2,3,1,1,2,2,1,2,1,1,1,2,3
9641281,3,1,2,2,2,2,1,2,4,1,2,2,2,1,2,3,2,1,1,3
9654121,3,1,2,2,4,2,2,2,3,1,1,2,2,1,2,2,1,2,1,3
9647134,3,1,1,2,5,2,1,2,1,1,1,1,2,1,2,2,1,2,1,3
9656687,3,1,1,2,2,2,3,2,1,1,2,2,2,1,2,1,1,2,2,3
9978510,3,1,1,3,3,2,4,2,1,1,2,1,2,1,2,1,1,1,1,3
9638077,3,1,1,2,3,2,2,2,1,1,2,2,2,2,2,1,1,2,1,3
9650959,3,1,1,3,3,2,3,2,1,1,2,2,2,2,2,1,1,1,1,3
9659763,3,1,1,2,2,2,2,2,1,1,2,1,2,1,2,2,1,1,1,3
9969731,3,1,1,3,1,2,4,2,1,1,2,2,2,2,2,2,1,1,1,3
9670628,3,1,2,3,4,2,2,2,4,1,1,2,2,1,2,2,1,1,1,3
9638071,3,1,2,3,1,2,3,2,4,2,2,2,2,1,2,3,1,1,1,3
9663655,3,1,2,3,3,2,3,1,4,2,2,2,2,2,2,2,1,1,1,3
9638068,3,1,2,3,1,2,3,1,4,2,3,2,2,1,2,1,1,1,1,3
9741458,3,1,2,2,3,2,3,2,1,1,2,2,2,2,2,2,1,2,2,3
9655845,3,1,2,3,1,2,4,1,1,2,2,2,2,1,2,1,1,1,1,3
9707266,3,1,1,2,3,2,1,2,1,1,2,1,2,2,2,1,1,1,2,3
9971356,3,1,1,3,3,2,4,1,2,2,2,2,2,2,2,2,1,1,3,3
9806421,3,1,1,2,3,2,3,1,1,2,3,2,2,1,2,2,1,1,3,3
9689612,3,1,1,2,4,2,1,1,1,2,1,2,2,2,2,2,1,1,1,3
9689611,3,1,1,2,4,2,1,1,1,2,1,2,2,2,2,1,1,1,1,3
9630675,3,1,1,2,2,2,3,1,1,1,2,2,2,2,2,1,1,1,2,3
9641388,3,1,1,2,3,2,3,2,1,1,2,2,2,1,2,2,1,1,2,3
9632707,3,1,1,2,2,2,2,2,1,1,2,2,2,2,2,2,1,1,1,3
9706166,3,1,3,2,3,2,3,1,4,2,2,2,2,2,2,2,1,2,3,3
9636487,3,1,3,3,2,2,3,1,4,2,2,2,2,2,2,2,1,1,3,3
9971353,3,1,1,2,3,2,4,2,1,1,2,2,2,2,2,2,1,1,3,3
9659436,3,1,1,3,1,2,3,2,1,1,2,2,2,2,2,2,1,1,1,3
9978508,3,1,1,3,3,2,4,2,1,1,2,1,2,2,2,1,1,1,3,3
9978507,3,1,1,3,3,2,4,2,1,1,2,1,2,1,2,3,1,1,2,3
9649198,3,1,1,2,2,2,1,2,1,1,2,2,2,1,2,1,1,1,1,3
9647750,3,1,1,3,1,2,1,2,1,1,2,2,2,1,2,2,1,1,2,3
9971352,3,1,1,3,1,2,4,2,1,1,2,2,2,2,2,2,1,1,3,3
9985627,3,2,2,3,1,2,4,2,4,1,2,2,1,1,2,2,1,1,1,3
9959435,3,2,2,3,1,2,4,2,4,1,2,2,2,2,2,2,1,1,3,2
9960718,3,2,2,3,1,2,4,2,1,1,2,2,2,2,2,2,1,1,1,3
9634317,3,2,1,2,3,2,3,2,1,1,2,2,2,1,2,2,1,1,1,3
9960302,3,2,1,3,3,2,4,2,1,1,3,2,2,2,2,2,1,1,2,3
9634252,3,2,1,3,4,2,1,2,1,1,1,2,2,2,2,2,3,1,1,3
9960717,3,2,1,3,1,2,4,2,1,1,2,2,2,1,2,1,1,1,1,3
9719346,3,2,1,2,4,2,1,2,1,1,1,1,2,2,2,1,1,1,1,3
9654119,3,2,3,2,5,2,2,2,3,1,1,2,2,2,2,2,1,1,1,3
9972929,3,2,3,3,3,2,4,2,4,1,2,2,2,2,2,2,1,1,3,3
9724973,3,1,2,3,3,2,3,2,4,1,2,2,2,2,2,2,1,1,3,3
9965695,3,1,2,3,1,2,4,2,4,1,2,2,2,2,2,2,1,1,1,3
9988422,3,1,2,3,1,2,4,2,4,1,2,2,2,2,2,2,1,1,2,3
9990057,3,1,2,3,3,1,4,2,4,1,2,2,2,2,2,1,1,1,1,3
9990059,3,1,2,3,1,1,4,2,4,1,2,2,2,1,2,1,1,1,1,3
9649154,3,1,1,3,1,2,2,2,1,1,2,2,2,1,2,2,1,1,1,3
9630819,3,1,1,3,3,2,2,2,1,1,2,2,2,2,2,2,1,1,3,3
9735689,3,1,1,2,1,2,3,2,1,1,2,2,2,1,2,2,1,1,2,3
9659526,3,1,1,3,1,2,2,2,1,1,3,2,2,1,2,2,3,1,1,3
9437782,3,1,1,2,1,2,2,2,1,1,2,2,2,1,2,2,1,1,1,3
9662374,3,1,1,2,1,2,3,1,1,1,2,2,2,1,2,2,1,2,3,3
9632696,3,1,1,2,1,2,2,2,1,1,2,2,2,2,2,2,3,1,2,3
9984878,3,1,2,3,1,2,4,2,3,2,2,2,1,1,2,2,1,1,3,3
9994360,3,1,2,3,3,2,4,2,4,1,2,2,2,2,2,3,1,1,3,3
9965692,3,1,2,3,3,2,4,2,1,1,2,2,2,2,2,2,1,1,2,3
9731693,3,1,1,2,3,2,3,2,1,1,2,2,2,1,2,1,1,1,1,3
9714767,3,1,1,2,1,2,3,2,1,1,2,2,2,2,2,2,1,1,1,3
9703395,3,1,1,2,2,2,4,1,1,1,2,2,2,2,2,1,1,1,1,3
9989700,3,1,1,2,3,2,4,2,1,1,2,2,2,1,2,2,1,1,3,3
9627196,3,1,1,3,3,2,3,1,1,1,2,1,2,2,2,2,1,1,3,3
9960928,3,1,2,3,3,2,4,2,3,1,2,2,2,2,2,2,1,1,3,3
9668712,3,1,1,3,3,2,3,2,1,1,2,2,2,1,2,2,1,1,1,3
9715703,3,1,1,3,3,2,4,2,1,1,2,2,2,2,2,2,1,1,2,3
9708262,3,1,1,3,3,2,2,2,1,1,2,2,2,1,2,2,1,2,2,3
9971803,3,1,1,3,1,2,4,2,1,1,3,2,2,2,2,1,1,2,1,3
9436380,3,1,1,2,3,2,2,2,1,1,2,2,2,2,2,2,1,1,2,3
9711049,3,1,1,2,2,2,1,2,1,1,2,1,2,2,2,1,1,1,1,3
9975914,3,1,1,2,1,2,4,2,1,1,2,1,2,2,2,2,1,1,2,3
9674304,3,1,1,2,1,2,2,2,1,1,2,1,2,2,2,1,1,1,1,3
9997566,3,1,1,2,3,1,3,2,1,1,2,2,2,1,2,2,1,1,3,3
9650445,3,1,1,3,3,2,3,2,2,1,2,2,2,2,2,2,1,1,3,3
9628605,3,1,3,2,1,2,3,2,4,1,3,2,2,1,2,1,1,1,1,3
9687696,3,1,2,3,3,2,2,2,2,1,2,2,2,2,2,2,1,2,1,3
9977892,3,1,1,3,4,2,3,1,1,2,1,1,2,2,2,2,1,1,1,3
9960294,3,1,1,2,3,2,4,1,1,2,3,2,2,2,2,3,1,1,3,3
9977890,3,1,1,3,4,2,3,1,1,2,1,1,2,2,2,2,1,1,1,3
9744029,3,1,1,3,1,2,3,1,1,1,2,1,2,1,2,2,1,1,1,3
9987446,3,1,1,3,1,2,4,2,1,1,2,2,2,2,2,2,1,1,1,3
9467784,3,1,2,2,2,2,3,2,4,1,3,1,2,2,2,3,1,1,3,3
9744021,3,1,1,2,4,2,1,2,1,1,1,2,2,2,2,2,1,1,1,3
9650135,3,1,1,2,1,2,1,2,1,1,2,2,2,1,2,1,1,1,2,3
9728968,3,1,1,2,2,2,1,2,1,1,2,2,2,1,2,2,1,1,1,3
9634945,3,1,1,2,4,2,1,1,1,1,1,2,2,2,2,2,1,1,3,3
9669483,3,1,1,2,3,2,2,1,1,2,2,2,2,2,2,1,1,1,1,3
9635777,3,1,1,2,1,2,2,1,1,2,2,2,2,2,2,2,1,1,2,3
9633107,3,1,1,3,1,2,2,2,1,1,2,2,2,1,2,1,1,1,1,3
9632979,3,1,1,2,3,2,3,2,1,1,2,2,2,1,2,2,1,1,1,3
9629964,3,1,1,2,3,2,3,2,1,1,2,2,2,1,2,2,1,1,1,3
9627187,3,1,1,2,3,2,1,2,1,1,2,2,2,1,2,2,1,1,3,3
9630695,3,1,1,3,2,2,1,2,1,1,3,2,2,2,2,3,1,1,1,3
9650946,3,1,1,3,3,2,3,2,1,1,2,2,2,2,2,1,1,1,1,3
9629961,3,2,2,2,2,2,3,2,4,1,2,2,2,1,2,1,1,1,2,3
9655803,3,2,2,3,1,2,4,2,1,1,2,2,2,2,2,2,1,1,1,3
9636699,3,2,1,3,1,2,4,2,1,1,2,2,2,2,2,2,1,1,1,3
9638954,3,2,1,2,3,2,3,2,1,1,2,2,2,1,2,2,1,1,1,3
9968171,3,2,1,2,3,2,4,2,1,1,2,2,2,2,2,2,1,1,3,3
9969719,3,2,2,2,4,2,4,2,1,1,1,2,2,2,2,2,1,1,1,3
9969718,3,2,1,3,3,2,4,2,1,1,2,2,2,2,2,2,1,1,2,3
9970808,3,2,1,2,1,2,4,2,1,1,2,2,2,2,2,1,1,1,1,3
9960925,3,2,1,3,1,2,4,2,1,1,2,2,2,2,2,2,1,1,1,3
9967039,3,2,3,3,1,2,3,2,4,1,2,2,2,2,2,2,1,1,1,3
9642260,3,2,3,2,3,2,1,2,4,1,2,2,2,1,2,2,1,1,1,3
9636693,3,1,2,3,1,2,4,2,4,1,2,2,2,2,2,2,1,1,1,3
9637603,3,1,2,3,1,2,4,2,4,1,3,2,2,2,2,1,1,2,1,3
9990258,3,1,2,2,4,2,4,2,1,1,2,2,2,1,2,2,1,1,1,2
9627155,3,1,1,2,3,2,3,2,1,1,2,1,2,2,2,2,1,1,3,3
9627006,3,1,1,3,3,2,2,2,1,1,2,2,2,1,2,2,1,1,3,3
9627495,3,1,1,2,1,2,3,1,1,1,2,2,2,2,2,2,1,2,2,3
9628624,3,1,1,3,1,2,4,1,1,1,2,2,2,2,2,2,1,1,2,3
9631753,3,1,1,3,2,2,2,2,1,1,2,2,2,2,2,1,1,1,1,3
9974085,3,1,1,2,2,2,4,2,1,2,2,2,2,2,2,2,1,1,2,3
9990053,3,1,3,3,3,1,4,1,3,2,2,2,2,2,2,1,1,1,3,3
9972925,3,1,2,3,1,2,4,2,4,1,2,2,2,1,2,2,1,1,1,3