Crash ID,Date,Day of Week,Time,Lane Count,Crash Type,Functional Class,Speed Limit,Environmental Conditions,Light Conditions,Surface Condition,Total Vehicles Involved,Curve Related,Alcohol Involved,Distracted Driving Involved,Drugged Driver Involved,Older Driver Involved,Temp Traffic Control Zone,Traffic Controls Present,Vehicle Type,Severity
9979422,3,1,2,3,1,2,4,2,3,1,3,2,2,2,2,3,1,1,1,3
9982527,3,1,2,3,1,2,4,2,3,1,2,2,2,2,2,2,1,1,3,3
9974954,3,1,2,3,1,2,4,2,3,2,3,2,2,1,2,2,1,2,1,3
9635413,3,1,1,1,1,2,2,2,1,1,2,2,2,2,2,1,3,1,2,3
9635462,3,1,1,3,3,2,3,2,1,1,2,2,2,2,2,1,1,2,3,3
9985623,3,1,1,3,4,2,4,2,1,1,1,2,2,1,2,1,1,1,1,3
9499039,3,1,1,2,3,2,1,1,1,2,2,2,2,2,2,2,1,1,1,3
9538733,3,1,3,1,4,2,2,1,4,2,1,1,2,2,2,2,1,2,1,3
9960711,3,1,1,3,1,2,4,2,1,1,2,2,2,1,2,1,1,1,1,3
9974488,3,1,1,3,1,2,4,2,1,2,2,2,2,2,2,2,1,1,1,3
9730690,3,1,1,2,4,2,3,1,1,2,1,2,2,1,2,3,1,1,2,3
9658517,3,1,1,3,1,2,3,1,1,1,2,2,2,1,2,2,1,1,1,3
9434858,3,1,1,2,1,2,3,1,1,1,2,1,2,1,2,2,1,1,2,3
9990256,3,1,1,3,4,2,4,2,1,1,1,1,2,2,2,2,1,1,1,3
9576257,3,1,1,3,1,2,2,1,1,2,2,2,2,2,2,2,1,1,1,3
9576565,3,1,1,2,1,2,3,1,1,1,2,2,2,2,2,2,1,1,3,3
9641804,3,1,1,2,1,1,3,2,1,2,2,2,2,1,2,1,1,1,1,3
9971341,3,1,1,3,3,2,4,2,1,1,2,2,2,2,2,2,1,1,1,3
9743465,3,1,1,2,3,2,4,1,1,2,2,1,2,1,2,3,1,2,1,3
9985620,3,1,1,3,1,2,4,1,1,2,2,2,2,2,2,2,1,1,1,3
9579374,3,1,1,2,3,2,3,2,1,2,2,2,2,2,2,2,1,1,3,3
9667812,3,1,1,3,1,2,2,1,1,2,3,2,2,1,2,2,1,1,1,2
9650876,3,1,2,3,3,2,4,2,4,1,2,2,2,2,2,1,1,1,1,3
9625986,3,1,2,3,1,2,3,2,4,1,2,2,2,1,2,2,1,1,1,3
9969715,3,1,2,3,1,2,4,2,3,1,3,2,2,1,2,3,1,1,2,2
9984035,3,1,2,3,3,1,4,2,3,1,2,2,2,2,2,2,1,1,2,3
9743460,3,1,2,1,1,2,2,2,4,1,2,2,2,1,2,2,1,1,1,3
9648048,3,1,1,3,1,2,4,2,1,1,2,2,2,2,2,3,1,1,1,3
9961788,3,1,1,3,1,2,4,2,1,1,2,2,2,1,2,2,1,1,1,3
9666118,3,1,1,2,4,2,4,1,1,2,1,2,2,1,2,2,1,1,3,3
9724800,3,1,1,2,4,2,2,2,1,1,1,2,2,1,2,2,1,1,3,3
9730688,3,1,1,2,2,2,2,1,1,2,2,2,2,2,2,1,1,1,1,3
9627318,3,1,1,3,3,2,2,2,1,1,2,2,2,2,2,2,1,1,1,3
9725037,3,1,1,3,3,2,1,1,1,2,2,2,2,1,2,2,1,1,1,3
9985618,3,1,3,3,1,2,4,1,4,2,2,1,2,2,2,2,1,1,2,3
9483597,3,1,1,3,1,2,1,1,1,2,3,2,2,1,2,2,1,1,1,3
9969713,3,1,1,3,4,2,4,2,1,1,1,2,2,2,2,2,1,2,2,3
9628658,3,1,1,2,1,2,1,1,1,2,2,2,2,1,2,2,1,1,2,3
9639983,3,1,3,2,3,2,1,1,4,2,3,2,2,1,2,2,3,1,1,3
9628651,3,2,1,3,1,2,2,1,1,2,2,2,2,1,2,2,1,1,1,3
9985617,3,2,1,3,1,2,4,1,1,2,2,2,2,2,2,2,1,1,1,3
9968149,3,2,1,2,4,2,4,1,1,2,1,1,2,2,2,2,1,1,1,3
9625942,3,2,2,2,1,2,1,1,1,2,2,2,2,1,2,1,1,1,1,3
9654694,3,2,1,3,1,2,4,2,1,1,2,1,2,1,2,2,1,1,1,3
9712415,3,1,2,2,4,2,4,1,4,2,1,2,2,1,2,1,1,1,1,3
9738951,3,1,1,3,2,2,2,2,1,1,2,2,2,2,2,2,1,1,2,2
9579427,3,1,1,3,3,2,4,2,1,1,2,2,2,2,2,1,1,1,3,3
9990253,3,1,1,3,1,1,4,2,1,1,2,2,2,1,2,2,1,1,1,3
9503054,3,1,1,2,1,2,2,2,1,1,2,2,2,1,2,2,1,2,2,3
9673815,3,1,1,2,3,2,3,2,1,1,2,2,2,1,2,1,1,1,2,3
9974948,3,1,2,3,3,2,4,1,4,2,2,2,2,2,2,2,1,1,1,3
9545288,3,1,1,3,1,2,4,2,1,1,2,2,2,1,2,1,1,1,1,3
9970806,3,1,1,2,3,2,4,2,1,1,2,2,2,2,2,1,1,1,3,3
9960921,3,1,1,3,5,2,4,2,1,1,1,2,2,2,2,2,1,1,1,3
9632376,3,1,1,2,2,2,1,2,1,1,2,2,2,1,2,2,1,1,3,3
9631801,3,1,1,3,3,2,2,2,1,1,2,2,2,1,2,3,1,1,1,3
9576506,3,1,1,2,1,2,3,2,1,1,3,2,2,1,2,2,1,1,1,3
9731644,3,1,1,2,2,2,1,2,1,1,2,2,2,1,2,2,1,2,1,3
9989856,3,1,1,2,2,1,3,2,1,1,2,1,2,2,2,2,1,3,1,3
9501342,3,1,1,2,3,2,1,2,1,1,2,2,2,2,2,1,1,1,3,3
9654691,3,1,2,3,3,2,4,2,4,1,2,2,2,2,2,2,1,1,1,3
9625897,3,1,2,2,3,2,3,2,1,1,2,2,2,1,2,2,1,2,1,3
9968157,3,1,2,2,3,2,4,2,1,1,2,1,2,2,2,2,1,1,3,3
9953866,3,1,2,2,4,2,3,2,1,1,1,2,2,1,2,2,1,1,1,3
9958214,3,1,1,3,1,2,4,2,1,1,3,2,2,2,2,2,1,2,1,3
9632435,3,1,1,2,3,2,2,2,1,1,2,2,2,1,2,2,1,1,1,3
9655826,3,1,1,3,5,2,4,2,1,1,1,2,2,2,2,2,1,1,1,3
9806456,3,1,1,2,3,2,2,2,1,1,2,2,2,2,2,2,1,1,3,3
9730682,3,1,1,3,4,2,3,2,1,1,1,2,2,1,2,3,1,1,1,3
9971336,3,1,1,2,1,2,4,2,1,1,2,2,2,2,2,2,1,2,3,3
9969703,3,1,1,3,4,2,4,2,1,1,2,2,2,2,2,2,1,1,3,3
9959747,3,1,1,3,1,2,4,2,1,1,2,1,2,2,2,2,1,1,1,3
9969206,3,1,2,3,1,2,4,2,3,1,2,2,2,1,2,2,1,1,1,3
9503034,3,1,2,2,3,2,2,2,4,1,2,2,2,2,2,2,1,1,2,3
9579020,3,1,1,3,4,2,4,2,1,1,1,2,2,2,2,2,1,1,1,3
9875644,3,1,1,2,3,2,1,2,1,1,2,2,2,1,2,2,1,1,1,3
9679965,3,1,1,2,4,2,1,2,1,1,1,2,2,1,2,2,1,2,3,3
9464735,3,1,1,2,4,2,1,2,1,1,1,2,2,2,2,2,1,1,3,3
9576349,3,1,1,3,3,2,2,2,1,1,2,2,2,2,2,2,3,1,1,3
9969691,3,1,1,3,1,2,4,2,2,1,2,2,2,1,2,2,1,1,2,3
9743402,3,1,2,1,2,2,2,2,4,1,2,1,2,2,2,3,1,1,1,3
9965654,3,1,2,3,3,2,4,2,4,1,3,2,2,2,2,2,1,2,1,3
9977859,3,1,2,3,3,2,3,2,4,1,2,2,2,2,2,3,1,1,1,3
9488255,3,1,2,2,4,2,2,2,1,1,1,2,2,2,2,3,1,1,1,3
9979967,3,1,1,3,1,2,4,2,1,1,2,2,2,2,2,2,1,1,1,3
9969689,3,1,1,3,3,2,4,2,1,1,2,2,2,1,2,3,1,1,1,3
9990250,3,1,1,3,3,1,4,2,1,1,2,2,2,2,2,1,1,1,1,3
9462382,3,1,3,2,3,2,3,2,4,1,2,2,2,2,2,2,1,1,1,3
9844273,3,2,2,2,1,2,3,2,1,1,3,2,2,1,2,2,1,1,2,3
9972627,3,2,1,3,4,1,3,2,1,1,1,1,2,2,2,2,1,1,1,2
9977855,3,2,2,3,4,2,3,2,1,1,2,1,2,1,2,1,1,1,1,3
9961383,3,2,1,3,1,2,4,2,1,1,3,2,2,2,2,2,1,2,1,3
9566698,3,2,3,2,1,2,3,2,4,1,2,2,1,1,2,2,1,1,3,2
9985611,2,1,2,3,3,2,4,2,3,1,2,1,2,2,2,2,1,1,3,3
9712409,2,1,2,2,1,2,4,2,1,1,2,2,2,1,2,2,1,2,1,3
9567898,2,1,1,2,1,2,1,1,1,1,2,2,2,2,2,2,1,1,1,3
9971334,2,1,1,2,1,2,4,1,1,2,3,1,2,2,2,1,1,1,3,3
9743370,2,1,1,3,3,2,3,1,1,2,2,2,2,1,2,2,1,2,1,3
9990794,2,1,1,1,1,2,4,1,1,2,3,2,2,2,2,1,1,1,1,3
9978487,2,1,1,3,3,2,4,2,1,1,2,1,2,2,2,3,2,1,2,3
9516824,2,1,1,3,3,2,2,2,1,2,2,2,2,1,2,2,1,1,1,3
9969684,2,1,1,3,4,2,4,2,1,1,2,2,2,2,2,2,1,1,3,3
9473147,2,1,3,3,3,2,4,2,4,1,2,2,2,2,2,2,1,1,3,3
9579016,2,1,2,3,1,2,4,2,4,1,2,2,2,2,2,2,1,1,1,3
9648042,2,1,2,2,1,2,1,2,4,1,2,1,2,1,2,2,1,1,1,3
9973499,2,1,2,3,1,2,4,2,3,1,2,2,2,2,2,2,1,1,1,3
9639148,2,1,1,2,1,1,4,2,1,1,2,1,2,2,2,3,1,1,1,3
9968128,2,1,1,2,3,2,4,2,1,1,2,2,2,2,2,2,1,1,2,3
9523000,2,1,1,3,3,2,1,2,1,1,2,2,2,1,2,2,1,1,1,3
9959430,2,1,1,3,4,2,4,2,1,1,1,2,2,2,2,2,1,1,1,3
9632777,2,1,1,3,1,2,2,2,1,1,2,2,2,2,2,2,3,1,1,3
9447820,2,1,1,3,1,2,2,2,1,1,2,1,2,2,2,2,1,2,1,3
9959428,2,1,1,3,1,2,4,2,1,1,3,2,2,2,2,2,2,1,3,3
9488482,2,1,1,2,4,2,1,2,1,1,1,2,2,1,2,2,1,1,1,3
9522997,2,1,3,2,4,2,3,2,4,1,1,2,2,2,2,3,3,1,1,3
9960918,2,1,3,3,1,2,4,2,3,1,2,2,2,1,2,1,1,2,3,2
9572033,2,1,1,2,1,2,3,2,1,1,3,2,2,2,2,2,1,1,1,3
9641078,2,1,1,2,1,2,2,2,1,1,2,2,2,2,2,2,2,1,2,3
9567906,2,1,1,3,5,2,2,2,1,1,2,2,2,2,2,2,1,1,1,3
9978484,2,1,1,3,3,2,4,2,1,1,2,2,2,2,2,3,1,1,3,3
9962138,2,1,1,2,1,2,4,2,1,1,2,2,2,2,2,2,1,1,2,3
9558089,2,1,1,3,3,2,3,2,1,1,2,2,2,1,2,2,1,1,3,3
9991504,2,1,3,3,3,2,4,2,4,1,2,2,2,1,2,2,1,1,3,3
9971332,2,1,2,2,1,2,4,2,4,1,2,2,2,2,2,2,1,1,2,3
9960239,2,1,2,2,3,2,2,2,4,1,2,1,2,2,2,2,1,1,3,3
9441451,2,1,1,3,3,2,3,2,1,1,2,1,2,1,2,2,1,1,1,3
9969678,2,1,1,3,1,2,4,2,1,1,3,2,2,2,2,3,1,1,2,3
9523485,2,1,1,3,1,2,3,2,1,1,2,2,2,2,2,2,1,1,1,3
9568155,2,1,1,3,4,2,3,2,1,1,1,2,2,1,2,2,1,1,3,3
9730681,2,1,1,2,1,2,3,2,1,1,2,2,2,1,2,3,1,1,1,3
9649861,2,1,1,2,5,2,1,2,1,1,1,2,2,2,2,2,1,1,1,3
9518930,2,1,1,2,2,2,3,2,1,1,2,2,2,2,2,2,1,1,1,3
9960237,2,1,1,3,1,2,4,2,1,1,2,2,2,2,2,2,1,1,2,3
9635983,2,1,1,3,3,2,3,2,1,1,2,2,2,1,2,3,1,1,3,3
9650919,2,1,1,2,4,2,1,2,1,1,1,1,2,2,2,2,1,1,1,3
9522803,2,1,2,2,4,2,2,2,4,1,1,2,2,1,2,2,1,1,1,3
9712407,2,1,2,2,4,2,4,2,4,1,1,2,2,1,2,2,1,1,1,3
9629812,2,1,1,3,1,2,4,2,1,1,2,2,2,1,2,2,2,1,1,3
9730679,2,1,1,2,1,2,2,2,1,1,2,2,2,1,2,2,1,1,2,3
9702825,2,1,1,2,1,2,2,2,1,1,2,2,2,1,2,3,1,1,1,3
9992819,2,1,1,2,4,1,3,2,1,1,1,2,2,1,2,2,1,1,1,3
9960236,2,1,1,3,3,2,4,2,1,1,2,1,2,2,2,2,1,1,1,3
9996671,2,1,1,3,1,2,4,2,1,1,2,2,2,2,2,2,2,2,1,3
9431294,2,1,1,3,3,2,2,2,1,1,2,2,2,1,2,2,1,1,3,3
9488119,2,1,1,2,3,2,1,2,1,1,2,2,2,1,2,2,1,1,3,3
9973420,2,1,1,2,1,2,3,2,1,1,2,2,2,1,2,1,2,1,3,3
9741660,2,1,1,3,1,2,2,2,1,1,2,2,2,1,2,2,1,1,1,3
9960233,2,1,1,2,1,2,2,2,1,1,2,2,2,2,2,1,1,1,1,3
9969676,2,1,3,3,4,2,4,2,1,1,1,2,2,2,2,3,1,2,1,3
9963124,2,2,2,2,1,2,4,2,1,1,2,2,2,2,2,2,1,1,1,3
9429371,2,2,1,2,1,2,3,2,1,1,2,2,2,2,2,2,1,1,1,3
9579005,2,2,3,3,4,2,4,2,4,1,1,2,2,1,2,2,1,1,1,3
9973739,2,2,2,3,3,2,4,2,4,1,2,2,2,2,2,2,1,1,1,3
9579002,2,2,1,3,1,2,4,2,1,1,2,2,2,2,2,2,1,1,1,3
9960231,2,2,1,2,4,2,2,2,1,1,1,1,2,2,2,2,1,1,1,3
9969670,2,2,1,3,1,2,4,2,1,1,2,2,2,1,2,2,1,1,1,3
9447807,2,2,1,3,1,2,2,2,1,1,2,2,2,1,2,2,1,1,1,3
9567477,2,2,1,3,3,2,3,2,1,1,2,2,2,1,2,2,1,1,1,3
9973496,2,2,3,3,4,2,4,2,3,1,1,2,2,1,2,2,1,1,3,3
9973384,2,1,2,3,3,2,4,2,4,1,2,2,2,2,2,2,1,1,3,3
9576675,2,1,1,3,1,2,4,2,1,1,2,2,2,1,2,2,1,1,1,3
9501051,2,1,1,2,1,2,3,2,1,1,2,1,2,1,2,2,1,1,1,3
9515926,2,1,1,3,1,2,2,2,1,1,2,1,2,1,2,2,1,1,1,3
9483581,2,1,1,2,1,2,4,2,1,1,2,2,2,1,2,3,1,1,1,3
9538740,2,1,1,3,1,2,2,2,1,1,2,2,2,1,2,2,1,1,1,3
9488641,2,1,1,2,3,2,3,2,1,1,2,2,2,2,2,1,1,1,1,3
9473146,2,1,2,3,1,2,4,2,4,1,3,2,2,2,2,1,1,2,3,3
9418344,2,1,2,3,3,1,4,2,4,1,2,2,2,1,2,2,1,2,1,3
9743324,2,1,2,2,1,2,2,2,4,1,2,2,2,1,2,2,1,1,1,3
9972912,2,1,2,3,1,2,4,2,4,1,2,2,2,2,2,1,1,2,3,2
9429749,2,1,2,2,1,2,2,2,2,1,2,2,2,1,2,2,1,1,1,3
9650916,2,1,1,3,1,2,3,2,1,1,3,2,2,1,2,2,1,1,2,3
9960226,2,1,1,2,1,2,2,2,1,1,2,2,2,2,2,2,1,1,1,2
9567677,2,1,1,3,1,2,3,2,1,1,2,2,2,2,2,3,1,1,1,3
9624534,2,1,1,2,3,2,2,2,1,1,2,2,2,2,2,2,1,1,1,3
9748773,2,1,1,2,1,2,3,2,1,1,2,2,2,1,2,2,1,1,1,3
9530002,2,1,1,3,1,2,2,2,1,1,2,2,2,1,2,1,3,1,1,3
9558098,2,1,1,3,3,2,3,2,1,1,2,1,2,2,2,2,1,1,3,3
9508598,2,1,1,2,3,2,3,2,1,1,2,2,2,1,2,1,1,1,2,3
9730269,2,1,1,2,3,2,3,2,1,1,2,2,2,1,2,2,2,2,1,3
9627565,2,1,1,2,2,2,3,2,1,1,2,1,2,2,2,3,1,1,1,3
9967024,2,1,1,2,1,2,3,2,1,1,3,2,2,1,2,2,1,1,1,3
9735246,2,1,1,2,1,2,2,2,1,1,2,2,2,1,2,2,1,1,2,3
9633928,2,1,1,3,5,2,3,1,1,2,1,2,2,2,2,2,1,1,1,3
9965628,2,1,1,3,4,2,4,1,1,2,1,1,2,2,2,2,1,1,1,3
9518445,2,1,3,3,3,2,2,2,4,1,2,2,2,2,2,2,1,1,1,3
9977843,2,1,2,3,1,2,3,2,4,1,2,2,2,2,2,3,1,1,1,2
9969667,2,1,2,3,3,2,4,2,1,1,3,2,2,1,2,2,1,1,3,3
9694935,2,1,1,2,1,2,1,2,1,1,2,2,2,1,2,2,1,1,1,3
9633926,2,1,1,2,2,2,2,2,1,1,2,2,2,2,2,2,1,1,1,3
9418625,2,1,1,3,1,2,3,2,1,1,2,2,2,1,2,3,1,1,1,3
9419068,2,1,1,3,3,2,2,2,1,1,2,2,2,1,2,2,1,1,1,3
9532069,2,1,1,2,1,2,1,2,1,1,2,2,2,2,2,2,1,1,1,3
9632625,2,1,1,2,1,1,3,2,1,1,3,2,2,1,2,2,3,1,3,3
9961373,2,1,3,3,1,2,4,2,4,1,2,2,2,1,2,2,1,1,2,3
9417784,2,1,3,2,3,2,3,1,4,2,2,2,2,1,2,2,1,1,1,3
9481826,2,1,1,2,4,2,3,1,1,1,1,1,2,2,2,2,1,1,3,3
9990029,2,1,3,3,1,1,4,2,4,1,2,2,2,1,2,2,1,1,1,3
9488447,2,1,2,3,1,2,3,2,4,1,2,2,2,1,2,2,1,1,1,3
9650915,2,1,2,3,1,2,3,2,4,1,3,2,2,2,2,2,1,1,1,3
9961767,2,1,1,3,1,2,4,2,1,1,3,2,2,2,2,2,1,1,2,2
9635999,2,1,1,2,3,2,3,2,1,1,2,2,2,2,2,2,3,1,3,3
9447047,2,1,1,1,4,2,1,2,1,1,1,2,2,1,2,2,1,1,3,3
9457874,2,1,1,2,1,2,4,1,1,1,2,2,2,2,2,1,2,1,3,3
9983434,2,1,1,3,1,2,4,2,1,1,2,2,2,1,2,1,2,1,3,3
9488442,2,1,1,2,4,2,3,2,1,1,1,2,2,2,2,2,1,1,2,3
9960218,2,2,1,2,4,2,2,1,1,2,1,1,2,2,2,2,1,1,1,3
9576662,2,2,2,3,1,2,4,2,4,1,2,2,2,1,2,2,1,2,1,3
9570537,2,2,1,3,3,2,3,2,1,1,2,2,2,2,2,1,1,1,1,3
9477393,2,2,1,2,3,2,3,1,1,1,2,2,2,2,2,2,1,2,2,3
9969660,2,2,1,3,1,2,4,2,1,1,2,2,2,2,2,2,1,1,1,3
9968105,2,2,1,2,1,2,4,2,1,1,2,1,2,2,2,2,1,1,2,3
9958967,2,2,1,3,4,2,3,1,1,2,1,2,2,1,2,2,1,1,1,3
9971914,2,2,3,3,2,2,3,1,4,2,3,2,2,2,2,2,1,1,1,3
9995641,2,1,2,3,1,2,4,1,3,2,2,2,2,2,2,2,1,1,1,3
9437746,2,1,1,2,1,2,1,2,1,1,2,2,2,1,2,2,1,1,1,3
9625779,2,1,1,3,2,2,1,2,1,1,2,2,2,1,2,1,3,1,1,3
9464761,2,1,1,3,2,2,3,2,1,1,2,2,2,2,2,2,1,1,1,2
9487887,2,1,1,3,2,2,3,2,1,1,2,2,2,1,2,2,1,1,3,3
9978857,2,1,1,2,3,2,4,2,1,1,2,2,2,2,2,2,1,1,3,3
9977834,2,1,3,3,3,2,4,2,2,1,2,2,2,2,2,2,1,1,1,3
9488816,2,1,2,3,1,2,3,2,4,1,2,2,1,1,2,2,1,2,3,2
9480510,2,1,2,2,3,2,3,2,4,1,2,2,2,2,2,2,1,2,1,3
9481746,2,1,2,3,1,2,4,2,3,1,2,2,2,2,2,1,2,2,1,3
9517042,2,1,2,2,3,2,2,2,4,1,2,2,2,2,2,2,1,2,2,3
9961369,2,1,1,3,1,2,4,2,1,1,2,2,2,2,2,2,1,1,1,3
9561172,2,1,1,3,3,2,3,2,1,1,2,2,2,2,2,2,1,1,3,3
9971326,2,1,1,2,1,2,4,2,1,1,2,2,2,2,2,1,1,1,1,3
9990237,2,1,1,3,1,1,4,2,1,1,2,1,2,1,2,2,1,1,1,3
9634519,2,1,1,2,1,2,4,2,1,1,2,2,2,1,2,2,1,1,1,3
9632737,2,1,1,2,4,2,3,2,1,1,1,2,2,1,2,2,1,1,3,3
9500850,2,1,1,2,3,2,4,2,1,1,2,2,2,2,2,1,1,1,3,3
9994295,2,1,2,3,1,2,4,2,3,1,2,2,2,2,2,1,1,3,1,2
9439776,2,1,2,2,3,2,1,2,1,1,2,2,2,1,2,2,1,1,3,3
9578985,2,1,2,3,1,2,4,2,1,1,2,2,2,2,2,2,1,1,1,3
9960210,2,1,1,3,1,2,4,2,1,1,2,2,2,1,2,2,1,1,1,3
9742102,2,1,1,2,2,2,2,2,1,1,2,2,2,1,2,1,1,1,1,3
9488814,2,1,1,2,3,2,2,2,1,1,2,2,2,2,2,2,1,1,3,3
9466022,2,1,1,2,1,2,4,2,1,1,2,2,2,1,2,2,1,2,2,3
9478705,2,1,1,3,1,2,3,2,1,1,2,2,2,2,2,1,1,1,3,3
9431907,2,1,1,2,2,2,1,2,1,1,2,1,2,1,2,2,1,1,1,3
9431906,2,1,1,3,3,2,1,2,1,1,2,2,2,1,2,2,1,1,2,3
9985349,2,1,1,3,1,2,4,2,1,1,2,2,2,2,2,2,2,1,3,3
9735244,2,1,1,2,1,2,2,2,1,1,2,2,2,1,2,2,1,2,2,3
9441491,2,1,2,2,4,2,2,2,4,2,1,2,1,2,2,2,1,1,1,3
9654685,2,1,2,3,4,2,3,2,4,1,1,2,2,2,2,2,1,1,1,3
9687148,2,1,2,3,4,2,3,2,3,1,1,2,2,2,2,2,1,1,1,3
9710554,2,1,2,2,4,2,3,2,3,1,1,2,2,2,2,2,1,1,1,3
9534301,2,1,2,3,4,2,3,2,4,1,1,2,2,2,2,2,1,1,1,3
9957275,2,1,2,3,3,2,4,1,4,2,2,2,2,2,2,2,1,1,3,3
9978469,2,1,2,3,3,2,4,1,4,2,2,2,2,1,2,1,1,2,1,3
9654684,2,1,2,3,1,2,4,2,4,2,2,1,2,1,2,2,1,1,1,3
9529817,2,1,2,3,3,2,4,2,4,1,2,2,2,2,2,3,2,1,3,3
9573993,2,1,1,2,1,2,4,1,1,1,2,2,2,2,2,2,1,1,1,3
9448863,2,1,1,3,1,2,4,1,1,2,3,2,2,2,2,2,1,1,2,3
9985602,2,1,1,3,3,2,4,2,1,1,2,2,2,1,2,2,1,1,1,3
9520587,2,1,1,3,1,2,2,2,1,2,2,2,2,1,2,1,2,1,1,3
9429078,2,1,1,2,1,2,2,1,1,1,2,2,2,2,2,3,1,1,1,3
9418336,2,1,1,2,1,2,4,1,1,2,2,2,2,1,2,1,1,1,1,3
9634513,2,1,1,3,1,2,4,2,1,1,2,2,2,2,2,3,1,1,1,3
9726036,2,1,1,2,4,2,2,2,1,2,1,2,2,2,2,1,1,1,1,3
9955853,2,1,1,3,3,2,4,2,1,1,2,2,2,2,2,2,1,1,2,3
9466812,2,1,1,2,3,2,1,2,1,1,2,1,2,1,2,2,1,2,1,3
9436659,2,1,1,2,4,2,2,2,1,1,1,2,2,1,2,2,3,1,3,3
9478703,2,1,1,3,1,2,3,1,1,1,3,2,2,2,2,1,1,1,2,3
9486624,2,1,1,3,3,2,1,2,1,1,2,2,2,1,2,2,1,1,3,3
9971137,2,1,1,2,3,2,3,2,1,1,2,2,2,2,2,2,1,1,1,3
9985603,2,1,1,3,3,2,4,2,1,1,2,1,2,1,2,2,1,1,3,3
9968789,2,1,3,3,1,2,4,2,4,1,2,1,2,2,2,2,1,1,3,3
9521317,2,1,2,2,1,2,1,2,1,1,2,2,2,1,2,2,1,1,1,3
9578980,2,1,1,3,1,2,4,1,1,2,2,2,2,2,2,2,1,1,1,3
9578979,2,1,1,3,1,2,4,1,1,2,2,2,2,2,2,2,1,1,2,3
9488188,2,1,1,3,1,2,2,1,1,2,2,2,2,1,2,2,1,1,1,3
9466001,2,1,1,3,1,2,3,2,1,1,2,2,2,1,2,2,1,1,1,3
9714180,2,1,1,2,2,2,1,1,1,2,2,2,2,1,2,2,1,1,2,3
9466000,2,1,1,2,2,2,2,2,1,1,2,2,2,1,2,1,1,1,3,3
9445602,2,1,1,3,3,2,2,1,1,2,2,2,2,1,2,1,1,1,3,3
9539072,2,1,1,2,3,2,3,1,1,2,2,2,2,2,2,3,2,1,3,3
9417610,2,1,1,2,3,2,3,1,1,2,2,2,2,2,2,2,1,1,1,3
9712394,2,2,2,2,4,2,4,2,3,1,1,1,2,1,2,2,1,1,1,3
9977823,2,2,1,3,3,2,3,2,1,1,2,2,2,1,2,3,1,1,1,3
9997185,2,2,1,3,1,2,4,2,1,1,2,2,2,2,2,2,1,1,3,3
9457522,2,2,1,3,1,2,4,1,1,2,2,2,2,1,2,2,1,1,1,3
9990236,2,2,1,3,3,1,4,1,1,2,2,2,2,1,2,1,1,1,1,3
9731406,2,2,1,2,1,1,4,1,1,2,2,1,2,1,2,2,1,1,2,3
9417790,2,2,1,2,1,2,3,1,1,2,2,1,2,2,2,2,1,1,1,3
9500075,2,2,1,2,1,2,1,1,1,2,2,1,2,2,2,2,1,1,1,3
9673285,2,2,3,2,2,2,2,2,4,1,2,2,2,1,2,2,1,1,1,3
9742083,2,1,2,2,1,2,4,2,4,1,3,2,2,1,2,2,1,1,1,3
9578970,2,1,1,3,3,2,4,2,1,1,2,2,2,2,2,2,1,1,1,3
9440509,2,1,1,3,1,2,2,2,1,1,2,2,2,2,2,1,1,1,1,3
9440504,2,1,1,3,2,2,2,2,1,1,2,2,2,2,2,2,1,1,1,3
9486130,2,1,1,2,1,2,4,2,1,1,2,2,2,2,2,2,1,1,1,3
9997184,2,1,3,3,1,2,4,2,4,1,2,1,2,2,2,2,1,1,3,3
9534109,2,1,3,2,1,2,4,2,4,1,2,2,2,1,2,2,1,1,3,3
9965586,2,1,2,3,1,2,4,2,3,1,3,2,2,1,2,2,1,1,1,3
9502605,2,1,2,3,1,2,2,2,4,1,2,2,2,1,2,2,1,1,2,3
9990026,2,1,2,3,1,1,4,2,3,1,2,2,2,2,2,2,1,1,1,3
9980632,2,1,2,3,3,2,4,2,3,1,2,2,2,2,2,1,1,1,3,3
9578967,2,1,2,3,1,2,4,2,1,1,2,2,2,2,2,2,1,1,1,3
9464749,2,1,1,3,1,2,3,2,1,1,2,2,2,1,2,3,1,1,1,3
9977815,2,1,1,3,1,2,3,2,1,1,2,2,2,2,2,2,1,1,1,3
9483316,2,1,1,2,2,2,1,2,1,1,2,2,2,2,2,1,1,1,3,3
9793144,2,1,1,2,2,2,1,2,1,1,2,2,2,1,2,2,1,2,1,3
9534293,2,1,1,3,1,2,4,2,1,1,2,2,2,1,2,2,1,1,1,3
9558097,2,1,1,3,1,2,3,2,1,1,2,2,2,1,2,2,1,1,3,2
9534524,2,1,1,2,1,2,4,2,1,1,3,2,2,2,2,2,1,1,1,3