Crash ID,Date,Day of Week,Time,Lane Count,Crash Type,Functional Class,Speed Limit,Environmental Conditions,Light Conditions,Surface Condition,Total Vehicles Involved,Curve Related,Alcohol Involved,Distracted Driving Involved,Drugged Driver Involved,Older Driver Involved,Temp Traffic Control Zone,Traffic Controls Present,Vehicle Type,Severity
9966390,2,1,3,3,1,2,4,1,3,2,2,2,2,1,2,2,2,1,1,3
9997183,2,1,2,3,3,2,4,2,3,1,2,2,2,2,2,1,1,1,3,3
9534522,2,1,2,1,2,2,3,2,4,1,2,2,2,2,2,1,2,1,1,3
9486560,2,1,1,2,1,2,2,2,1,1,2,2,2,1,2,1,1,1,1,3
9545280,2,1,1,2,3,2,4,2,1,1,2,1,2,2,2,2,1,1,1,3
9633851,2,1,1,3,1,2,2,2,1,1,2,2,2,2,2,2,1,1,1,3
9440315,2,1,1,3,3,2,3,2,1,1,2,2,2,1,2,2,1,1,1,3
9978465,2,1,1,3,3,2,4,2,1,1,2,1,2,2,2,2,1,1,1,3
9978464,2,1,1,2,4,2,3,2,1,1,1,1,2,1,2,2,1,1,1,3
9741463,2,1,1,2,4,2,1,2,1,1,2,2,2,2,2,2,1,1,3,3
9534427,2,1,1,2,2,2,2,2,1,1,2,2,2,2,2,2,2,1,1,3
9731404,2,1,1,2,1,1,4,2,1,1,2,1,2,1,2,2,1,1,1,3
9567012,2,1,3,2,3,2,3,2,4,1,2,1,2,1,2,2,1,1,2,3
9643639,2,1,1,3,1,2,1,2,1,1,2,2,2,2,2,3,1,1,1,3
9633846,2,1,1,3,1,2,1,2,1,1,2,2,2,2,2,2,1,1,1,3
9477817,2,1,1,3,1,2,3,2,1,1,2,2,2,1,2,3,1,1,2,3
9561005,2,1,1,2,1,2,3,2,1,1,2,2,2,1,2,2,1,1,2,3
9558601,2,1,1,2,3,2,2,2,1,1,2,2,2,2,2,1,1,1,3,3
9998141,2,1,3,3,3,2,4,2,1,1,2,2,2,2,2,2,1,1,3,3
9741862,2,1,2,2,3,2,3,2,4,1,2,2,2,1,2,2,1,1,1,3
9545277,2,1,1,3,1,2,4,2,1,1,2,2,2,1,2,2,1,1,1,3
9711839,2,1,1,2,1,2,2,2,1,1,2,2,2,1,2,2,3,1,1,3
9523195,2,1,1,2,3,2,1,2,1,1,2,2,2,1,2,1,1,1,1,3
9954559,2,1,1,3,1,2,4,2,1,1,3,2,2,2,2,2,1,1,2,3
9523194,2,1,1,2,4,2,1,2,1,1,1,1,2,2,2,1,1,1,1,3
9523193,2,1,1,2,4,2,1,2,1,1,1,1,2,2,2,3,1,1,1,3
9523192,2,1,1,2,4,2,1,2,1,1,1,1,2,2,2,2,1,1,1,3
9702820,2,1,1,2,1,2,2,2,1,1,2,2,2,1,2,1,1,1,1,3
9436660,2,1,1,2,2,2,2,2,1,1,2,2,2,2,2,2,1,1,3,3
9730350,2,1,1,3,1,2,4,2,1,1,3,2,2,1,2,2,1,1,2,3
9965582,2,2,2,3,3,2,4,2,4,1,2,1,2,2,2,2,1,1,1,3
9634481,2,2,2,2,1,1,3,2,1,1,2,2,2,1,2,2,1,1,1,3
9534291,2,2,1,3,4,2,3,2,1,1,1,2,2,2,2,2,1,1,1,3
9969635,2,2,1,3,3,2,4,2,1,1,2,2,2,2,2,2,1,1,2,3
9731401,2,2,1,2,1,1,4,2,1,1,2,1,2,1,2,2,1,1,1,3
9485163,2,2,1,2,3,2,1,2,1,1,2,2,2,1,2,2,1,1,1,3
9965034,2,2,3,3,1,2,4,2,4,1,3,2,2,1,2,2,1,1,1,3
9973720,2,2,2,3,1,1,4,2,4,1,2,2,2,2,2,2,1,1,1,3
9977799,2,2,1,3,1,2,3,1,1,1,3,2,2,2,2,1,1,1,2,3
9534507,2,2,1,3,3,2,3,1,1,2,2,2,2,1,2,2,1,3,1,3
9985596,2,2,3,3,3,2,4,2,4,2,2,1,2,2,2,1,1,1,3,3
9985595,2,1,2,3,3,2,4,2,3,2,2,1,2,2,2,2,1,1,3,3
9967009,2,1,2,2,3,2,3,2,4,1,2,2,2,2,2,2,1,1,1,3
9521130,2,1,2,3,4,2,2,2,4,1,1,2,2,1,2,2,1,1,1,3
9534288,2,1,1,3,1,2,4,2,1,1,2,2,2,1,2,2,2,1,1,3
9960898,2,1,1,3,1,2,4,1,1,1,2,2,2,2,2,2,1,1,1,3
9969630,2,1,1,3,1,2,4,2,1,2,2,2,2,2,2,2,1,1,1,3
9555156,2,1,1,3,1,2,2,1,1,2,2,2,2,1,2,1,1,1,1,3
9435037,2,1,1,3,1,2,2,1,1,2,2,2,2,2,2,2,3,1,3,3
9489274,2,1,1,2,4,2,1,1,1,2,1,2,2,1,2,2,1,1,3,3
9969629,2,1,1,3,1,2,4,2,1,1,2,2,2,2,2,1,1,1,3,3
9488041,2,1,1,2,2,2,2,2,1,1,2,2,2,1,2,2,1,1,1,3
9960185,2,1,1,2,4,2,2,2,1,1,2,2,2,1,2,2,1,2,3,3
9633832,2,1,1,3,5,2,1,2,1,1,1,2,2,2,2,2,1,1,1,3
9978461,2,1,1,3,1,2,4,2,1,1,2,1,2,1,2,2,1,1,2,3
9496018,2,1,1,3,4,2,1,2,1,1,1,2,2,1,2,2,1,1,3,3
9461159,2,1,1,3,4,2,3,2,1,1,1,2,2,2,2,2,1,1,1,3
9489249,2,1,1,2,3,2,3,2,1,1,2,2,2,2,2,1,1,1,3,3
9969627,2,1,1,3,1,2,4,2,1,1,3,2,2,2,2,2,1,1,1,3
9990024,2,1,3,3,4,1,4,2,4,1,1,1,1,1,2,2,1,1,1,3
9972237,2,1,1,3,1,2,4,2,1,1,2,2,2,2,2,2,1,1,1,3
9501079,2,1,1,2,2,2,1,2,1,1,2,2,2,2,2,2,3,1,2,3
9461149,2,1,1,2,1,2,3,2,1,1,2,2,2,2,2,1,1,1,1,2
9486685,2,1,1,2,1,2,4,2,1,1,2,2,2,1,2,2,1,1,1,3
9973713,2,1,2,3,3,2,4,1,4,2,2,2,2,2,2,2,1,1,3,3
9477464,2,1,1,3,1,2,3,2,1,1,3,1,2,1,2,2,1,1,2,3
9625730,2,1,1,2,1,2,1,1,1,2,2,2,2,1,2,2,1,1,1,3
9486683,2,1,1,2,3,2,4,1,1,1,2,2,2,2,2,1,1,1,3,3
9533683,2,1,1,3,1,2,1,1,1,2,3,2,2,2,2,2,3,1,2,3
9961346,2,1,1,3,3,2,4,2,1,1,2,2,2,2,2,2,1,1,1,3
9977795,2,1,1,3,4,2,3,2,1,1,2,2,2,2,2,2,1,1,2,3
9633356,2,1,1,2,3,2,2,2,1,1,2,1,2,2,2,2,3,1,1,3
9477284,2,1,3,3,3,2,3,2,4,1,2,2,2,2,2,3,1,1,1,3
9439335,2,1,1,3,1,2,3,2,1,1,2,2,2,1,2,2,1,1,1,3
9969622,2,1,1,3,1,2,4,2,1,1,2,1,2,1,2,2,1,1,1,2
9633351,2,1,1,2,2,2,1,2,1,1,2,2,2,2,2,2,1,1,1,3
9572002,2,1,1,2,3,2,1,2,1,1,2,2,2,1,2,2,1,1,3,3
9439334,2,1,1,3,1,2,3,2,1,1,3,2,2,1,2,3,1,1,1,3
9501223,2,1,1,2,4,2,1,2,1,1,1,2,2,2,2,1,1,1,3,3
9709286,2,1,1,2,1,2,3,2,1,1,2,2,2,1,2,1,1,1,1,3
9641058,2,1,1,3,4,2,3,2,1,1,1,2,2,2,2,1,1,2,1,3
9439532,2,1,1,3,1,2,4,2,1,1,2,2,2,2,2,2,1,1,3,3
9534281,2,1,1,3,1,2,4,2,1,1,2,2,2,1,2,1,2,1,1,3
9453630,2,1,1,2,1,2,3,2,1,1,2,2,2,1,2,1,1,1,2,3
9991868,2,1,1,2,1,1,3,2,1,1,3,2,2,1,2,2,1,1,2,3
9977787,2,2,2,3,3,2,3,2,3,1,2,1,2,2,2,3,1,1,1,3
9635310,2,2,1,3,4,2,3,2,1,1,1,2,2,1,2,2,1,1,1,1
9445591,2,2,1,3,1,2,3,2,1,1,2,2,2,1,2,3,1,1,1,3
9997181,2,2,1,3,1,2,4,2,1,1,2,2,2,1,2,2,1,1,1,3
9969619,2,2,1,3,1,2,4,2,1,1,3,2,2,1,2,2,1,1,1,2
9991480,2,2,3,3,3,2,4,2,4,1,2,2,2,2,2,2,2,1,3,3
9997457,2,2,2,3,3,2,4,2,3,1,2,2,2,2,2,2,1,1,3,3
9997179,2,2,2,3,1,2,4,2,4,1,2,2,2,2,2,1,1,1,1,3
9960176,2,2,1,2,1,2,4,2,1,1,3,2,2,2,2,2,1,1,3,2
9488359,2,2,1,2,1,2,4,2,1,1,2,1,2,1,2,2,1,1,1,3
9416777,2,2,1,2,4,2,1,2,1,1,1,2,2,1,2,2,1,1,3,3
9502594,2,2,1,3,1,2,2,2,1,1,2,2,2,1,2,2,1,1,2,3
9578943,2,1,1,3,3,2,4,1,1,2,2,2,2,2,2,2,1,1,1,3
9629788,2,1,1,3,1,2,4,2,1,1,2,1,2,1,2,2,1,1,1,3
9461126,2,1,1,3,1,2,1,2,1,1,2,2,2,1,2,2,1,1,3,3
9960174,2,1,1,3,3,2,4,2,1,1,2,2,2,2,2,1,1,1,3,3
9960688,2,1,1,3,1,2,4,2,1,1,2,2,2,2,2,2,2,1,3,3
9759966,2,1,1,2,2,2,4,2,1,1,3,2,2,1,2,1,1,1,3,1
9476782,2,1,1,2,1,2,1,2,1,1,2,1,2,1,2,2,1,1,1,3
9968497,2,1,2,3,3,2,4,2,3,1,2,2,2,2,2,2,1,1,2,3
9436211,2,1,2,3,1,2,4,2,1,1,2,1,2,1,2,1,1,1,1,3
9578941,2,1,1,3,1,2,4,2,1,1,2,2,2,2,2,2,1,1,1,3
9449478,2,1,1,2,1,2,2,2,1,1,2,2,2,1,2,3,1,1,1,3
9421688,2,1,1,3,1,2,2,2,1,1,2,2,2,1,2,1,1,1,1,3
9463345,2,1,1,2,3,2,2,1,1,1,2,2,2,1,2,2,1,1,3,3
9970791,2,1,1,2,1,2,4,2,1,1,3,2,2,2,2,2,1,1,1,2
9970790,2,1,1,2,1,2,4,2,1,1,2,2,2,2,2,2,1,1,1,3
9998140,2,1,3,3,3,2,4,1,1,1,2,2,2,2,2,2,1,1,3,3
9960171,2,1,2,2,3,2,2,1,4,2,2,1,2,1,2,1,1,1,3,3
9508514,2,1,2,3,1,2,3,1,1,2,2,2,2,1,2,2,1,1,1,3
9421574,2,1,1,2,4,2,3,1,1,2,2,2,1,1,2,2,1,1,2,2
9439331,2,1,1,3,1,2,3,1,1,2,2,2,2,1,2,2,1,1,2,2
9998138,2,1,1,3,4,2,4,1,1,2,1,1,2,2,2,2,1,1,1,3
9998139,2,1,1,3,1,2,4,1,1,2,2,2,2,2,2,2,1,1,3,3
9464950,2,1,1,2,4,2,2,1,2,2,1,2,2,2,2,2,1,1,2,3
9531852,2,1,1,2,4,2,2,1,2,2,1,2,2,2,2,2,1,1,1,3
9960168,2,1,3,2,4,2,2,1,1,2,1,1,2,2,2,2,1,1,2,3
9997455,2,1,3,3,3,2,4,1,3,2,2,2,2,1,2,2,1,1,3,3
9956045,2,1,2,3,3,2,4,2,3,1,2,2,2,2,2,1,1,1,3,3
9463551,2,1,2,3,1,2,3,2,4,1,2,2,2,1,2,3,1,2,1,3
9990227,2,1,2,3,4,2,4,2,1,1,1,1,2,1,2,2,1,1,1,3
9416101,2,1,2,3,1,2,1,2,1,1,2,2,2,1,2,2,3,1,1,2
9969616,2,1,1,3,1,2,4,2,1,1,2,2,2,1,2,2,1,1,1,3
9985591,2,1,1,3,1,2,4,2,1,1,2,2,2,2,2,1,1,1,1,3
9486324,2,1,1,2,4,2,2,2,1,1,1,1,2,1,2,2,1,1,3,3
9538784,2,1,1,2,1,2,2,1,1,1,2,2,2,1,2,1,1,1,1,3
9506311,2,1,1,2,4,2,3,2,1,1,1,2,2,2,2,2,1,1,1,3
9961336,2,1,1,3,1,2,4,2,1,1,3,2,2,2,2,1,1,1,1,3
9985590,2,1,1,3,3,2,4,2,1,1,3,2,2,2,2,2,1,1,1,3
9557599,2,1,1,2,1,2,3,2,1,1,2,2,2,1,2,2,1,1,3,3
9973378,2,1,1,2,1,2,4,2,1,1,3,2,2,1,2,3,1,1,1,3
9535978,2,1,1,2,3,2,4,1,1,2,2,2,2,1,2,1,3,1,3,3
9473102,2,1,1,3,3,2,2,2,1,1,2,2,2,2,2,2,1,1,3,3
9961745,2,1,1,3,3,2,4,2,1,1,2,2,2,2,2,3,1,1,1,3
9969612,2,1,1,3,1,2,4,2,1,1,3,2,2,2,2,1,1,1,1,3
9972768,2,1,3,3,1,2,4,1,1,2,2,1,2,1,2,1,1,2,2,3
9416168,2,2,2,2,1,2,4,2,1,1,2,1,2,2,2,3,1,1,2,3
9961744,2,2,1,3,1,2,4,2,1,1,2,2,2,2,2,2,1,1,1,3
9966031,2,2,2,3,3,2,4,2,4,1,2,2,2,2,2,3,2,1,1,3
9538123,2,2,2,3,1,2,4,1,1,2,2,2,2,1,2,2,1,1,1,3
9961331,2,2,2,3,1,2,4,1,1,2,3,2,2,2,2,2,1,1,2,3
9960162,2,2,1,2,1,2,4,1,1,2,2,2,2,1,2,2,1,2,1,2
9524797,2,2,1,1,4,2,3,2,1,1,1,1,2,1,2,2,1,1,3,3
9578936,2,2,1,3,1,2,4,2,1,1,2,2,2,2,2,2,1,1,2,3
9551856,2,2,1,2,4,2,2,2,1,1,1,2,2,2,2,3,1,1,1,3
9551855,2,2,1,3,1,2,3,2,1,1,2,2,2,2,2,2,1,1,1,3
9420650,2,2,1,3,3,2,3,2,1,1,2,2,2,2,2,1,2,1,3,3
9990020,2,2,3,3,3,1,4,2,4,1,2,2,1,1,2,2,1,1,3,3
9990223,2,1,2,3,3,1,4,2,4,1,2,2,2,2,2,3,2,1,2,3
9418411,2,1,2,2,4,2,2,2,4,1,1,2,2,1,2,2,1,1,1,3
9551854,2,1,2,2,1,2,2,2,1,1,2,2,2,1,2,2,1,1,2,3
9961329,2,1,1,3,1,2,4,2,1,1,2,2,2,2,2,3,1,2,1,3
9548096,2,1,1,2,3,2,1,2,1,1,2,2,2,1,2,2,1,1,1,3
9432830,2,1,1,2,1,2,3,2,1,1,2,2,2,1,2,2,1,1,2,3
9566534,2,1,1,2,1,2,2,2,1,1,2,2,2,1,2,2,1,2,1,3
9459636,2,1,1,2,4,2,1,2,1,1,1,2,1,1,2,2,1,1,1,3
9464479,2,1,1,2,1,2,1,2,1,1,2,2,2,2,2,2,2,2,1,3
9517372,2,1,1,2,1,2,1,2,1,1,2,2,2,1,2,2,1,1,2,3
9627945,2,1,1,3,3,2,1,2,1,1,2,2,2,2,2,2,1,1,3,3
9996629,2,1,2,3,1,2,4,2,4,1,2,2,2,2,2,1,2,2,2,3
9968781,2,1,2,3,1,2,4,2,4,1,2,2,2,2,2,3,1,1,1,3
9486019,2,1,2,3,3,2,2,2,4,1,2,2,2,2,2,1,1,1,2,3
9739335,2,1,2,1,3,2,2,2,1,1,2,2,2,1,2,2,1,1,1,3
9961324,2,1,1,3,1,2,4,2,1,1,3,2,2,1,2,2,1,1,3,3
9439301,2,1,1,2,3,2,2,2,1,1,2,2,2,2,2,3,1,1,3,3
9741854,2,1,1,2,1,2,3,2,1,1,2,2,2,1,2,3,1,1,1,3
9481292,2,1,1,3,3,2,2,2,1,1,2,2,1,2,1,1,3,1,3,3
9475895,2,1,1,2,1,2,3,2,1,1,2,2,2,1,2,3,2,1,1,3
9978447,2,1,1,3,1,2,4,2,1,1,2,1,2,1,2,2,1,1,1,3
9522078,2,1,1,2,1,2,3,2,1,1,2,2,2,1,2,2,1,1,1,3
9443250,2,1,2,2,3,2,1,2,1,1,2,1,2,2,2,2,1,1,3,3
9446689,2,1,2,2,4,2,1,2,4,1,1,2,2,2,2,3,1,1,1,3
9558336,2,1,2,2,3,2,4,2,4,1,2,2,2,1,2,1,1,1,1,3
9964636,2,1,2,3,1,2,4,2,4,1,2,2,2,2,2,2,1,1,1,3
9960156,2,1,2,2,3,2,2,2,1,1,2,1,2,2,2,1,1,1,1,3
9439317,2,1,1,3,3,2,3,2,1,1,2,2,2,2,2,2,1,1,1,3
9997178,2,1,1,3,3,2,4,2,1,1,2,2,2,2,2,1,1,1,3,3
9462442,2,1,1,2,1,2,2,2,1,1,2,2,2,1,2,1,1,1,1,3
9461470,2,1,1,3,3,2,3,2,1,1,2,2,2,2,2,2,1,1,3,3
9974416,2,1,1,3,1,2,4,2,1,1,2,2,2,2,2,2,2,1,3,3
9712372,2,1,1,2,4,2,4,2,1,1,1,2,2,1,2,2,1,1,1,3
9997542,2,1,1,2,3,1,3,2,1,1,2,2,2,1,2,2,1,1,1,3
9421330,2,1,1,2,1,2,2,2,1,1,2,2,2,1,2,2,1,1,1,3
9736284,2,1,1,2,1,2,3,2,1,1,3,1,2,1,2,3,1,1,1,3
9533770,2,1,3,2,4,2,1,2,4,1,1,1,2,1,2,2,1,2,3,3
9969602,2,1,2,3,1,2,4,2,1,1,2,1,2,1,2,2,1,1,1,3
9960154,2,1,2,3,4,2,4,2,1,2,1,1,2,2,2,3,1,1,1,3
9447291,2,1,2,3,1,2,4,2,1,2,2,2,2,2,2,2,1,1,1,3
9558383,2,1,1,2,1,2,3,1,1,2,2,2,2,1,2,2,1,1,2,3
9712370,2,1,1,2,3,2,4,1,1,2,2,2,2,1,2,3,1,1,1,3
9447290,2,1,1,3,1,2,4,1,1,2,2,2,2,2,2,2,1,1,2,2
9463865,2,1,1,3,1,2,2,2,1,1,2,2,2,2,2,2,1,1,2,3
9713639,2,1,1,2,4,2,3,2,1,1,1,2,2,1,2,1,1,1,1,3
9447162,2,1,1,3,3,2,1,2,1,1,2,2,2,2,2,2,1,1,3,3
9568128,2,1,1,3,1,2,4,2,1,1,2,2,2,1,2,2,1,1,1,3
9515549,2,1,1,2,1,2,3,2,1,1,3,2,2,2,2,2,1,1,1,3
9535063,2,1,1,2,1,2,3,2,1,1,2,2,2,1,2,2,1,1,1,3
9547283,2,1,1,2,1,2,2,2,1,1,2,2,2,1,2,2,1,1,1,3
9499076,2,1,1,3,1,2,3,2,2,1,2,2,2,1,2,2,1,1,2,3
9968035,2,1,1,2,3,2,4,2,1,1,2,2,2,2,2,2,1,1,2,3
9985585,2,2,2,3,1,2,4,2,2,1,2,2,2,2,2,1,1,1,1,3
9421799,2,2,1,2,1,2,2,1,1,2,2,2,2,2,2,1,1,1,1,3
9977762,2,2,1,3,4,2,3,1,1,2,1,2,2,2,2,2,1,1,1,2
9961320,2,2,2,3,3,2,4,2,4,1,2,2,2,2,2,2,1,2,1,3
9960148,2,2,2,3,3,2,4,2,4,1,2,2,2,1,2,2,1,1,1,3
9574356,2,2,1,3,1,2,4,2,1,1,2,2,2,1,2,2,1,1,1,3
9437226,2,2,1,3,3,2,1,2,1,1,2,1,2,2,2,2,3,2,2,3
9447288,2,2,1,3,3,2,4,2,1,1,2,2,2,2,2,2,1,1,1,3
9447287,2,2,1,3,3,2,4,2,1,1,2,2,2,2,2,2,1,1,2,3
9987923,2,2,3,3,1,2,4,2,4,1,2,2,2,1,2,2,1,2,1,3
9973695,2,2,3,3,3,1,4,2,3,1,2,2,2,2,2,2,1,1,2,3
9960680,2,1,2,3,1,2,3,2,1,1,2,2,2,1,2,2,1,1,1,3
9977756,2,1,1,3,1,2,3,2,1,1,2,2,2,2,2,2,1,1,1,3
9985582,2,1,1,3,1,2,4,2,1,1,2,2,2,2,2,2,1,1,3,3
9443791,2,1,1,2,4,2,2,2,1,1,1,2,2,2,2,2,1,1,1,3
9481622,2,1,1,2,1,2,3,2,1,1,2,2,2,1,2,2,1,1,2,3
9447286,2,1,1,3,3,2,4,2,1,1,3,2,2,2,2,2,1,1,1,3
9958164,2,1,2,3,3,2,4,2,4,1,2,2,2,2,2,2,1,1,1,3
9536328,2,1,1,3,3,2,2,2,1,1,2,2,2,2,2,1,1,1,3,3
9482089,2,1,1,1,3,2,1,2,1,1,2,2,2,1,2,2,1,1,2,3
9989303,2,1,1,2,4,1,4,2,1,1,1,2,2,2,2,2,1,1,1,3
9960144,2,1,1,3,1,2,4,2,1,1,3,2,2,2,2,1,1,1,1,3
9444086,2,1,2,3,2,2,3,2,4,1,2,2,2,1,2,3,1,1,1,3
9747756,2,1,2,3,3,2,4,2,4,1,3,2,1,2,1,2,1,1,1,3
9453113,2,1,2,2,3,2,3,2,2,1,2,2,2,1,2,2,1,1,1,3
9419880,2,1,1,2,1,2,3,2,1,1,2,2,2,2,2,2,1,1,1,3
9520113,2,1,1,3,2,2,3,2,1,1,2,2,2,2,2,2,3,1,2,3
9961736,2,1,1,3,3,2,4,2,1,1,2,2,2,2,2,2,1,1,2,3
9561141,2,1,1,2,3,2,2,2,1,1,2,2,2,2,2,2,1,2,1,3
9473317,2,1,1,2,3,2,3,2,1,1,2,2,2,1,2,2,1,1,1,3
9447282,2,1,1,3,1,2,4,2,1,1,2,2,2,2,2,2,1,1,2,3
9649844,2,1,1,2,3,2,2,2,1,1,2,2,2,2,2,2,1,1,2,3
9739162,2,1,1,2,3,2,2,2,1,1,2,2,2,1,2,1,2,1,1,3
9741851,2,1,1,2,1,2,3,2,1,1,2,2,2,1,2,1,1,1,1,3
9566891,2,1,1,3,3,2,2,2,1,1,2,1,2,2,2,3,1,1,1,3
9970784,2,1,1,2,3,2,4,2,1,1,2,2,2,2,2,2,1,1,2,3
9511211,2,1,1,3,1,2,2,2,1,1,2,2,2,1,2,2,1,1,1,3
9730640,2,1,2,2,4,2,4,2,2,1,1,2,2,1,2,2,1,1,1,3
9447281,2,1,1,3,1,2,4,2,1,1,2,2,2,2,2,2,1,1,1,3
9673233,2,1,1,3,1,2,2,2,1,1,2,2,2,1,2,2,1,1,1,3
9482313,2,1,1,2,3,2,2,2,1,1,2,2,2,2,2,2,1,1,1,3
9985579,2,1,1,3,4,2,4,2,1,1,1,1,2,1,2,2,1,1,1,2
9539871,2,1,1,3,3,2,2,2,1,1,2,2,2,1,2,1,1,1,1,3
9484885,2,1,1,3,2,2,1,2,1,1,2,2,2,1,2,2,1,1,1,3
9817341,2,1,1,2,5,2,2,2,1,1,3,2,2,2,2,2,1,1,3,3
9551219,2,1,1,2,1,2,1,2,1,1,2,2,2,1,2,2,1,1,1,3
9992961,2,1,3,3,5,2,4,2,1,1,1,2,2,2,2,2,1,1,1,3
9558333,2,1,2,3,1,2,4,2,4,1,2,2,2,1,2,2,1,1,1,3
9969589,2,1,2,3,1,2,4,2,4,1,2,2,2,2,2,2,1,2,1,3
9968488,2,1,2,3,1,2,4,2,3,1,3,2,2,1,2,2,2,1,1,3
9969588,2,1,1,3,1,2,4,2,1,1,2,2,2,1,2,2,1,1,1,3
9661111,2,1,1,2,1,2,1,2,1,1,2,2,2,1,2,1,1,1,1,3
9444084,2,1,1,3,2,2,3,2,1,1,2,2,2,1,2,2,1,1,2,3
9969587,2,1,1,3,1,2,4,2,1,1,2,1,2,1,2,2,1,1,1,3
9741849,2,1,1,2,1,2,3,2,1,1,2,2,2,1,2,3,1,1,1,3
9434851,2,1,1,2,1,2,2,2,1,1,3,2,2,1,2,2,2,1,1,3
9517366,2,1,1,2,1,2,1,2,1,1,2,2,2,2,2,1,1,1,1,3
9990217,2,1,1,3,1,2,4,2,1,1,2,1,2,1,2,2,1,1,1,3
9567376,2,1,1,2,3,2,2,2,1,1,3,2,2,1,2,2,4,1,3,2
9673229,2,1,3,2,1,2,3,2,4,1,2,2,2,2,2,3,1,1,1,3
9961733,2,2,2,3,1,2,4,2,3,1,2,2,2,2,2,3,1,1,1,3
9969583,2,2,2,3,1,2,4,2,3,1,2,2,2,2,2,2,1,1,1,3
9985575,2,2,1,3,1,2,4,2,1,1,2,2,2,2,2,2,1,1,1,3
9985574,2,2,1,3,1,2,4,2,1,1,2,2,2,2,2,2,1,1,1,3
9985576,2,2,1,3,1,2,4,2,1,1,2,2,2,2,2,2,1,1,1,3
9438346,2,2,1,2,1,2,3,2,1,1,2,2,2,1,2,1,1,1,1,3
9483305,2,2,1,3,1,2,4,2,1,1,2,2,2,2,2,2,1,1,1,3
9524389,2,2,1,3,2,2,2,2,1,1,3,2,2,1,2,2,1,1,1,3
9960137,2,2,1,2,1,2,2,2,1,1,3,1,2,2,2,2,1,1,1,3
9507525,2,2,1,2,3,2,2,2,1,1,2,2,2,1,2,1,2,2,2,3
9960879,2,2,1,3,3,2,4,2,1,1,2,2,2,1,2,2,2,1,3,3
9535146,2,1,2,3,3,2,1,2,1,1,2,2,2,1,2,2,1,1,1,3
9566479,2,1,2,2,1,2,4,2,1,1,2,1,2,1,2,2,1,1,1,3
9574345,2,1,1,3,1,2,4,2,1,1,2,2,2,1,2,3,1,2,1,3
9951497,2,1,1,3,1,2,4,2,1,1,3,2,2,2,2,2,1,1,2,3
9532292,2,1,1,2,1,2,2,1,1,2,2,2,2,2,2,2,1,1,1,3
9961304,2,1,1,3,3,2,4,2,1,1,2,2,2,2,2,2,1,1,3,3
9970911,2,1,1,3,3,2,2,2,1,1,2,2,2,2,2,2,1,1,1,3
9736434,2,1,3,3,3,2,2,2,4,1,2,2,2,1,2,3,1,1,1,3
9990216,2,1,1,3,3,2,4,2,1,1,2,2,2,1,2,1,1,1,1,3
9483301,2,1,1,3,3,2,4,2,1,1,2,2,2,2,2,1,1,1,1,3
9465117,2,1,1,3,3,2,1,2,1,1,2,2,2,2,2,2,3,1,1,3
9881243,2,1,1,2,1,1,3,2,1,1,2,2,2,2,2,1,2,2,1,3
9960130,2,1,1,3,3,2,4,2,1,1,2,2,2,2,2,2,1,2,1,3
9969573,2,1,1,3,1,2,4,2,1,1,3,2,2,2,2,2,1,1,2,3
9483300,2,1,2,3,1,2,4,2,4,1,2,2,2,2,2,2,1,2,1,3
9985572,2,1,2,3,1,2,4,2,4,1,2,1,2,2,2,2,1,1,1,2
9438594,2,1,2,3,3,2,3,2,1,1,2,2,2,2,2,2,1,1,1,3
9736191,2,1,3,3,1,2,4,2,4,1,2,2,2,1,2,2,3,1,1,3
9420426,2,1,2,2,1,2,4,2,1,2,2,1,2,2,2,2,1,1,1,3
9420424,2,1,1,2,1,2,4,2,1,1,2,2,2,2,2,2,1,1,2,3
9436011,2,1,2,2,3,2,4,2,4,1,2,2,2,2,2,2,1,2,1,3
9971295,2,1,2,3,3,2,4,2,1,1,2,2,2,2,2,1,1,1,3,3
9985571,2,1,2,3,4,2,4,2,1,1,1,1,2,2,2,2,1,1,1,3
9438268,2,1,2,2,3,2,2,2,1,1,2,2,2,1,2,1,1,1,2,3
9435277,2,1,1,3,1,2,4,2,1,1,2,2,2,1,2,2,1,1,1,3
9960125,2,1,1,3,1,2,4,2,1,1,2,2,2,1,2,2,1,1,1,3
9514347,2,1,1,2,3,2,2,2,1,1,2,2,2,2,2,2,1,1,3,3
9420449,2,1,1,3,3,2,3,2,1,1,2,2,2,1,2,1,1,2,3,3
9971294,2,1,1,2,1,2,4,2,1,1,3,2,2,2,2,1,1,1,1,3
9483297,2,1,1,3,1,2,4,2,1,1,2,2,2,2,2,2,1,1,1,3
9568303,2,1,1,3,3,2,2,2,1,1,2,2,2,2,2,2,1,1,1,3
9507870,2,1,1,2,3,2,3,2,1,1,2,1,2,1,2,2,1,1,3,3