Crash ID,Date,Day of Week,Time,Lane Count,Crash Type,Functional Class,Speed Limit,Environmental Conditions,Light Conditions,Surface Condition,Total Vehicles Involved,Curve Related,Alcohol Involved,Distracted Driving Involved,Drugged Driver Involved,Older Driver Involved,Temp Traffic Control Zone,Traffic Controls Present,Vehicle Type,Severity
9526861,1,2,1,3,4,2,4,1,1,2,1,2,2,2,2,2,1,1,1,3
9738225,1,2,3,2,4,2,3,2,4,1,1,2,2,1,2,2,1,1,1,3
9960046,1,2,2,3,4,2,4,2,1,2,1,1,2,1,2,3,1,1,2,3
9578926,1,2,1,3,1,2,4,2,1,1,3,2,1,2,2,2,1,1,1,3
9528611,1,2,1,2,1,2,3,2,1,1,2,2,2,2,2,2,1,1,1,3
9459409,1,2,1,2,1,2,2,2,1,1,2,2,2,1,2,2,1,1,1,3
9527636,1,1,1,3,1,2,4,2,1,1,2,2,2,2,2,2,1,1,3,3
9519625,1,1,1,2,1,2,1,2,1,1,2,1,2,2,2,1,2,1,1,3
9549836,1,1,1,2,4,1,3,2,1,1,1,2,2,1,2,1,3,1,1,2
9990190,1,1,1,3,4,2,4,2,1,1,1,1,1,1,2,2,1,2,1,3
9985548,1,1,2,3,3,2,4,2,3,1,2,2,2,2,2,1,1,1,1,3
9463203,1,1,2,3,1,2,3,2,1,1,2,2,2,2,2,2,1,1,1,3
9517284,1,1,1,2,2,1,3,2,1,1,2,2,2,2,2,1,1,1,1,3
9470822,1,1,1,2,3,2,3,2,1,1,2,2,2,2,2,2,1,1,1,3
9617094,1,1,1,2,1,2,2,2,1,1,2,1,2,2,2,1,1,1,1,3
9489263,1,1,1,3,3,2,3,2,1,1,2,2,2,1,2,2,1,1,3,3
9989995,1,1,2,3,1,1,4,2,4,1,3,2,2,1,2,2,1,1,3,3
9968758,1,1,2,3,1,2,4,2,3,1,2,2,2,1,2,1,1,1,1,3
9971259,1,1,1,3,3,2,4,2,1,1,2,2,2,2,2,2,2,1,3,3
9562780,1,1,1,2,5,1,1,2,1,1,2,2,2,1,2,2,1,1,3,3
9435545,1,1,1,2,1,2,3,2,1,1,2,2,2,1,2,1,1,1,2,3
9549865,1,1,1,2,2,2,1,2,1,1,2,2,2,2,2,2,1,1,1,3
9520843,1,1,1,2,2,2,1,2,1,1,2,2,2,2,2,2,2,1,1,3
9459402,1,1,1,2,2,2,2,2,1,1,2,2,2,2,2,3,1,1,1,3
9559547,1,1,1,2,3,2,3,2,1,1,2,2,2,1,2,3,1,1,3,2
9805952,1,1,1,2,2,2,2,2,1,1,3,2,2,2,2,3,3,1,1,3
9988505,1,1,1,3,3,2,4,2,1,1,2,2,2,2,2,1,2,1,2,3
9971257,1,1,1,3,3,2,4,2,1,1,2,2,2,2,2,2,1,1,1,3
9478928,1,1,1,2,3,2,2,2,1,1,2,2,2,2,2,2,2,1,3,3
9526682,1,1,1,3,1,2,4,2,1,1,2,2,2,2,2,2,1,1,2,3
9435544,1,1,1,2,1,2,2,1,1,1,2,2,2,1,2,1,1,1,1,3
9955957,1,1,2,3,1,2,4,1,3,2,2,2,2,1,2,3,1,1,1,3
9511871,1,1,2,2,4,2,2,2,2,1,1,2,2,2,2,2,1,1,1,3
9548671,1,1,1,2,1,2,3,1,1,2,3,2,2,1,2,2,1,1,1,3
9445464,1,1,1,2,1,2,3,1,1,1,2,2,2,1,2,2,1,1,2,3
9500258,1,1,1,3,3,2,1,2,1,1,2,2,2,1,2,2,1,1,3,3
9997436,1,1,2,3,3,2,4,2,4,1,2,2,2,2,2,2,1,1,3,3
9526749,1,1,2,1,2,2,1,2,4,1,2,2,2,2,2,3,1,1,1,3
9463024,1,1,2,2,1,2,1,2,1,1,2,2,2,1,2,1,1,2,1,3
9527635,1,1,1,3,1,2,4,2,1,1,3,2,2,2,2,2,1,1,3,3
9549863,1,1,1,3,1,2,2,2,1,1,2,2,2,1,2,2,1,1,1,3
9435540,1,1,1,2,1,2,4,2,1,1,2,2,2,1,2,2,1,1,1,3
9527634,1,1,1,3,3,2,4,2,1,1,2,2,2,2,2,2,1,1,3,3
9435303,1,1,1,2,1,2,4,2,1,1,2,2,2,1,2,2,1,1,2,3
9535125,1,1,1,2,2,2,2,2,1,1,2,2,2,1,2,2,1,1,1,3
9504508,1,1,1,3,3,2,3,2,1,1,2,2,2,1,2,1,1,1,1,3
9414015,1,1,1,3,1,2,3,2,1,1,2,2,2,2,2,2,2,2,3,3
9971261,1,1,1,3,1,2,4,2,1,1,2,2,2,2,2,2,1,1,2,3
9977659,1,1,1,3,1,2,4,2,1,1,3,2,2,1,2,2,1,1,3,2
9522387,1,2,1,2,1,2,3,2,1,1,3,2,2,2,2,2,1,1,1,3
9510542,1,2,1,2,4,2,3,2,1,1,1,2,2,2,2,2,1,1,1,3
9961252,1,2,2,3,3,2,4,1,2,2,2,2,2,2,2,2,1,1,1,3
9548275,1,2,1,3,3,2,3,1,1,2,2,2,2,1,2,2,3,1,2,3
9548273,1,2,1,2,4,2,2,1,1,2,1,2,2,2,2,2,1,1,1,3
9548272,1,2,1,2,5,2,2,1,1,1,1,2,2,2,2,2,1,1,1,3
9548271,1,2,1,2,4,2,2,1,1,2,1,2,2,2,2,2,1,1,1,3
9556096,1,2,1,2,4,1,4,1,1,2,1,2,2,2,2,2,1,1,1,3
9519187,1,2,3,2,4,2,1,2,4,2,1,2,2,1,2,2,1,1,1,3
9538655,1,1,2,2,4,2,2,2,1,1,1,2,1,1,1,3,1,1,1,3
9478900,1,1,1,3,3,2,1,2,1,1,2,2,2,2,2,2,1,1,3,3
9516647,1,1,1,2,1,2,3,2,1,1,2,2,2,2,2,2,1,1,3,3
9556553,1,1,1,2,2,2,1,2,1,1,2,1,2,2,2,2,1,1,1,3
9866755,1,1,1,3,1,2,2,1,1,2,2,2,2,2,2,2,1,1,1,3
9516941,1,1,1,2,2,2,1,2,1,1,2,2,2,1,2,1,2,1,1,3
9546788,1,1,2,3,1,2,1,1,4,2,3,2,2,1,2,2,1,2,1,3
9502712,1,1,1,3,2,2,2,1,1,2,2,2,2,2,2,2,1,1,1,3
9574336,1,1,1,3,3,2,4,1,1,2,2,2,2,2,2,2,1,1,1,3
9642792,1,1,1,2,1,2,2,2,1,1,2,2,2,1,2,2,3,2,2,3
9971256,1,1,1,2,3,2,4,2,1,1,2,2,2,2,2,2,1,1,3,3
9505608,1,1,1,2,3,2,4,2,1,1,2,2,2,2,2,2,1,1,3,3
9463017,1,1,1,3,1,2,3,1,1,2,2,2,2,2,2,2,1,2,2,3
9636137,1,1,3,3,3,2,3,1,1,2,3,2,2,2,2,2,1,1,1,3
9964558,1,1,2,3,3,2,4,1,4,2,2,1,2,1,2,1,2,1,1,3
9461100,1,1,2,3,1,2,3,1,1,2,2,2,2,1,2,2,1,1,1,3
9438638,1,1,1,3,3,2,3,1,1,2,2,2,2,2,2,1,3,1,1,3
9960025,1,1,1,3,1,2,4,1,1,2,2,2,2,2,2,2,1,1,2,3
9473800,1,1,1,3,3,2,3,1,1,2,2,2,2,2,2,2,1,1,1,3
9473799,1,1,1,3,3,2,3,1,1,1,2,2,2,1,2,2,1,1,1,3
9527632,1,1,1,3,3,2,4,1,1,2,2,2,2,2,2,2,1,1,3,3
9511910,1,1,1,2,1,2,3,2,1,1,2,2,2,2,2,1,1,1,2,3
9968755,1,1,3,3,1,2,4,2,4,1,2,2,2,2,2,2,1,1,1,3
9550457,1,1,3,3,3,2,3,2,4,2,2,2,2,2,2,2,1,1,3,3
9504501,1,1,2,3,3,2,3,1,4,2,2,2,2,1,2,1,1,2,1,3
9504500,1,1,2,3,4,2,3,1,4,2,1,2,2,1,2,2,1,1,1,3
9563176,1,1,2,2,1,2,2,1,1,2,2,2,2,1,2,2,1,1,3,3
9548800,1,1,2,2,3,2,3,1,2,2,2,2,2,1,2,1,3,2,1,3
9971249,1,1,1,2,4,2,4,1,1,2,3,2,2,2,2,1,1,2,3,2
9464007,1,1,1,3,1,2,2,2,1,1,2,2,2,1,2,2,1,1,1,3
9566420,1,1,1,3,3,2,2,2,1,1,2,2,2,1,2,2,1,1,3,3
9626459,1,1,1,2,1,2,4,1,1,1,2,1,2,1,2,2,2,1,2,3
9979791,1,1,1,3,3,2,4,2,1,1,3,2,2,2,2,2,1,1,3,3
9971651,1,1,2,3,3,2,4,2,3,1,2,2,2,2,2,1,1,1,3,3
9539341,1,1,2,3,2,2,2,2,1,1,2,2,2,2,2,1,2,1,1,3
9529003,1,1,1,2,1,2,4,2,1,1,2,2,2,1,2,1,1,1,1,3
9462363,1,1,1,2,3,2,1,2,1,1,2,2,1,1,1,2,1,1,2,3
9489262,1,1,1,3,3,2,3,2,1,1,2,2,2,1,2,2,1,1,3,3
9556802,1,1,1,2,4,2,1,2,1,1,1,1,2,1,2,2,1,1,3,3
9983267,1,1,1,3,3,2,4,2,1,1,3,2,2,1,2,2,3,1,1,3
9960022,1,2,2,3,3,2,4,1,4,2,2,2,2,1,2,2,1,1,1,3
9554488,1,2,1,2,1,2,1,2,1,2,2,2,2,1,2,2,1,1,1,3
9967869,1,2,1,2,1,2,4,2,1,1,3,2,2,2,2,1,1,1,3,3
9977647,1,2,1,3,4,2,3,1,1,2,1,1,2,2,2,2,1,1,1,2
9729799,1,2,3,1,5,2,2,2,4,2,1,1,1,1,1,2,1,1,1,3
9452449,1,2,1,1,4,2,3,1,1,1,1,2,2,1,2,1,1,1,3,3
9443381,1,2,1,2,3,2,2,2,1,1,2,2,2,2,2,2,1,2,1,3
9461926,1,2,1,2,1,2,3,1,1,1,2,2,2,2,2,2,1,1,1,3
9521697,1,2,3,3,1,2,4,1,4,2,2,2,2,1,2,2,1,1,1,3
9484198,1,2,3,3,1,2,2,2,4,1,2,2,1,1,2,2,1,1,3,3
9617193,1,2,3,3,2,2,2,2,4,1,2,2,2,2,2,3,2,1,1,3
9976620,1,1,2,2,2,2,4,2,4,2,2,2,2,2,2,1,1,1,1,2
9427526,1,1,2,2,3,2,2,2,4,1,2,2,2,1,2,2,1,1,3,3
9961242,1,1,1,3,1,2,4,2,1,1,2,2,2,2,2,2,1,1,1,3
9438799,1,1,1,2,3,2,1,2,1,1,2,2,2,2,2,2,1,1,1,3
9567391,1,1,1,3,1,2,4,2,1,1,2,2,2,2,2,2,1,2,1,3
9567390,1,1,1,3,1,2,4,2,1,1,3,2,2,2,2,2,1,1,1,3
9953843,1,1,1,2,1,2,3,2,1,1,2,2,2,2,2,2,1,1,1,3
9997172,1,1,1,3,3,2,4,2,1,1,2,2,2,2,2,2,1,1,3,3
9989990,1,1,2,3,3,1,4,2,3,1,2,2,2,2,2,2,1,1,3,3
9990184,1,1,2,2,1,1,4,1,4,2,2,2,2,1,2,2,1,1,1,2
9960023,1,1,1,2,3,2,2,2,1,1,2,1,2,1,2,2,1,2,3,3
9481386,1,1,1,2,2,2,2,2,1,1,2,2,2,2,2,2,1,1,1,3
9482255,1,1,1,2,3,2,3,2,1,1,2,2,2,1,2,1,1,1,3,3
9544356,1,1,3,2,3,2,3,2,4,1,2,2,2,2,2,2,1,1,1,3
9726830,1,1,3,2,4,2,1,1,4,1,1,2,2,1,2,2,1,1,1,3
9741965,1,1,3,2,4,2,4,2,3,1,1,1,1,2,2,2,1,2,1,3
9427523,1,1,1,2,3,2,2,2,1,1,2,2,2,1,2,2,1,1,3,3
9497774,1,1,1,2,1,2,3,2,1,1,2,2,2,1,2,1,1,1,1,3
9494390,1,1,1,2,1,2,1,2,1,1,2,2,2,1,2,2,1,1,1,3
9465162,1,1,1,3,1,2,3,2,1,1,2,2,2,1,2,2,1,1,2,3
9565136,1,1,3,3,4,2,3,2,1,1,1,2,2,1,2,2,1,1,1,3
9984598,1,1,2,2,3,2,4,2,4,1,2,2,2,1,2,1,1,2,3,3
9477937,1,1,2,3,1,2,3,2,4,1,2,2,2,2,2,1,1,1,1,3
9984599,1,1,2,2,1,2,4,2,3,1,2,2,1,1,2,2,1,1,1,3
9979779,1,1,2,3,1,2,4,2,4,1,3,2,2,1,2,2,1,1,3,3
9961235,1,1,2,3,3,2,4,2,4,1,2,2,1,1,1,2,1,1,1,3
9964546,1,1,2,3,3,2,4,2,4,1,2,2,2,2,2,2,1,1,2,3
9477672,1,1,2,2,1,2,1,2,1,1,2,2,2,1,2,2,1,1,1,3
9984596,1,1,1,3,1,2,4,2,1,1,2,2,2,2,2,2,1,1,1,3
9466435,1,1,1,2,4,2,1,2,1,1,1,2,2,1,2,2,1,1,1,3
9443796,1,1,1,2,4,2,2,2,1,1,1,1,2,2,2,2,1,1,3,3
9503412,1,1,1,2,3,2,1,2,1,1,2,2,2,1,2,2,1,2,3,3
9477936,1,1,1,3,1,2,3,2,1,1,3,2,2,2,2,2,1,1,2,2
9477892,1,1,1,2,1,2,2,2,1,1,2,2,2,1,2,2,1,1,1,3
9729044,1,1,1,2,2,2,2,2,1,1,2,2,2,2,2,2,1,1,1,3
9977642,1,1,1,3,3,2,3,2,1,1,2,2,2,2,2,2,1,1,1,3
9544352,1,1,3,2,1,2,3,2,4,1,2,2,2,1,2,2,1,1,2,3
9984593,1,1,2,3,3,2,4,2,4,1,2,2,2,2,2,2,1,1,3,3
9497367,1,1,2,3,3,2,3,2,4,1,2,2,2,1,2,2,2,2,3,3
9566058,1,1,2,2,3,2,1,2,1,1,2,2,2,1,2,2,1,1,3,3
9962292,1,1,2,2,1,2,4,2,1,1,2,2,2,2,2,3,1,1,1,3
9479149,1,1,1,3,1,2,3,2,1,1,2,2,2,1,2,2,1,2,1,3
9527628,1,1,1,3,1,2,4,2,1,1,2,2,2,1,2,2,1,1,3,3
9985540,1,1,1,3,4,2,4,2,1,1,1,1,2,2,2,2,1,1,1,3
9474824,1,1,1,2,3,2,3,2,1,1,2,2,2,2,2,2,1,1,1,3
9513723,1,1,1,3,3,2,1,2,1,1,2,2,2,1,2,2,1,2,2,3
9475811,1,1,1,2,1,2,3,2,1,1,3,2,2,1,2,2,1,1,2,3
9960011,1,1,1,2,1,2,2,2,1,1,3,1,2,1,2,2,1,1,2,3
9525366,1,2,2,3,4,2,2,2,4,1,1,2,2,1,2,2,1,1,1,3
9997171,1,2,2,3,3,2,4,2,4,1,2,1,2,2,2,2,1,1,3,3
9997433,1,2,1,3,3,2,4,2,1,1,2,2,2,2,2,1,1,1,2,3
9726427,1,2,1,3,1,2,4,2,1,1,2,1,2,1,2,2,1,1,1,3
9527851,1,2,1,3,1,2,2,2,1,1,2,2,2,1,2,2,1,1,1,3
9974882,1,2,1,3,4,2,4,2,2,1,1,1,1,2,2,2,1,1,1,3
9477935,1,2,2,3,4,2,3,2,1,1,1,2,2,2,2,2,1,1,1,3
9479137,1,2,1,3,1,2,3,2,1,1,2,2,2,1,2,1,1,1,1,3
9960009,1,2,1,3,1,2,4,2,1,1,2,2,2,2,2,2,1,1,1,3
9568718,1,2,1,2,4,2,2,2,1,1,1,2,2,1,2,2,1,1,3,3
9997432,1,2,1,3,3,2,4,2,1,1,2,2,2,2,2,2,1,1,3,3
9961233,1,2,1,3,1,2,4,2,1,1,2,2,2,1,2,2,1,1,1,3
9468762,1,2,1,3,3,2,1,2,1,1,2,2,2,1,2,2,1,1,1,3
9989983,1,1,2,3,1,1,4,2,4,1,2,2,2,1,2,2,1,1,1,3
9479133,1,1,1,2,3,2,2,2,1,1,2,2,2,1,2,2,1,1,1,3
9474907,1,1,1,2,1,1,4,2,1,1,2,1,2,2,2,2,3,1,2,3
9953037,1,1,1,2,1,2,4,2,1,1,2,2,2,1,2,2,1,1,1,3
9503930,1,1,1,2,3,2,2,2,1,1,2,2,2,1,2,2,1,1,3,3
9990179,1,1,1,3,1,2,4,2,1,1,2,1,2,1,2,1,1,3,1,3
9437198,1,1,1,2,2,2,3,2,1,1,2,2,2,1,2,2,2,1,1,3
9961040,1,1,1,2,4,2,4,2,1,1,1,2,2,2,2,3,2,1,1,3
9553383,1,1,1,3,1,2,2,2,1,1,2,2,2,2,2,2,2,2,3,3
9629424,1,1,1,2,1,2,3,2,1,1,2,2,2,1,2,2,2,1,2,3
9497386,1,1,1,3,3,2,4,2,1,1,2,2,2,2,2,1,1,1,3,3
9968911,1,1,1,2,1,2,4,2,1,1,2,2,2,2,2,2,1,1,1,3
9960006,1,1,1,2,1,2,2,2,1,1,2,1,2,2,2,2,1,1,3,3
9515043,1,1,3,3,3,2,2,2,4,1,2,2,2,1,2,2,1,1,3,3
9979778,1,1,2,3,3,2,4,2,1,1,2,2,2,2,2,1,1,1,1,3
9562272,1,1,1,2,2,2,2,2,1,1,2,2,2,1,2,2,1,1,1,3
9556827,1,1,1,2,1,2,3,2,1,1,2,2,2,1,2,3,1,1,1,3
9510345,1,1,1,3,3,2,3,2,1,1,2,2,2,1,2,3,1,1,1,3
9437537,1,1,1,2,1,2,3,2,1,1,2,2,2,1,2,2,1,2,2,3
9496704,1,1,1,3,1,2,4,2,1,1,3,2,2,2,2,2,1,1,3,2
9503953,1,1,1,3,3,2,3,2,1,1,2,2,2,1,2,2,1,1,3,2
9476608,1,1,1,2,1,2,4,2,1,1,2,2,2,1,2,2,2,1,1,3
9985757,1,1,1,3,3,2,4,2,1,1,2,2,2,2,2,2,1,1,3,3
9450732,1,1,1,2,2,2,1,2,1,1,2,2,2,2,2,1,1,1,3,3
9529189,1,1,1,2,1,2,3,2,1,1,2,2,2,1,2,2,1,1,1,3
9459104,1,1,3,3,1,2,1,2,4,1,2,2,2,1,2,2,1,1,3,3
9562271,1,1,2,2,4,2,1,2,4,1,1,2,2,2,2,2,1,2,1,3
9446508,1,1,2,2,3,2,3,2,4,1,2,2,2,1,2,2,1,1,1,3
9978397,1,1,1,3,1,2,4,2,1,1,2,2,2,1,2,2,1,1,1,3
9420581,1,1,1,3,3,2,1,2,1,1,2,2,2,2,2,2,3,1,1,3
9562884,1,1,1,3,1,2,3,2,1,1,2,2,2,1,2,2,1,1,1,3
9441234,1,1,1,2,3,2,2,2,1,1,2,2,2,2,2,2,1,1,3,3
9459110,1,1,1,2,1,2,2,2,1,1,2,2,2,1,2,2,1,1,3,3
9491659,1,1,1,3,3,2,4,2,1,1,2,2,2,2,2,2,1,1,1,3
9984585,1,1,2,3,1,2,4,2,4,1,2,1,2,1,2,2,2,1,1,3
9965400,1,1,2,3,3,2,4,2,4,1,2,2,2,1,2,2,1,1,2,3
9971234,1,1,2,3,4,2,4,1,4,2,1,2,2,2,2,2,1,2,1,3
9738892,1,1,2,3,1,2,4,2,4,1,2,1,2,1,2,2,1,1,1,3
9953115,1,1,2,2,1,2,4,2,1,1,2,2,2,1,2,2,1,1,2,3
9953117,1,1,2,2,1,2,4,2,1,1,2,2,2,1,2,2,1,1,2,3
9427117,1,1,1,2,3,2,1,2,1,1,2,2,2,1,2,2,3,1,3,3
9543505,1,1,1,1,3,2,3,2,1,1,2,1,2,2,2,2,1,1,3,3
9738891,1,1,1,3,1,2,4,2,1,1,2,1,2,1,2,2,1,1,1,3
9562875,1,1,1,3,1,2,2,2,1,1,3,2,2,1,2,1,1,1,1,3
9444457,1,1,1,2,1,2,2,2,1,1,2,2,2,2,2,1,1,1,1,3
9494850,1,1,1,2,4,2,1,2,1,1,1,2,2,1,2,2,1,1,3,3
9442493,1,1,1,2,3,2,1,2,1,1,2,2,2,1,2,2,1,1,1,3
9457149,1,1,1,3,1,2,3,2,1,1,2,2,2,1,2,2,1,1,2,3
9961917,1,1,1,3,1,2,4,2,1,1,2,2,2,1,2,2,1,1,2,3
9729038,1,1,1,2,1,2,2,2,1,1,2,2,2,1,2,2,1,1,1,3
9510971,1,1,2,2,5,2,2,2,4,1,1,2,2,2,2,3,1,1,1,3
9973137,1,1,2,3,3,2,4,2,2,1,3,1,2,1,2,2,1,1,3,2
9503617,1,1,2,3,3,2,1,1,1,2,2,2,2,2,2,2,1,1,1,3
9959997,1,1,1,2,3,2,4,2,1,1,2,2,2,2,2,2,1,1,2,3
9966923,1,1,1,2,1,2,3,2,1,1,2,2,2,2,2,1,1,1,1,3
9701552,1,1,1,2,4,2,1,1,1,2,1,2,2,1,2,1,1,1,1,3
9725869,1,1,1,3,2,2,3,2,1,1,2,2,2,1,2,2,1,1,1,3
9517992,1,1,1,2,4,2,2,1,1,1,1,2,2,2,2,2,1,1,3,3
9477931,1,2,1,3,1,2,3,2,1,1,2,2,2,2,2,2,1,1,2,3
9442205,1,2,1,3,1,2,4,2,1,1,2,1,2,1,2,2,1,2,1,3
9976183,1,2,1,3,1,2,4,2,1,1,2,1,2,1,2,3,1,2,1,3
9442203,1,2,1,3,1,2,4,2,1,1,2,1,2,1,2,3,1,1,1,3
9961225,1,2,2,3,4,2,4,2,1,1,1,2,2,1,2,2,1,1,1,3
9477928,1,2,1,3,1,2,3,2,1,1,2,2,2,1,2,2,1,3,1,3
9477927,1,2,1,3,1,2,3,2,1,1,2,2,2,1,2,2,1,1,2,3
9997431,1,2,1,3,1,2,4,2,1,1,2,2,2,2,2,2,1,1,1,3
9456968,1,2,1,2,4,2,3,2,1,1,1,2,2,2,2,2,1,1,1,3
9968905,1,2,3,2,4,2,4,2,3,1,1,2,2,2,2,2,1,1,1,3
9502401,1,1,2,2,1,2,3,2,1,1,2,2,2,2,2,2,1,1,1,3
9442200,1,1,1,3,1,2,4,2,1,1,2,1,2,1,2,1,2,1,1,3
9452442,1,1,1,2,1,2,3,2,1,1,2,2,2,1,2,3,1,1,1,3
9527132,1,1,1,2,1,2,1,2,1,1,2,2,2,2,2,2,1,1,2,3
9429270,1,1,1,3,1,2,1,1,1,2,2,2,2,1,2,3,1,1,2,3
9456027,1,1,1,2,4,2,1,2,1,1,1,2,2,1,2,2,1,1,3,3
9491650,1,1,1,3,1,2,4,1,1,2,2,2,2,2,2,2,1,1,1,3
9442194,1,1,1,2,1,2,3,1,1,2,2,2,2,2,2,2,2,1,1,3
9550025,1,1,1,2,1,2,1,1,1,2,2,2,2,1,2,2,3,1,2,3
9460337,1,1,3,3,1,2,3,2,2,1,2,2,2,1,2,2,1,1,3,3
9979769,1,1,2,3,1,2,4,2,4,1,3,2,2,2,2,2,1,1,1,3
9428916,1,1,2,3,3,2,3,2,4,1,2,2,2,1,2,2,1,1,3,3
9972855,1,1,2,3,3,2,4,2,4,1,2,2,2,2,2,2,1,1,3,3
9474715,1,1,2,2,4,2,1,2,4,1,1,2,2,1,2,2,3,1,1,3
9503381,1,1,2,3,3,2,3,2,1,1,2,2,2,2,2,2,1,1,1,3
9478917,1,1,1,2,1,2,3,2,1,1,2,2,2,2,2,2,1,1,2,3
9502203,1,1,1,2,3,2,3,2,1,1,2,2,2,2,2,2,1,1,1,3
9477926,1,1,1,3,3,2,3,2,1,1,2,2,2,2,2,2,1,1,2,3
9971136,1,1,1,2,1,2,3,2,1,1,3,2,2,1,2,2,1,1,2,3
9540232,1,1,1,2,4,2,1,2,1,1,1,2,2,2,2,1,1,1,2,3
9500532,1,1,1,2,3,2,1,2,1,1,2,2,2,1,2,1,1,1,1,3
9521500,1,1,1,2,1,2,4,2,1,1,2,1,2,1,2,2,1,1,3,3
9968903,1,1,1,2,1,2,4,2,1,1,2,2,2,2,2,2,1,3,2,3
9520668,1,1,1,2,1,2,2,2,1,1,2,2,2,1,2,3,1,1,1,3
9570940,1,1,2,2,4,2,1,2,4,1,1,2,2,1,2,2,1,1,3,3
9447702,1,1,2,3,1,2,3,1,4,1,2,2,2,1,2,3,1,1,1,3
9985535,1,1,2,3,4,2,4,1,4,2,1,2,2,2,2,2,1,1,3,3
9738889,1,1,2,3,1,2,4,1,1,2,2,2,2,1,2,1,1,1,1,3
9556803,1,1,1,3,1,2,3,1,1,2,2,2,2,2,2,2,1,1,3,3
9437702,1,1,1,2,3,2,2,2,1,1,2,2,2,1,2,1,1,1,1,3
9959989,1,1,1,2,3,2,2,2,1,1,2,1,2,2,2,2,1,1,3,3
9496696,1,1,1,3,3,2,2,1,1,2,2,1,2,2,2,2,1,1,1,3
9738888,1,1,1,3,1,2,4,1,1,2,2,1,2,1,2,1,1,1,1,3
9513444,1,1,1,2,3,2,3,1,1,2,2,1,2,1,2,1,1,1,3,3
9533716,1,1,1,2,2,2,3,1,1,2,2,2,2,1,2,2,1,1,1,3
9982433,1,1,2,3,3,2,4,2,4,1,3,2,1,2,2,3,1,1,3,2
9515259,1,1,1,2,2,1,4,2,1,1,2,2,2,2,2,2,1,1,2,3
9759923,1,1,1,2,4,2,1,2,1,1,1,2,2,1,2,2,1,1,3,3
9570968,1,1,1,3,1,2,3,2,1,1,2,2,2,1,2,3,1,1,3,3
9490749,1,1,1,2,1,2,1,2,1,1,3,2,2,1,2,1,1,1,1,3
9522227,1,1,1,2,3,2,3,2,1,1,2,2,2,1,2,2,2,1,3,3
9531198,1,1,1,2,3,2,2,2,1,1,2,2,2,2,2,1,1,1,1,3
9521530,1,1,1,3,3,2,2,2,1,1,2,2,2,2,2,1,1,1,1,3
9455655,1,1,1,3,3,2,4,2,1,1,2,2,2,2,2,2,1,1,1,3
9469124,1,1,1,2,2,2,1,2,1,1,2,2,2,1,2,2,1,1,1,3
9569004,1,1,1,3,2,2,1,2,1,1,2,2,2,1,2,2,1,1,1,3
9971223,1,1,1,2,3,2,4,2,1,1,2,2,2,2,2,2,1,1,1,3
9970198,1,1,3,2,1,2,4,2,2,2,2,2,2,2,2,2,1,1,1,3
9568550,1,1,2,2,4,2,3,2,4,1,1,2,2,2,2,2,1,1,1,3
9993546,1,1,2,3,1,2,4,2,4,1,2,2,2,2,2,2,1,1,1,3
9989972,1,1,2,3,3,1,4,2,4,1,2,2,2,2,2,2,1,1,3,3
9442189,1,1,1,2,1,2,3,2,1,1,2,2,2,2,2,2,2,1,1,3
9967807,1,1,1,2,4,2,4,2,1,1,1,2,2,2,2,2,1,1,1,3
9961218,1,1,3,3,1,2,4,2,2,1,2,2,2,2,2,2,1,1,1,3
9961217,1,1,3,3,1,2,4,2,2,1,2,2,2,2,2,2,1,1,1,3
9971222,1,2,1,2,1,2,4,2,1,1,2,2,2,2,2,2,1,1,1,3
9493590,1,2,2,2,1,2,4,2,4,1,2,2,2,2,2,2,1,1,1,3
9507309,1,2,1,3,1,2,2,2,1,1,2,2,2,1,2,2,1,1,1,3
9460290,1,2,1,3,1,2,3,2,1,1,2,2,2,1,2,2,2,1,3,3
9538342,1,2,1,2,1,2,2,2,1,1,2,2,2,1,2,2,1,1,1,3
9969441,1,2,3,3,1,2,4,2,3,1,2,2,2,1,2,2,1,1,2,3
9455651,1,2,3,3,1,2,4,2,4,1,2,2,2,1,2,2,1,1,1,3
9969442,1,2,3,3,3,2,4,2,4,1,2,2,2,2,2,2,1,1,3,2
9953035,1,1,2,2,4,2,4,2,2,1,1,2,2,2,2,2,1,1,1,3
9455649,1,1,2,3,4,2,4,2,1,1,1,2,2,2,2,2,1,1,2,3
9957478,1,1,2,3,4,2,4,2,1,1,1,1,2,2,2,2,1,1,1,3
9961214,1,1,1,3,3,2,4,2,1,1,2,2,2,2,2,3,1,1,1,3
9488497,1,1,1,2,3,2,4,2,1,1,2,1,2,2,2,3,1,1,2,3
9458944,1,1,1,3,1,2,2,2,1,1,2,2,2,1,2,2,1,1,1,3