Crash ID,Date,Day of Week,Time,Lane Count,Crash Type,Functional Class,Speed Limit,Environmental Conditions,Light Conditions,Surface Condition,Total Vehicles Involved,Curve Related,Alcohol Involved,Distracted Driving Involved,Drugged Driver Involved,Older Driver Involved,Temp Traffic Control Zone,Traffic Controls Present,Vehicle Type,Severity
9561607,1,1,1,2,3,2,3,2,1,1,2,2,2,2,2,2,1,1,1,3
9556986,1,1,1,2,4,2,2,2,1,1,1,2,2,2,2,2,1,1,3,3
9463461,1,1,1,2,3,2,3,2,1,1,2,2,2,1,2,1,1,1,1,3
9438578,1,1,1,3,3,2,2,2,1,1,2,2,2,2,2,1,3,2,2,3
9957395,1,1,3,3,3,2,4,2,3,1,2,2,2,2,2,2,1,1,1,3
9489087,1,1,2,3,2,2,2,2,4,1,2,2,2,1,2,2,1,1,1,3
9520239,1,1,2,3,3,2,3,2,4,1,2,2,2,1,2,2,1,1,1,3
9451633,1,1,2,2,4,2,1,2,4,1,1,1,2,1,2,2,2,1,1,3
9498176,1,1,1,2,1,2,1,2,1,1,2,2,1,2,2,1,1,1,1,3
9424840,1,1,1,2,2,2,3,1,1,2,2,2,2,1,2,1,1,1,2,2
9429235,1,1,1,2,1,2,3,1,1,1,2,2,2,1,2,2,1,1,3,3
9958112,1,1,1,3,5,2,4,2,3,1,1,2,2,2,2,2,1,1,1,3
9460966,1,1,1,2,1,2,2,2,1,1,2,2,2,1,2,2,1,1,2,3
9746571,1,1,1,2,2,2,2,2,1,1,2,1,2,2,2,2,1,1,1,3
9982048,1,1,1,3,1,2,4,2,1,1,2,2,2,2,2,1,1,1,1,3
9507530,1,1,1,2,2,2,1,2,1,1,2,2,2,2,2,3,1,1,1,3
9443421,1,1,1,3,1,2,3,2,1,1,2,2,2,1,2,1,1,1,1,3
9432277,1,1,1,3,1,2,2,2,1,1,3,2,2,1,2,2,1,1,3,3
9439907,1,1,1,2,1,2,4,2,1,1,2,2,2,1,2,2,1,1,3,3
9527611,1,1,1,2,4,2,1,2,1,1,1,2,2,1,2,1,1,1,3,3
9450590,1,1,1,2,1,2,3,2,1,1,2,2,2,1,2,1,1,1,2,3
9468978,1,1,1,3,1,2,2,2,1,1,2,2,2,2,2,2,1,1,1,3
9965353,1,1,2,3,3,2,4,2,3,1,2,2,2,2,2,1,1,1,1,3
9974012,1,1,2,3,4,2,2,2,4,1,1,1,2,2,2,2,1,1,1,2
9637703,1,1,1,2,4,2,2,2,1,2,1,2,2,1,2,1,1,1,3,3
9504759,1,1,1,2,1,2,3,2,1,1,2,1,2,1,2,2,1,1,1,3
9741044,1,1,1,3,1,2,4,2,1,1,2,1,2,1,2,2,1,1,1,3
9491224,1,1,1,3,1,2,1,2,1,1,2,2,2,1,2,2,1,2,2,3
9434439,1,1,1,3,1,2,4,2,1,1,2,1,2,1,2,2,1,1,3,3
9441587,1,1,1,3,3,2,4,1,1,1,2,2,2,2,2,1,1,1,1,3
9533025,1,1,1,2,1,2,2,2,1,1,2,2,2,2,2,1,1,1,1,3
9527833,1,1,1,3,1,2,4,2,1,2,2,2,2,2,2,2,1,1,1,3
9991434,1,1,1,3,3,2,4,2,1,1,2,2,2,2,2,2,3,1,3,3
9534560,1,1,1,3,5,2,3,2,1,2,2,2,2,1,2,2,1,1,2,3
9534016,1,1,1,3,3,2,3,1,1,2,2,2,2,2,2,2,1,1,3,3
9524484,1,1,1,2,3,2,1,1,1,2,3,1,2,1,2,1,1,2,2,3
9527951,1,1,1,3,3,2,1,1,1,2,2,2,2,2,2,3,1,1,1,3
9511470,1,2,2,2,1,2,1,1,1,2,2,2,2,1,2,3,1,1,1,3
9550010,1,2,1,2,1,2,1,1,1,2,2,2,2,1,2,2,1,1,1,3
9977613,1,2,1,3,3,2,3,2,1,1,2,2,2,2,2,1,1,1,1,3
9967788,1,2,1,2,1,2,4,1,1,1,3,2,2,2,2,1,1,1,1,3
9507783,1,2,1,2,3,2,3,2,1,1,2,1,2,2,2,2,1,1,3,3
9990169,1,2,3,3,1,2,4,2,4,1,3,2,1,2,2,2,1,1,1,3
9562766,1,2,1,2,1,2,2,2,1,1,2,2,1,1,2,1,1,1,2,3
9487246,1,2,1,2,3,2,3,2,1,1,2,2,2,2,2,2,1,1,1,3
9487244,1,2,1,2,3,2,3,2,1,1,2,2,2,2,2,2,1,1,1,3
9536697,1,2,1,3,3,2,2,2,2,1,2,2,2,1,2,2,1,1,2,3
9490570,1,2,1,3,2,2,3,2,1,1,2,2,2,2,2,2,1,1,2,3
9969431,1,2,1,3,1,2,4,2,1,1,2,2,2,2,2,2,2,1,1,3
9976151,1,1,2,3,3,2,4,2,4,1,2,2,2,1,2,2,1,1,1,3
9971215,1,1,2,2,1,2,4,2,1,1,3,2,2,2,2,2,1,1,1,2
9520786,1,1,2,3,3,2,1,2,2,1,2,2,2,2,2,2,1,1,3,3
9504308,1,1,1,3,2,2,3,2,1,1,2,2,2,1,2,2,1,1,2,3
9961209,1,1,1,3,1,2,4,2,1,1,2,2,2,1,2,2,1,1,2,3
9432483,1,1,1,2,1,2,3,2,1,1,3,2,2,1,2,1,1,2,3,3
9469786,1,1,1,2,1,2,2,2,1,1,2,2,2,1,2,2,1,1,1,3
9741042,1,1,1,3,1,2,4,2,1,1,2,1,2,1,2,2,2,1,1,3
9474928,1,1,1,3,1,2,3,2,1,1,3,2,2,1,2,2,1,1,1,3
9425080,1,1,1,2,1,2,3,2,1,1,2,1,2,1,2,2,1,1,3,3
9959972,1,1,1,2,3,2,2,2,1,1,2,1,2,2,2,2,1,1,3,3
9964509,1,1,2,3,1,2,4,2,4,1,2,2,2,2,2,2,1,1,1,3
9564151,1,1,2,3,1,2,3,2,4,1,2,2,2,1,2,2,1,1,1,3
9993125,1,1,2,3,1,2,4,2,4,1,2,2,2,2,2,2,1,1,2,3
9486177,1,1,1,3,1,2,3,2,1,1,3,2,2,1,2,2,1,1,2,3
9959970,1,1,1,3,1,2,4,2,1,1,2,2,2,2,2,3,1,2,2,3
9561693,1,1,1,2,4,2,2,2,1,1,1,2,2,2,2,2,1,1,3,3
9533021,1,1,1,2,3,2,3,2,1,1,2,2,2,2,2,2,1,1,1,3
9987312,1,1,2,3,3,2,4,2,4,1,2,2,1,2,2,2,1,1,1,3
9987311,1,1,2,3,3,2,4,2,4,1,2,2,1,2,2,1,1,1,1,3
9505593,1,1,2,2,3,2,2,2,1,1,2,2,2,2,2,2,1,1,1,3
9511508,1,1,1,3,1,2,3,2,1,1,2,2,2,1,2,2,1,1,1,3
9558004,1,1,1,3,3,2,3,2,1,1,2,2,2,1,2,1,2,1,3,3
9959969,1,1,1,3,1,2,4,2,1,1,2,2,2,1,2,2,1,1,1,3
9564729,1,1,1,2,3,2,3,2,1,1,2,2,2,1,2,2,1,1,1,3
9415851,1,1,1,2,1,2,3,2,1,1,2,2,2,1,2,2,1,1,3,2
9959968,1,1,1,3,3,2,4,2,1,1,2,2,2,2,2,2,1,1,1,3
9562746,1,1,1,2,3,2,3,2,1,1,2,2,2,1,2,1,1,1,1,3
9535550,1,1,1,2,1,2,3,2,1,1,2,2,2,2,2,1,1,1,1,3
9983387,1,1,1,3,1,2,4,2,1,1,2,2,2,2,2,3,1,1,1,3
9570119,1,1,1,2,4,2,1,2,1,1,1,1,2,1,2,2,1,1,3,3
9469678,1,1,1,2,2,2,2,2,1,1,2,2,2,1,2,2,1,1,1,3
9504682,1,1,1,2,1,2,2,2,1,1,2,2,2,1,2,2,1,1,3,3
9990167,1,1,1,3,1,2,4,1,1,1,2,1,2,1,2,2,1,1,1,3
9511330,1,1,2,3,1,2,3,2,4,1,2,2,2,1,2,2,1,1,1,3
9976605,1,1,1,2,1,2,4,2,1,1,2,2,2,2,2,2,1,1,3,3
9564726,1,1,1,2,1,2,3,1,1,1,2,2,2,1,2,2,1,1,1,3
9953389,1,1,1,2,1,2,4,2,1,1,2,2,2,2,2,1,1,1,1,3
9806024,1,1,1,2,4,2,1,2,1,2,1,2,2,1,2,2,2,1,3,3
9569703,1,1,1,3,3,2,4,2,1,1,2,2,2,2,2,2,1,1,1,3
9984556,1,1,2,3,3,2,4,2,4,1,2,2,2,1,2,2,1,1,3,3
9489257,1,1,2,3,3,2,3,2,4,1,2,2,2,1,2,1,1,1,3,2
9970751,1,1,1,2,1,2,4,2,1,1,2,2,2,2,2,2,1,1,3,3
9533017,1,1,1,2,3,2,3,1,1,1,2,2,2,2,2,1,1,1,1,3
9519306,1,1,1,2,1,2,1,2,1,1,2,2,2,1,2,1,3,1,1,3
9495335,1,2,1,2,3,2,3,2,1,1,2,2,2,1,2,2,1,2,2,3
9461058,1,2,1,2,4,2,3,2,1,1,1,2,2,1,2,2,1,1,1,3
9495325,1,2,2,2,3,2,1,2,3,1,2,2,2,2,2,2,1,1,1,3
9959960,1,2,1,3,4,2,4,2,1,1,1,2,2,1,2,2,1,1,1,3
9440357,1,2,1,2,1,2,3,2,1,1,2,1,2,1,2,2,1,1,1,3
9495316,1,2,1,2,3,2,2,2,1,1,2,2,2,1,2,2,1,1,1,3
9959958,1,1,2,2,1,2,2,2,4,1,2,1,2,2,2,2,1,1,1,3
9460957,1,1,2,2,1,2,4,2,4,1,2,2,1,1,2,3,1,1,2,3
9953387,1,1,2,2,4,2,4,2,1,1,1,2,2,1,2,2,1,1,1,2
9529903,1,1,1,3,3,2,3,2,1,1,2,2,2,2,2,2,1,1,1,3
9441354,1,1,1,3,3,2,4,1,1,2,2,2,2,2,2,2,1,1,3,3
9491022,1,1,1,3,4,2,1,1,1,2,1,2,2,2,2,1,1,1,2,3
9982618,1,1,1,2,1,2,4,1,1,1,2,2,2,2,2,2,1,1,1,3
9462006,1,1,1,2,3,2,3,1,1,1,2,2,2,1,2,2,1,1,1,3
9492093,1,1,1,2,1,2,3,2,1,1,3,2,2,1,2,2,1,1,1,3
9495241,1,1,1,2,3,2,1,2,1,1,2,2,2,1,2,1,1,1,2,3
9505405,1,1,1,2,1,2,2,2,1,1,2,2,2,2,2,2,2,1,1,3
9505579,1,1,1,3,4,2,3,2,1,1,1,2,2,1,2,2,1,1,1,3
9953842,1,1,1,2,1,2,3,2,1,1,2,2,2,2,2,2,1,1,2,3
9441353,1,1,1,3,3,2,4,2,1,1,3,2,2,2,2,2,1,1,3,3
9971209,1,1,1,2,1,2,4,2,1,1,2,2,2,2,2,2,1,2,3,3
9468220,1,1,2,2,1,2,2,1,4,1,2,2,2,1,2,2,1,1,1,3
9967758,1,1,1,3,1,2,4,1,1,2,2,1,2,2,2,2,1,1,1,3
9964498,1,1,1,3,1,2,4,1,1,2,2,2,2,2,2,1,2,1,1,3
9461839,1,1,1,2,1,2,2,1,2,2,2,2,2,2,2,2,1,1,2,3
9533050,1,1,2,3,1,2,3,1,4,2,2,2,2,1,2,3,1,1,1,3
9437400,1,1,2,3,3,2,3,1,2,2,2,2,2,1,2,2,1,1,1,3
9985520,1,1,2,3,4,2,4,2,1,2,1,2,2,1,2,2,1,1,2,3
9473706,1,1,1,2,1,2,2,2,1,1,2,2,2,1,2,1,1,1,1,3
9720602,1,1,1,2,1,2,1,1,1,2,2,2,2,1,2,2,3,1,1,3
9959952,1,1,1,3,3,2,4,2,1,1,2,2,2,2,2,2,1,1,1,3
9959951,1,1,1,2,1,2,4,2,1,1,2,2,2,1,2,3,1,1,1,2
9417627,1,1,1,2,1,2,2,1,1,2,2,2,2,2,2,2,1,1,1,3
9441352,1,1,1,3,3,2,4,2,4,2,2,2,2,2,2,2,1,1,3,3
9504359,1,1,3,2,4,2,3,2,3,1,1,1,2,2,2,2,1,1,2,3
9953111,1,1,1,2,5,2,4,2,1,1,2,2,2,2,2,2,1,1,3,3
9981296,1,1,1,3,2,2,4,1,1,2,2,2,2,1,2,2,1,1,1,3
9489641,1,1,1,3,3,2,1,1,1,2,2,2,2,2,2,2,1,1,3,3
9961198,1,1,3,3,3,2,4,1,4,2,2,2,2,2,2,2,1,1,3,3
9990163,1,2,1,3,4,1,4,2,1,1,1,1,2,2,2,2,1,2,1,3
9468495,1,2,2,3,2,2,1,2,4,1,2,1,2,2,2,2,1,1,1,3
9496177,1,2,3,3,3,2,1,2,4,1,2,2,2,1,2,2,1,1,1,3
9461287,1,1,2,2,4,2,2,1,4,2,1,2,2,2,2,2,1,1,1,3
9461228,1,1,1,3,3,2,3,1,1,2,2,2,2,1,2,2,1,1,1,3
9959944,1,1,2,3,1,2,4,2,4,1,3,2,2,1,2,2,1,1,2,3
9460037,1,1,2,2,2,2,1,1,4,1,2,2,2,1,2,3,1,1,1,3
9452044,1,1,2,2,2,2,3,2,1,1,2,2,2,2,2,2,1,1,1,3
9959943,1,1,2,3,5,2,4,2,1,1,1,2,2,2,2,2,1,2,1,2
9971203,1,1,1,3,4,2,4,2,1,1,1,2,2,2,2,2,1,1,1,3
9448042,1,1,1,2,1,2,2,2,1,1,2,2,2,1,2,2,1,1,1,3
9422794,1,1,1,3,2,2,1,2,1,1,2,2,2,1,2,2,3,1,1,3
9443765,1,1,1,2,1,2,3,1,1,2,2,2,2,1,2,2,1,1,1,3
9441349,1,1,1,3,3,2,4,1,1,2,2,2,2,2,2,1,1,1,3,3
9994715,1,1,1,3,1,2,4,1,1,2,2,2,2,2,2,2,1,1,2,3
9419592,1,1,1,2,3,2,1,1,1,2,3,2,2,1,2,2,1,2,1,3
9959941,1,1,3,3,4,2,4,1,4,2,1,2,2,2,2,3,1,1,1,3
9959940,1,1,2,3,1,2,4,2,4,1,3,2,2,1,2,2,1,1,2,3
9520725,1,1,1,3,3,2,2,2,1,1,2,2,2,2,2,2,1,1,1,3
9477324,1,1,1,2,4,2,2,2,1,1,1,2,2,1,2,2,3,1,3,3
9717848,1,1,1,3,1,2,3,1,1,2,2,2,2,1,2,2,3,2,2,3
9577329,1,1,1,2,3,2,2,2,1,2,2,2,2,1,2,2,1,1,1,3
9717847,1,1,1,3,2,2,3,2,1,2,2,2,2,1,2,1,1,1,1,3
9445670,1,1,1,3,1,2,3,2,1,1,2,2,2,1,2,2,1,1,2,3
9441348,1,1,1,3,3,2,4,2,1,1,2,2,2,2,2,2,1,1,3,3
9722577,1,1,1,3,1,2,3,1,1,2,2,1,2,1,2,2,1,1,1,3
9440348,1,1,1,3,2,2,2,2,1,2,2,2,2,1,2,1,1,1,1,3
9507433,1,1,1,2,1,2,2,1,1,2,2,1,2,1,2,2,1,1,1,3
9506590,1,1,2,3,1,2,3,2,1,1,3,2,2,2,2,2,1,1,3,3
9502757,1,1,1,2,2,1,3,2,1,1,3,2,2,2,2,2,1,1,2,3
9953110,1,1,1,2,1,2,4,2,1,1,2,2,2,2,2,2,1,1,1,3
9459291,1,1,1,2,1,2,3,2,1,1,2,2,2,1,2,2,1,1,1,3
9528197,1,1,1,2,2,2,1,2,1,1,2,2,2,2,2,1,1,1,1,3
9971201,1,1,1,3,1,2,4,2,1,1,2,2,2,2,2,2,1,1,1,3
9971200,1,1,1,3,3,2,4,2,1,1,2,2,2,2,2,2,1,1,2,3
9445666,1,1,1,2,3,2,2,2,1,1,2,2,2,2,2,2,1,1,2,3
9428733,1,1,1,3,1,2,4,2,1,1,2,2,2,2,2,2,1,1,1,3
9445662,1,1,1,2,1,2,2,2,1,1,2,2,2,1,2,2,1,1,2,3
9445661,1,1,1,2,3,2,2,2,1,1,2,2,2,1,2,2,1,1,1,3
9436162,1,1,1,2,3,2,4,2,1,1,2,2,2,2,2,2,1,1,1,3
9966902,1,1,1,2,1,2,3,2,1,1,2,2,2,1,2,2,1,1,3,3
9471792,1,1,1,2,1,2,3,2,1,1,2,2,2,2,2,2,1,1,1,3
9472730,1,1,1,3,2,2,2,2,1,1,2,2,2,1,2,2,1,1,2,3
9561386,1,2,1,3,3,2,2,2,1,1,2,1,2,1,2,2,1,2,1,3
9528184,1,2,3,2,3,2,1,2,4,1,2,1,2,1,2,3,1,1,1,3
9953033,1,2,3,2,4,2,4,2,4,1,1,2,2,2,2,2,1,1,1,3
9445546,1,2,1,3,1,2,3,2,1,1,2,2,2,1,2,2,1,1,2,3
9445544,1,2,1,2,1,2,2,2,1,1,2,2,2,1,2,2,1,1,1,3
9573042,1,2,1,2,2,2,3,2,1,1,2,2,2,1,2,2,1,1,1,3
9467678,1,1,2,3,1,2,2,2,2,1,2,2,2,1,2,2,1,1,1,3
9959931,1,1,1,3,1,2,4,2,1,1,2,1,2,2,2,3,1,1,1,3
9458849,1,1,1,2,3,2,2,2,1,1,2,2,2,2,2,2,3,1,1,3
9985148,1,1,1,3,1,2,4,2,1,1,3,1,2,2,2,2,2,1,3,3
9469066,1,1,1,2,3,2,1,2,1,2,2,2,2,1,2,2,1,1,1,3
9509574,1,1,1,3,1,2,2,2,1,1,2,2,2,2,2,2,1,1,1,3
9559803,1,1,1,2,4,2,2,2,1,1,1,2,2,1,2,2,1,1,3,3
9441346,1,1,3,3,3,2,4,2,4,1,2,2,2,2,2,3,1,1,3,3
9970741,1,1,2,2,1,2,4,2,4,1,2,2,2,2,2,2,1,1,1,3
9734450,1,1,2,2,1,2,4,2,4,1,2,2,2,1,2,2,1,1,1,3
9445356,1,1,2,2,4,2,2,2,4,1,1,2,2,2,2,2,1,1,1,3
9959929,1,1,1,3,1,2,4,2,1,1,2,2,2,2,2,1,1,1,3,3
9959928,1,1,1,2,3,2,4,2,1,1,2,2,2,2,2,2,1,1,1,3
9452038,1,1,2,2,2,2,3,1,1,2,2,2,2,2,2,2,1,1,1,3
9953031,1,1,1,2,4,2,4,1,1,2,1,2,2,2,2,3,1,1,1,3
9430891,1,1,1,2,4,2,3,1,2,1,1,2,2,1,2,2,1,1,1,3
9638570,1,1,1,3,1,2,2,2,1,1,2,1,2,1,2,1,1,1,1,3
9561122,1,1,1,3,4,2,3,1,1,2,1,2,2,1,2,2,1,1,1,3
9506115,1,1,1,2,4,2,2,1,1,2,1,2,2,1,2,2,1,1,1,3
9722568,1,1,1,3,1,2,3,1,1,1,2,2,2,1,2,1,1,1,1,3
9983212,1,1,1,3,3,2,4,2,1,1,2,1,2,2,2,1,2,1,3,3
9441823,1,1,1,2,1,2,3,2,1,1,2,2,2,1,2,2,1,1,1,3
9462899,1,1,2,3,1,2,3,2,4,1,2,1,2,2,2,3,1,1,1,3
9978377,1,1,2,3,3,2,4,2,4,1,2,1,2,2,2,2,1,1,2,3
9966897,1,1,1,2,1,2,3,2,1,1,3,2,2,2,2,2,1,1,1,3
9563423,1,1,3,3,3,2,4,2,4,1,2,2,2,2,2,2,1,1,1,3
9452953,1,2,2,3,3,2,3,2,4,1,2,2,1,1,2,2,1,1,1,3
9541997,1,2,1,2,3,2,3,2,1,1,2,2,2,1,2,2,1,1,1,3
9997169,1,2,1,3,1,2,4,2,1,1,2,2,2,1,2,2,1,1,1,3
9998120,1,2,1,3,1,2,4,2,1,1,2,2,2,2,2,1,1,2,1,3
9428965,1,2,3,2,5,2,1,2,4,1,1,2,2,1,2,1,1,1,1,3
9998119,1,2,2,3,3,2,4,2,3,1,2,2,2,2,2,2,1,1,3,3
9573936,1,2,1,3,3,2,3,2,1,1,2,2,2,2,2,2,1,1,3,3
9563420,1,2,1,3,3,2,4,2,1,1,2,2,2,2,2,2,1,1,2,3
9998118,1,2,1,3,3,2,4,2,1,1,2,2,2,2,2,2,1,1,3,3
9452451,1,2,1,2,1,2,2,2,1,1,2,2,2,1,2,2,1,2,2,3
9494625,1,2,3,2,3,2,3,2,3,1,2,1,2,2,2,1,1,1,1,3
9987742,1,1,2,3,1,2,4,2,4,1,2,2,2,2,2,2,1,1,1,3
9994030,1,1,2,3,3,2,4,2,4,1,2,2,2,2,2,2,1,1,1,3
9961184,1,1,1,3,3,2,4,2,1,1,2,2,2,2,2,2,1,1,3,3
9463929,1,1,1,3,3,2,3,2,1,1,2,2,2,2,2,2,1,1,1,3
9959922,1,1,1,3,1,2,4,2,1,1,2,1,2,2,2,2,1,2,1,3
9462898,1,1,1,3,1,2,3,2,1,1,3,2,2,1,2,2,1,1,1,3
9513363,1,1,1,2,3,2,1,2,1,1,2,2,2,1,2,2,1,1,1,3
9990354,1,1,1,3,1,2,4,2,1,1,2,2,2,1,2,2,1,1,2,3
9540731,1,1,1,2,2,2,3,2,1,1,2,2,2,2,2,1,2,1,1,3
9953028,1,1,1,2,3,2,4,2,1,1,2,2,2,2,2,1,1,2,3,3
9974855,1,1,1,3,1,2,4,2,1,1,2,1,2,2,2,2,1,1,1,3
9970514,1,1,3,3,3,2,4,2,2,1,2,2,2,2,2,2,1,1,3,3
9445266,1,1,1,3,1,2,3,2,1,1,2,2,2,2,2,2,1,1,1,3
9717305,1,1,1,3,3,2,3,2,1,1,3,2,2,1,2,2,1,1,2,3
9418865,1,1,1,1,4,2,3,2,1,1,1,2,2,2,2,1,1,1,1,3
9425924,1,1,1,2,2,2,2,2,1,1,2,2,2,1,2,2,1,1,1,3
9576731,1,1,2,2,2,2,1,2,4,1,2,1,2,1,2,2,1,2,1,3
9445257,1,1,1,3,3,2,3,1,1,1,2,2,2,2,2,1,1,1,1,3
9455526,1,1,1,2,2,2,1,1,1,1,3,2,2,1,2,2,1,1,1,2
9721543,1,1,1,3,1,2,3,2,1,1,2,1,2,1,2,2,1,1,1,3
9508807,1,1,2,2,3,2,1,2,4,1,2,2,2,1,2,2,1,1,1,3
9562099,1,1,1,2,1,2,3,2,1,1,3,2,2,1,2,2,1,1,1,3
9415705,1,1,1,2,4,2,3,1,1,2,1,2,2,2,2,2,1,1,1,3
9504692,1,1,2,2,1,2,1,2,4,1,2,1,2,1,2,2,1,1,1,3
9426056,1,1,1,2,2,2,1,1,1,2,3,2,2,2,2,2,1,1,1,3
9708022,1,1,1,2,1,2,1,1,1,1,2,2,2,1,2,2,1,1,1,3
9961181,1,1,1,3,1,2,4,2,2,1,2,1,2,1,2,2,1,1,2,3
9415425,1,1,1,2,1,2,2,2,1,1,2,2,2,1,2,2,1,1,1,3
9557110,1,1,1,3,3,2,3,2,1,1,2,2,2,1,2,2,1,1,2,3
9982612,1,1,1,2,5,2,4,2,4,1,2,2,2,1,2,2,1,1,1,3
9959919,1,1,3,2,3,2,2,2,4,2,2,1,2,2,2,2,1,1,3,3
9978373,1,2,1,3,3,2,4,2,1,1,2,1,2,2,2,2,1,1,3,3
9959918,1,2,1,2,3,2,4,2,1,1,2,2,2,2,2,3,1,1,1,3
9505849,1,2,1,3,3,2,2,2,1,1,2,1,2,1,2,2,1,1,1,3
9961180,1,2,1,3,1,2,4,2,1,1,2,2,2,2,2,2,1,1,1,3
9959916,1,2,3,2,4,2,4,2,4,2,1,1,2,2,2,2,1,1,1,3
9978371,1,2,1,3,1,2,4,2,1,1,2,2,2,1,2,2,1,1,3,3
9444948,1,2,1,3,3,2,3,2,1,1,2,2,2,1,2,2,1,1,1,3
9427240,1,2,1,2,2,2,3,2,1,2,2,2,2,1,2,2,1,2,1,3
9979723,1,2,1,3,4,2,4,2,1,1,1,2,2,2,2,2,1,1,1,3
9572579,1,2,1,3,2,2,3,2,1,1,2,2,2,1,2,1,1,1,1,2
9415008,1,2,1,3,4,2,1,2,2,2,1,2,2,2,2,2,1,1,1,3
9962129,1,1,2,3,1,2,4,2,4,1,2,2,2,1,2,2,1,1,1,3
9563794,1,1,2,3,2,2,2,2,4,1,2,2,2,1,2,3,2,1,1,3
9985508,1,1,1,3,1,2,4,2,1,1,2,2,2,2,2,2,2,1,1,3
9959471,1,1,1,3,1,2,4,2,1,1,2,2,2,2,2,3,1,1,1,3
9566433,1,1,1,2,1,2,3,2,1,1,2,2,2,1,2,2,1,1,2,3
9959910,1,1,1,3,3,2,4,2,1,1,2,2,2,2,2,2,1,1,3,3
9490028,1,1,1,2,1,2,2,2,1,2,2,2,2,1,2,2,3,1,2,3
9498974,1,1,1,2,4,2,1,2,1,2,1,2,2,2,2,2,1,1,3,3
9444942,1,1,1,3,1,2,3,2,1,1,2,2,1,1,1,2,1,1,2,3
9415427,1,1,1,2,2,2,3,2,1,1,2,2,2,1,2,2,1,1,1,3
9474765,1,1,1,3,3,2,3,1,1,2,2,2,2,2,2,2,2,1,1,3
9513653,1,1,1,2,3,2,1,1,1,2,2,2,2,2,2,2,3,1,1,3
9453019,1,1,2,3,3,2,3,2,4,1,2,2,2,2,2,3,1,1,1,3
9562094,1,1,1,2,1,2,3,2,1,1,2,2,2,1,2,2,1,1,1,3
9797820,1,1,1,2,3,2,1,2,1,2,2,2,2,1,2,2,2,1,3,3
9985505,1,1,1,3,1,2,4,2,1,1,2,2,2,2,2,2,1,1,1,3
9439643,1,1,1,2,1,2,2,2,1,2,3,2,2,1,2,1,3,1,1,3
9959906,1,1,2,3,4,2,4,2,3,2,1,1,2,1,2,2,1,1,1,3
9953106,1,1,1,2,4,2,4,1,1,2,1,2,2,1,2,2,1,1,1,3
9963095,1,1,1,2,4,2,3,1,1,2,1,2,2,2,2,2,1,1,1,3
9543581,1,1,1,3,3,2,3,1,1,2,2,2,2,1,2,2,1,1,1,3
9558396,1,1,1,2,1,2,2,2,1,1,3,2,2,1,2,2,1,1,2,3
9969083,1,1,1,3,3,2,4,2,1,1,2,2,2,2,2,1,2,1,1,3
9560387,1,1,1,3,2,2,2,2,1,1,2,2,2,2,2,1,1,1,2,3
9741827,1,1,1,2,1,2,3,2,1,1,2,2,2,1,2,3,1,1,1,3
9531075,1,1,2,3,1,2,4,2,4,1,2,2,2,1,2,2,1,1,1,3
9551928,1,1,2,2,5,2,1,2,4,1,1,2,1,1,2,2,1,1,1,3
9959900,1,1,1,3,1,2,4,2,1,1,3,2,2,2,2,2,1,1,1,2
9452708,1,1,1,2,3,2,3,2,1,1,2,2,2,1,2,2,1,1,2,3
9424670,1,1,1,2,3,2,1,2,1,1,2,2,2,2,2,2,1,1,1,3
9502516,1,1,1,1,1,2,2,2,1,1,2,2,2,1,2,2,1,1,1,3
9959898,1,1,3,2,3,2,2,2,4,1,2,1,2,2,2,2,1,1,1,3
9463803,1,2,1,3,1,2,3,2,1,1,2,2,2,1,2,3,1,1,1,3
9490130,1,2,1,2,3,2,1,2,1,1,2,2,2,2,2,1,2,1,1,3
9487605,1,2,2,3,2,2,3,2,4,1,2,2,2,2,2,1,1,1,1,2
9959896,1,2,1,2,1,2,2,2,1,1,2,1,2,2,2,2,1,1,2,3
9571729,1,2,1,3,2,2,2,1,1,1,2,1,2,2,2,3,1,1,1,3
9442835,1,2,1,3,3,2,2,2,1,1,2,2,2,2,2,1,2,1,1,3
9507544,1,1,2,2,2,2,2,1,4,2,2,2,2,1,2,2,1,2,1,3
9953103,1,1,2,2,4,2,4,1,4,2,1,2,2,2,2,2,1,1,1,3
9418678,1,1,2,2,4,2,3,1,3,2,1,2,2,2,2,2,1,1,1,3
9428414,1,1,2,2,3,2,1,1,2,2,2,1,2,1,2,2,1,1,1,3
9997710,1,1,2,3,3,1,4,1,4,2,2,2,2,2,2,2,1,2,3,3
9963093,1,1,1,2,5,2,4,1,1,2,1,2,2,2,2,2,1,1,1,3
9468709,1,1,1,2,3,2,3,1,1,2,2,2,2,1,2,2,1,1,1,3
9542572,1,1,1,3,1,2,3,1,1,2,2,2,2,1,2,2,1,1,3,3