Crash ID,Date,Day of Week,Time,Lane Count,Crash Type,Functional Class,Speed Limit,Environmental Conditions,Light Conditions,Surface Condition,Total Vehicles Involved,Curve Related,Alcohol Involved,Distracted Driving Involved,Drugged Driver Involved,Older Driver Involved,Temp Traffic Control Zone,Traffic Controls Present,Vehicle Type,Severity
9985500,1,1,1,3,4,2,4,1,1,2,1,2,2,2,2,2,1,1,1,3
9979711,1,1,2,3,1,2,4,1,4,2,2,2,2,2,2,2,1,1,1,3
9531117,1,1,1,3,2,2,3,2,1,1,2,2,2,1,2,2,1,1,1,3
9536466,1,1,1,2,1,2,2,2,1,1,2,1,2,1,2,2,1,1,1,3
9419456,1,1,1,2,1,2,2,1,1,1,3,2,2,1,2,1,1,1,1,2
9995345,4,1,2,3,3,2,4,2,4,1,2,2,2,2,2,2,1,1,1,3
9966190,4,1,2,3,1,2,4,2,4,1,2,2,2,2,2,2,2,1,1,3
9961170,4,1,2,3,1,2,4,2,4,1,2,2,2,2,2,2,1,1,1,3
9554209,4,1,1,2,1,2,1,2,1,1,2,2,2,1,2,2,1,2,1,3
9546334,4,1,1,2,1,2,1,2,1,1,2,2,2,1,2,1,1,1,1,3
9737044,4,1,1,2,1,2,1,2,1,1,2,2,2,1,2,1,1,2,1,2
9698911,4,1,1,2,2,2,1,1,1,2,2,2,2,2,2,2,1,1,1,3
9530579,4,1,1,2,5,2,3,2,1,1,1,2,2,2,2,2,2,1,1,3
9425734,4,1,1,2,1,2,2,2,1,1,2,2,2,2,2,1,1,1,1,3
9516442,4,1,1,3,4,2,2,2,1,1,1,2,2,1,2,2,1,1,1,3
9542371,4,1,1,2,1,2,2,2,1,1,2,2,2,1,2,2,1,1,1,3
9959894,4,1,1,2,1,2,2,2,1,1,2,2,2,2,2,2,1,1,2,3
9476892,4,1,3,2,3,2,3,2,4,1,2,2,2,2,2,2,1,1,1,3
9431810,4,1,2,2,2,2,3,2,4,1,2,1,2,2,2,1,1,2,1,2
9966187,4,1,2,3,1,2,4,2,4,1,2,2,2,2,2,2,1,1,1,3
9419443,4,1,1,2,1,2,3,2,1,1,2,2,2,1,2,2,1,1,1,3
9458828,4,1,1,2,3,2,1,2,1,1,2,2,2,2,2,2,1,2,1,3
9576695,4,1,1,3,2,2,2,2,1,1,2,1,2,2,2,1,1,1,1,3
9494878,4,1,1,2,1,2,3,2,1,1,2,2,2,1,2,2,1,1,1,3
9522500,4,1,2,3,1,2,2,2,3,1,2,2,2,2,2,2,1,1,1,3
9425865,4,1,1,2,2,2,1,2,1,1,2,1,2,1,2,1,1,1,1,3
9533072,4,1,1,2,1,2,4,2,1,1,2,2,2,2,2,2,3,1,1,3
9450450,4,1,1,2,3,2,2,2,1,1,2,2,2,2,2,2,2,1,3,3
9476703,4,1,1,2,2,2,3,2,1,1,2,2,2,1,2,1,1,1,1,3
9412198,4,1,1,3,3,2,3,2,1,1,2,2,2,2,2,1,1,1,3,3
9983512,4,2,1,3,3,2,1,2,1,2,2,2,2,2,2,2,2,2,3,3
9569148,4,2,1,2,2,2,2,1,1,2,2,2,2,1,2,2,1,1,1,3
9419122,4,2,2,2,4,2,3,2,4,2,1,2,2,2,2,2,1,1,1,3
9990143,4,2,1,3,1,2,4,1,1,2,2,1,2,1,2,2,1,1,1,3
9953020,4,2,3,2,5,2,4,2,4,2,1,1,2,2,2,2,1,1,1,2
9961166,4,2,3,3,3,2,4,2,4,1,2,2,2,2,2,2,1,1,3,3
9425863,4,1,2,2,1,2,1,1,3,2,3,2,2,1,2,2,1,1,1,3
9563326,4,1,1,3,1,2,2,1,3,2,2,2,2,1,2,2,1,1,1,3
9419109,4,1,1,3,3,2,3,1,1,2,2,2,2,1,2,2,1,1,2,3
9978361,4,1,1,3,1,2,4,1,1,2,2,1,2,1,2,2,1,1,2,3
9961163,4,1,1,3,1,2,4,1,1,2,2,2,2,2,2,2,1,1,1,3
9412674,4,1,1,2,3,2,3,1,1,2,2,2,2,1,2,2,1,1,3,3
9425860,4,1,1,2,1,2,1,1,1,2,2,2,2,1,2,2,1,1,1,3
9411976,4,1,1,3,1,2,3,1,1,2,2,2,2,2,2,2,1,1,3,3
9421620,4,1,1,2,3,2,2,1,1,2,2,2,2,1,2,2,1,1,1,3
9544538,4,1,1,2,1,2,3,1,1,2,2,2,2,2,2,2,1,1,1,3
9526264,4,1,1,2,3,2,3,1,1,2,2,2,2,2,2,2,1,1,3,3
9960576,4,1,1,3,1,2,3,1,1,2,2,2,2,1,2,2,1,1,2,3
9421995,4,1,1,2,3,2,3,1,1,2,2,2,2,2,2,2,1,1,3,3
9447681,4,1,2,2,4,2,3,1,3,2,1,1,2,1,2,2,1,1,1,3
9959882,4,1,2,2,3,2,2,2,4,1,2,1,2,2,2,2,1,1,2,3
9543386,4,1,1,3,3,2,3,2,1,1,2,2,2,2,2,2,1,1,3,3
9516022,4,1,1,2,1,2,2,2,1,1,2,2,2,1,2,2,1,1,1,3
9560191,4,1,1,2,2,2,2,2,1,1,2,2,2,2,2,2,3,1,1,3
9541000,4,1,1,3,3,2,3,2,1,1,2,2,2,1,2,1,3,1,1,3
9425594,4,1,1,2,1,2,2,2,1,1,2,2,2,1,2,1,1,1,1,3
9715307,4,1,1,2,3,2,1,2,1,1,2,2,2,1,2,3,1,1,1,3
9563685,4,1,1,2,1,2,1,2,1,1,2,2,2,1,2,2,1,1,1,3
9995783,4,1,1,3,4,2,4,2,1,1,1,2,2,2,2,2,1,1,1,3
9775337,4,1,1,2,4,2,2,2,2,1,1,1,1,1,2,2,1,1,2,3
9516016,4,1,1,3,3,2,3,1,1,2,2,2,2,1,2,1,1,1,1,3
9969370,4,1,2,3,1,2,4,2,4,1,2,2,2,2,2,2,1,1,1,3
9969369,4,1,2,3,1,2,4,2,4,1,2,2,2,2,2,1,1,1,1,3
9496284,4,1,1,3,1,2,3,2,1,1,2,2,2,2,2,2,1,1,3,3
9520554,4,1,1,2,4,1,4,2,1,1,1,2,2,1,2,1,1,1,1,3
9496492,4,1,1,2,1,2,3,1,1,2,2,2,2,1,2,2,1,1,2,3
9715304,4,1,1,3,1,2,4,1,1,1,2,2,2,1,2,2,2,1,2,3
9484824,4,1,1,3,1,2,1,1,1,2,2,1,2,1,2,1,1,1,2,3
9448498,4,1,1,2,4,2,1,2,1,1,2,1,2,1,2,3,1,1,1,3
9422014,4,1,1,2,1,2,3,2,1,2,2,2,2,1,2,2,1,1,3,3
9417981,4,1,3,2,1,2,3,2,4,2,2,2,2,2,2,2,1,1,3,3
9465686,4,1,1,2,4,2,4,1,2,2,2,1,2,2,2,2,1,1,3,3
9968877,4,2,1,2,4,2,4,2,1,2,1,2,2,1,2,2,1,1,1,3
9514199,4,2,2,2,1,2,1,1,4,2,2,2,2,2,2,2,1,1,1,3
9953100,4,2,2,2,4,2,4,1,3,2,1,2,2,2,2,2,1,1,1,3
9541561,4,2,1,2,1,2,3,2,4,1,2,2,2,2,2,1,1,1,1,3
9471063,4,2,1,2,2,1,3,2,1,1,2,2,2,1,2,1,1,1,1,3
9512832,4,1,1,3,1,2,3,1,1,2,3,2,2,2,2,1,1,1,1,3
9494872,4,1,1,2,1,2,3,1,1,2,2,2,2,1,2,2,1,1,1,3
9465244,4,1,1,3,3,2,2,2,1,1,2,2,2,1,2,2,1,1,3,3
9959870,4,1,1,2,3,2,2,2,1,1,2,1,2,2,2,2,1,1,2,3
9444791,4,1,1,3,1,2,3,1,1,2,3,2,2,2,2,1,1,1,1,3
9449703,4,1,1,2,3,2,1,1,1,2,2,2,2,1,2,1,1,1,2,3
9959869,4,1,1,2,3,2,2,2,1,1,2,2,2,2,2,1,1,2,1,3
9483633,4,1,1,3,1,2,3,2,1,1,2,2,2,1,2,2,1,1,1,3
9959868,4,1,1,2,3,2,2,2,1,1,2,2,2,2,2,1,1,1,3,3
9975091,4,1,1,2,1,2,3,2,1,1,2,2,2,2,2,2,2,1,1,3
9482814,4,1,1,3,3,2,3,1,1,1,2,2,2,1,2,2,2,2,3,3
9573183,4,1,1,2,3,2,3,1,1,2,2,1,2,2,2,2,1,1,3,3
9971178,4,1,1,2,1,2,4,2,1,1,2,2,2,2,2,3,1,1,1,3
9561905,4,1,1,2,3,2,3,2,1,1,2,2,2,2,2,2,1,1,1,3
9564969,4,1,1,2,1,2,1,2,1,2,3,2,2,2,2,2,1,2,1,3
9549905,4,1,1,3,1,2,3,2,1,1,2,2,2,1,2,1,1,1,1,3
9959863,4,1,1,2,3,2,2,2,1,1,2,1,2,2,2,1,1,1,1,3
9465468,4,1,1,2,3,2,3,2,1,1,2,2,2,1,2,2,1,1,3,3
9484605,4,1,1,3,1,2,3,2,1,1,2,2,2,1,2,2,1,1,1,3
9982273,4,1,1,3,3,2,4,2,1,1,2,2,2,2,2,2,1,1,3,3
9461829,4,1,1,2,1,2,3,2,1,1,2,2,2,1,2,2,1,1,1,3
9959862,4,1,1,3,1,2,4,2,1,1,2,2,2,2,2,2,1,1,1,3
9445116,4,1,1,2,4,2,2,2,4,1,1,2,2,1,2,2,1,1,3,3
9701490,4,1,1,3,1,2,4,2,2,1,2,2,2,1,2,2,1,1,1,3
9549903,4,1,1,2,1,2,2,2,1,1,2,2,2,2,2,2,1,2,1,3
9985487,4,1,1,3,3,2,4,2,1,1,2,2,2,1,2,1,1,1,3,3
9484244,4,1,1,2,1,2,2,2,1,1,2,2,2,2,2,2,1,1,1,3
9961147,4,1,1,3,3,2,4,2,1,1,2,2,2,2,2,1,1,1,1,3
9971177,4,2,2,3,4,2,4,2,2,1,1,2,2,2,2,2,1,1,1,3
9959860,4,2,2,2,4,2,4,2,4,1,1,2,2,2,2,2,1,1,1,3
9439257,4,2,1,2,3,2,4,1,4,2,2,1,2,1,2,3,1,1,1,3
9960565,4,2,1,3,3,2,3,1,1,2,2,2,2,2,2,1,1,1,2,3
9979678,4,2,2,3,1,2,4,1,4,2,2,2,2,2,2,2,1,1,2,3
9959858,4,2,1,2,3,2,4,1,1,2,2,2,2,2,2,2,1,1,1,3
9962127,4,2,1,3,3,2,4,2,1,1,2,2,2,2,2,2,1,1,2,3
9968874,4,2,1,2,3,2,4,2,1,1,2,2,2,1,2,2,1,1,3,2
9971562,4,2,3,3,1,2,4,2,4,1,2,2,2,2,2,2,1,1,1,3
9970727,4,1,2,2,1,2,4,2,4,1,2,2,2,2,2,2,1,1,1,3
9990137,4,1,1,3,3,1,4,2,2,1,2,2,2,2,2,2,1,1,3,3
9971135,4,1,1,2,3,2,3,2,1,1,2,2,2,2,2,2,1,1,1,3
9425689,4,1,1,2,1,2,3,2,1,1,2,2,2,1,2,1,3,2,1,3
9959855,4,1,1,3,1,2,4,2,1,1,2,2,2,1,2,2,1,2,1,3
9490772,4,1,1,3,1,2,1,2,1,1,2,2,1,1,2,2,2,1,1,3
9953369,4,1,1,2,1,2,4,2,1,1,2,2,2,1,2,3,1,1,2,3
9968872,4,1,2,3,1,2,4,2,3,1,2,1,2,2,2,2,1,2,1,3
9959681,4,1,2,3,1,2,4,2,4,1,2,2,2,2,2,2,1,1,1,3
9959853,4,1,1,2,1,2,2,2,2,1,2,2,2,1,2,2,1,1,1,3
9484285,4,1,1,2,2,2,2,2,1,1,2,2,2,2,2,2,1,1,1,3
9431923,4,1,1,3,3,2,2,2,1,1,2,2,2,1,2,2,1,1,3,3
9959851,4,1,2,3,3,2,4,1,4,2,2,2,2,2,2,2,1,1,1,3
9953368,4,1,2,2,1,2,4,1,3,2,2,2,2,2,2,2,1,2,1,3
9959850,4,1,1,3,1,2,4,1,2,2,2,2,2,2,2,2,1,1,1,3
9953097,4,1,1,2,3,2,4,1,1,2,2,1,1,2,2,2,1,1,1,3
9424094,4,1,1,2,4,2,2,1,1,2,1,1,2,2,2,2,1,1,1,3
9435011,4,1,1,3,4,2,1,1,1,2,1,2,2,2,2,2,1,1,1,3
9552105,4,1,1,3,1,2,1,1,1,2,2,2,2,2,2,2,1,1,1,3
9443580,4,1,1,2,2,2,2,1,1,2,2,2,2,2,2,2,1,2,1,3
9552103,4,1,3,2,1,2,1,2,4,1,2,2,2,1,2,2,1,2,1,3
9572139,4,1,2,2,2,2,1,2,3,1,2,2,2,1,2,2,1,1,1,3
9959847,4,1,1,2,5,2,4,2,1,1,2,2,2,2,2,2,1,1,3,3
9967627,4,1,2,2,1,2,4,2,4,1,2,2,2,2,2,2,1,1,1,3
9968871,4,1,2,2,3,2,4,2,4,1,2,2,2,2,2,2,1,1,1,3
9984455,4,1,1,3,1,2,4,2,3,1,2,2,2,2,2,2,1,1,1,3
9531591,4,1,1,2,2,2,4,2,1,1,2,2,2,1,2,2,3,1,1,3
9544880,4,1,1,3,1,2,3,2,1,1,2,2,2,1,2,2,1,1,1,3
9531177,4,1,1,2,1,2,2,2,1,1,2,2,2,1,2,2,1,1,3,3
9423729,4,1,1,3,4,2,2,2,1,1,1,1,2,1,2,2,1,1,3,3
9982602,4,1,1,2,1,2,4,2,1,1,2,2,2,2,2,2,1,1,1,3
9520958,4,2,1,2,4,2,4,1,1,2,1,1,2,2,2,2,1,1,1,3
9444606,4,2,1,3,1,2,3,2,2,1,2,2,2,2,2,2,1,1,1,3
9966873,4,2,1,2,3,2,3,2,1,1,2,2,2,1,2,2,1,1,3,3
9569811,4,2,1,2,2,2,1,2,1,1,2,2,2,1,2,2,1,1,2,3
9472769,4,2,1,2,3,2,1,2,2,1,2,2,2,2,2,2,1,1,1,3
9522217,4,2,3,3,1,2,2,2,4,1,2,2,2,2,2,2,1,1,1,3
9698077,4,1,2,3,1,2,4,2,4,1,2,2,2,1,2,3,1,1,1,3
9442857,4,1,1,3,1,2,1,2,1,1,3,2,2,2,2,3,1,1,1,3
9489604,4,1,1,3,1,2,3,2,1,1,2,2,2,1,2,1,3,1,1,3
9560860,4,1,1,3,1,2,3,2,1,1,2,2,2,2,2,2,1,1,1,3
9452237,4,1,1,2,3,2,2,2,1,1,2,2,2,1,2,2,1,1,2,3
9994673,4,1,3,3,4,2,4,2,3,2,1,1,2,1,2,2,1,1,1,3
9512436,4,1,2,2,3,2,1,1,4,1,2,2,2,1,2,1,1,2,3,3
9985481,4,1,2,3,4,2,4,2,3,1,1,2,2,2,2,2,1,1,3,3
9569809,4,1,2,2,4,2,1,2,4,1,1,2,2,1,2,1,3,2,1,3
9996932,4,1,1,3,1,1,4,1,1,1,2,1,2,1,2,2,2,1,3,3
9563889,4,1,1,2,2,2,1,2,1,1,2,2,2,2,2,2,1,1,1,3
9465446,4,1,1,3,3,2,2,2,1,1,2,1,2,2,2,1,1,1,3,3
9961132,4,1,2,3,1,2,4,2,4,1,2,2,2,1,2,2,1,1,2,3
9456846,4,1,1,3,1,2,1,2,1,1,2,2,2,1,2,2,1,1,1,3
9545852,4,1,1,3,1,2,3,2,1,1,2,2,2,1,2,2,1,1,1,3
9545851,4,1,1,3,1,2,3,2,1,1,2,2,2,1,2,3,1,1,1,3
9530839,4,1,2,2,1,2,2,1,4,2,2,2,2,2,2,2,1,1,1,3
9483008,4,1,1,3,2,2,1,1,1,2,2,2,2,1,2,2,1,2,3,3
9971171,4,1,1,3,3,2,4,2,1,1,2,2,2,2,2,1,1,1,1,3
9993967,4,1,1,3,1,2,4,1,1,1,3,2,2,2,2,2,1,1,3,3
9499464,4,1,1,2,3,2,3,2,1,2,2,1,2,2,2,2,1,1,2,3
9968870,4,1,1,2,3,2,4,1,1,2,2,2,2,1,2,2,1,1,1,3
9521779,4,1,3,2,1,2,1,1,4,2,3,2,2,2,2,2,1,1,1,3
9967186,4,1,2,3,1,2,4,2,3,1,2,2,2,2,2,2,1,1,3,3
9977515,4,1,1,3,1,2,3,1,1,2,3,2,2,2,2,1,1,1,1,3
9428283,4,1,1,2,2,2,2,2,1,1,2,2,2,1,2,3,1,1,1,3
9966872,4,1,3,2,3,2,3,2,4,1,2,2,2,1,2,2,1,1,3,3
9982601,4,2,2,2,4,2,4,2,4,1,1,2,2,1,2,2,1,1,3,3
9953095,4,2,1,2,4,2,4,1,3,2,1,1,2,2,2,2,1,1,1,3
9714529,4,2,1,3,1,2,2,2,4,2,3,2,2,1,2,2,1,1,1,3
9434514,4,2,1,2,2,2,3,1,1,2,2,2,2,2,2,1,1,1,2,3
9982600,4,2,1,2,4,2,4,1,3,2,1,2,2,1,2,2,1,1,1,3
9543799,4,2,3,2,1,2,1,2,4,1,2,1,2,2,2,2,1,1,1,3
9499460,4,2,2,2,2,2,3,2,4,1,2,2,2,2,2,2,1,1,1,3
9418104,4,2,1,2,3,2,3,2,1,1,2,2,2,2,2,2,1,1,1,3
9466488,4,2,1,3,3,2,3,2,1,1,2,2,2,2,2,2,1,1,3,3
9971168,4,2,1,3,3,2,4,2,1,1,2,2,2,2,2,2,1,1,2,3
9451467,4,2,1,2,3,2,2,2,1,1,2,2,2,2,2,2,1,1,2,3
9495715,4,2,1,2,3,2,2,2,1,1,2,2,2,1,2,1,1,2,1,3
9535622,4,2,1,2,2,2,1,2,1,1,2,2,2,1,2,1,1,1,1,3
9418980,4,2,1,2,4,2,3,1,1,1,1,2,2,1,2,2,1,1,1,3
9961123,4,1,2,3,1,2,4,2,1,1,2,2,2,2,2,2,1,1,1,3
9968869,4,1,1,2,1,2,4,2,2,1,2,1,2,1,2,3,1,1,1,3
9959833,4,1,1,3,1,2,4,2,1,1,2,2,2,2,2,1,1,1,3,3
9541422,4,1,1,2,2,2,2,2,1,1,2,2,2,2,2,2,1,1,3,3
9537846,4,1,1,2,2,2,1,2,1,1,2,2,2,2,2,1,1,1,1,3
9418217,4,1,1,3,3,2,2,2,1,1,2,2,2,2,2,2,1,1,3,3
9423230,4,1,3,2,3,2,3,2,4,1,2,1,2,1,2,2,1,1,1,3
9959830,4,1,1,3,1,2,4,2,1,1,2,2,2,2,2,2,1,1,1,3
9983962,4,1,1,3,3,2,4,2,1,1,2,2,2,2,2,1,1,1,3,3
9501138,4,1,1,2,2,2,3,2,1,1,2,2,2,2,2,2,3,1,2,3
9506726,4,1,1,2,1,2,2,2,1,1,3,2,2,1,2,2,1,2,1,3
9430497,4,1,2,2,3,2,3,2,3,1,2,2,2,2,2,2,1,1,3,3
9636159,4,1,1,2,1,2,3,2,1,1,3,2,2,1,2,3,1,1,2,3
9997684,4,1,1,2,1,1,3,2,1,1,2,1,2,1,2,1,2,1,1,3
9995946,4,1,1,3,1,2,4,2,1,1,2,2,2,2,2,1,1,1,1,2
9953093,4,1,1,2,3,2,4,1,4,1,2,2,2,2,2,2,1,1,1,3
9466277,4,1,3,3,3,2,2,2,4,1,2,2,2,1,2,2,1,1,3,3
9430496,4,1,3,2,3,2,3,2,3,1,2,2,2,2,2,2,1,1,3,3
9560691,4,1,1,2,2,2,2,2,4,2,2,2,2,1,2,3,1,1,1,3
9413347,4,1,1,2,4,2,2,2,1,1,1,2,2,1,2,2,1,1,3,3
9450640,4,1,1,2,1,2,2,1,1,2,2,2,2,2,2,1,1,1,2,3
9971162,4,1,1,2,1,2,4,1,1,2,2,1,2,2,2,2,1,1,3,3
9968868,4,1,1,3,4,2,4,1,1,2,1,2,2,1,2,2,1,1,1,3
9540846,4,1,1,2,4,2,3,1,1,2,1,2,2,2,2,2,1,1,1,3
9634767,4,1,1,2,1,2,1,1,2,2,2,2,2,1,2,2,1,1,1,3
9487524,4,1,2,2,1,2,3,2,4,1,2,2,2,1,2,3,1,1,1,3
9515010,4,1,2,2,4,2,3,2,3,1,1,2,2,1,2,2,1,1,1,3
9522950,4,1,1,2,1,2,2,1,1,1,2,2,2,1,2,1,1,1,2,3
9484328,4,1,1,2,3,2,1,2,1,1,2,2,2,2,2,1,1,1,1,3
9977507,4,1,1,3,4,2,3,2,1,1,1,2,2,1,2,2,2,1,1,3
9457334,4,1,1,2,2,2,3,2,1,1,2,2,2,2,2,2,1,1,2,3
9959825,4,2,1,3,4,2,4,2,1,1,1,1,2,2,2,2,1,1,1,3
9953014,4,2,1,2,4,2,4,2,1,1,1,1,2,2,2,2,1,2,1,3
9574041,4,2,1,2,3,2,3,2,1,1,2,2,2,1,2,2,1,1,1,3
9427487,4,2,1,2,2,1,3,2,1,1,2,1,2,2,2,1,1,1,1,2
9967601,4,1,2,2,4,2,4,2,3,1,2,1,2,2,2,2,1,1,1,3
9443077,4,1,2,2,2,2,2,2,4,1,2,2,2,2,2,1,1,1,1,3
9953360,4,1,2,2,3,2,4,2,3,1,2,2,2,2,2,3,1,1,1,3
9959822,4,1,1,2,1,2,4,2,4,1,2,2,2,1,2,2,1,1,1,3
9549604,4,1,1,2,3,2,2,2,1,1,2,2,2,2,2,1,3,2,1,3
9570594,4,1,1,2,3,2,3,2,1,1,2,2,2,1,2,1,1,1,3,3
9987634,4,1,1,3,3,2,4,2,1,1,2,2,2,2,2,2,1,1,3,3
9416851,4,1,1,3,3,2,1,2,1,1,2,2,2,2,2,2,1,1,2,3
9572807,4,1,1,3,2,2,2,2,1,1,2,1,2,1,2,2,1,1,1,3
9562940,4,1,1,3,3,2,2,2,1,1,2,2,2,1,2,2,2,1,2,3
9959819,4,1,1,2,3,2,2,2,1,1,2,2,2,2,2,2,1,1,3,3
9953091,4,1,2,2,5,2,4,2,3,1,2,2,2,2,2,2,1,1,2,3
9489937,4,1,1,3,3,2,1,2,4,1,2,2,2,2,2,1,1,1,2,3
9490852,4,1,1,3,3,2,1,2,4,1,2,2,2,2,2,1,1,1,2,3
9982598,4,1,1,2,4,2,4,2,1,1,1,2,2,1,2,2,1,1,1,3
9953015,4,1,1,2,5,2,4,2,1,1,1,1,2,2,2,2,1,1,1,3
9961112,4,1,1,3,3,2,4,2,1,1,2,2,2,2,2,2,1,1,3,3
9560685,4,1,1,2,2,2,2,2,2,1,2,2,2,1,2,2,1,1,2,3
9970714,4,1,2,2,1,2,4,2,4,1,3,2,2,2,2,2,1,1,1,3
9960549,4,1,1,3,3,2,4,1,1,2,2,2,2,2,2,2,1,1,3,3
9479425,4,1,1,3,3,2,4,1,1,2,2,2,2,2,2,2,1,1,3,3
9554763,4,1,2,3,4,2,4,2,4,1,2,2,2,1,2,2,1,1,2,3
9961109,4,1,2,3,1,2,4,2,4,1,2,2,2,2,2,2,1,1,1,3
9491845,4,1,1,2,3,2,2,2,4,1,2,2,2,1,2,2,1,1,1,3
9444474,4,1,1,3,1,2,3,2,3,1,2,2,2,2,2,2,1,1,2,3
9491841,4,1,1,3,2,2,2,2,1,1,2,2,2,1,2,2,1,1,2,3
9450498,4,1,1,2,3,2,2,2,1,1,2,2,2,2,2,3,1,1,1,3
9466270,4,1,1,2,3,2,2,1,1,1,2,2,2,2,2,2,1,1,3,3
9959816,4,1,1,2,3,2,4,2,1,1,2,2,2,2,2,2,1,1,1,3
9959813,4,1,1,3,1,2,4,2,1,1,2,2,2,2,2,2,1,1,1,3
9428988,4,1,2,3,2,2,2,2,4,1,2,2,2,1,2,2,1,1,2,3
9458251,4,1,2,3,3,2,2,2,2,1,2,2,2,1,2,2,1,2,1,3
9465197,4,1,1,2,3,2,3,2,1,1,2,2,2,2,2,2,1,1,3,3
9525081,4,1,1,2,3,2,3,2,1,1,2,2,2,1,2,1,1,1,1,3
9414627,4,1,1,2,3,2,4,2,1,1,2,1,2,2,2,2,1,1,1,3
9964411,4,1,1,3,1,2,4,2,1,1,2,2,2,2,2,2,1,1,1,3
9953359,4,1,1,2,1,2,4,2,1,1,2,2,2,2,2,1,1,1,1,3
9450493,4,1,1,2,1,2,2,2,1,1,2,2,2,1,2,2,1,1,1,3
9996402,4,1,3,3,4,2,4,2,4,1,1,2,2,1,2,2,1,1,1,3
9978339,4,2,2,3,5,2,4,2,4,1,1,1,2,2,2,2,2,1,1,3
9416116,4,2,2,2,2,2,3,2,3,1,2,1,2,2,2,3,1,1,1,3
9953089,4,2,1,2,4,2,4,2,1,1,1,2,2,2,2,1,1,1,1,3
9471997,4,2,1,2,2,2,1,2,1,1,2,2,2,2,2,2,1,2,1,3
9570376,4,2,1,3,1,2,2,2,1,1,2,2,2,1,2,2,1,1,2,3
9489621,4,2,3,2,2,2,1,1,4,2,2,1,2,2,2,2,1,1,1,3
9420619,4,1,1,3,1,2,3,1,4,2,3,2,2,1,2,3,3,2,1,3
9494855,4,1,1,2,1,2,3,1,1,2,2,2,2,1,2,2,1,1,1,3
9982597,4,1,1,2,5,2,4,1,1,2,1,2,2,1,2,2,1,1,3,3
9985471,4,1,1,3,4,2,4,1,1,2,2,2,2,1,2,2,1,1,1,3
9447032,4,1,1,2,2,2,3,1,2,2,2,2,2,1,2,2,1,1,2,3
9961103,4,1,2,3,3,2,4,2,1,1,3,2,2,2,2,3,1,1,1,3
9428986,4,1,1,3,3,2,2,2,1,1,2,2,2,1,2,2,1,2,2,3
9492993,4,1,1,3,3,2,3,2,1,2,2,2,2,1,2,1,1,1,1,3
9423243,4,1,1,3,3,2,1,1,1,2,2,2,2,1,2,2,1,1,2,3
9444462,4,1,1,3,1,2,3,1,1,1,2,2,2,1,2,2,1,1,2,3
9541682,4,1,1,2,3,2,2,1,1,2,2,2,2,2,2,2,3,1,1,3
9533990,4,1,1,2,2,2,1,2,1,2,2,2,2,1,2,2,1,1,1,3
9488996,4,1,1,2,3,2,1,2,1,1,2,2,2,2,2,2,3,1,1,3
9544079,4,1,1,2,1,2,2,2,1,2,2,2,2,1,2,3,1,1,1,3
9452360,4,1,2,2,4,2,3,2,4,1,1,2,2,2,2,2,1,1,1,3
9539721,4,1,1,3,3,2,1,2,1,1,3,2,2,1,2,1,1,1,1,3
9420090,4,1,1,2,4,2,3,2,1,2,1,2,2,1,2,2,1,1,1,3
9959805,4,1,1,3,3,2,4,2,4,2,2,2,2,2,2,2,1,2,3,3
9423218,4,1,1,3,1,2,1,2,1,1,2,2,2,1,2,2,1,1,2,3
9540495,4,1,1,2,1,2,3,2,1,2,2,2,2,2,2,2,1,1,1,3
9985470,4,1,1,3,3,2,4,2,1,1,2,2,2,2,2,1,1,1,3,3
9492185,4,2,1,3,1,2,2,2,2,1,2,2,2,2,2,3,1,1,1,3
9479226,4,2,1,2,4,2,1,2,1,2,1,2,2,2,2,2,1,1,3,3
9509517,4,2,1,3,3,2,1,2,1,2,2,2,2,2,2,2,1,1,1,3
9452365,4,2,1,3,1,2,3,2,1,2,2,2,2,1,2,2,1,1,1,3
9422327,4,2,3,2,4,2,3,2,4,1,1,2,2,2,2,1,1,1,1,3
9959801,4,1,2,2,1,2,2,2,4,1,3,2,2,2,2,2,1,1,1,3
9561655,4,1,1,2,1,2,1,1,3,2,2,2,2,2,2,2,1,1,1,3
9542526,4,1,1,2,1,2,3,2,1,2,2,2,2,1,2,2,2,1,1,3
9970838,4,1,1,3,3,2,3,2,1,2,2,2,2,1,2,2,1,1,1,3
9572298,4,1,1,2,2,2,1,1,1,2,2,2,2,1,2,1,3,1,1,3
9959799,4,1,1,3,3,2,4,2,1,2,2,2,2,2,2,2,1,1,1,2
9953084,4,1,1,2,1,2,4,2,1,2,2,2,2,2,2,2,1,1,1,3
9573281,4,1,1,3,1,2,2,1,1,2,2,2,2,2,2,2,3,1,1,3
9953356,4,1,1,2,4,2,4,1,1,2,1,1,2,2,2,2,1,2,1,3