Crash ID,Date,Day of Week,Time,Lane Count,Crash Type,Functional Class,Speed Limit,Environmental Conditions,Light Conditions,Surface Condition,Total Vehicles Involved,Curve Related,Alcohol Involved,Distracted Driving Involved,Drugged Driver Involved,Older Driver Involved,Temp Traffic Control Zone,Traffic Controls Present,Vehicle Type,Severity
9990113,4,1,1,2,4,2,4,1,1,2,1,2,2,2,2,2,1,2,1,3
9467132,4,1,3,3,3,2,3,1,4,2,2,2,2,2,2,2,1,1,3,3
9953355,4,1,2,2,4,2,4,1,4,2,1,2,2,2,2,2,1,1,1,3
9968858,4,1,2,2,4,2,4,2,3,1,1,1,2,2,2,2,1,1,1,3
9959794,4,1,2,3,1,2,4,2,4,1,2,2,2,1,2,2,1,1,1,3
9572482,4,1,1,2,2,2,2,2,1,1,2,2,2,1,2,1,2,1,1,3
9958723,4,1,1,2,3,2,4,2,1,1,2,2,2,2,2,1,1,1,2,3
9971143,4,1,1,2,1,2,4,2,1,1,2,1,2,2,2,2,1,1,1,3
9533876,4,1,3,3,1,2,3,2,4,1,2,2,2,2,2,2,1,2,1,3
9490905,4,1,3,2,5,2,2,2,4,1,1,2,2,2,2,2,1,1,3,3
9962126,4,1,1,2,1,2,4,2,4,1,2,2,2,2,2,2,1,1,2,3
9953083,4,1,1,2,4,2,4,2,2,1,1,2,2,1,2,3,1,1,1,3
9990112,4,1,1,3,1,2,4,2,4,1,2,1,2,2,2,2,1,2,1,3
9953082,4,1,1,2,1,2,4,2,1,1,2,1,2,1,2,2,1,1,1,3
9968854,4,1,1,2,1,2,4,2,1,1,2,2,2,1,2,2,1,1,1,3
9423847,4,1,1,3,1,2,1,2,1,1,2,2,2,1,2,2,1,1,1,3
9529974,4,1,1,2,2,2,3,2,1,1,2,2,2,1,2,1,1,1,1,3
9425120,4,1,1,2,4,2,3,2,1,1,1,1,2,2,2,2,1,1,1,3
9525789,4,1,1,2,1,2,1,2,1,1,2,2,2,1,2,2,3,1,1,3
9964393,4,1,1,3,4,2,4,2,1,1,1,2,2,1,2,2,2,1,1,3
9031739,4,2,2,2,3,2,2,2,4,1,2,2,2,1,2,2,1,1,1,3
9895815,4,2,1,3,1,2,3,2,1,2,3,2,2,1,2,2,3,1,1,2
9127279,4,2,1,3,2,2,3,1,1,2,2,2,2,2,2,3,1,1,1,3
9905903,4,2,3,3,4,2,4,2,4,1,1,2,1,2,2,2,1,1,1,2
9899400,4,1,2,2,3,2,4,2,1,1,2,2,1,1,2,2,1,1,1,3
9127278,4,1,2,3,2,2,3,2,4,1,2,2,2,2,2,2,1,1,1,3
9192670,4,1,2,2,3,2,3,2,3,1,2,2,2,2,2,2,1,1,3,3
9905001,4,1,1,2,1,2,4,2,1,1,2,2,2,2,2,2,1,1,2,3
9201736,4,1,1,2,1,2,3,2,1,1,2,2,2,2,2,2,1,1,1,3
9210462,4,1,1,3,1,2,3,2,1,1,2,2,2,2,2,2,1,1,1,3
9039016,4,1,1,3,3,2,3,2,1,1,2,2,2,2,2,2,1,1,1,3
9909468,4,1,1,3,1,2,4,2,1,1,2,2,2,2,2,3,1,1,1,3
9149044,4,1,1,2,3,2,3,2,1,1,2,1,2,2,2,2,1,1,1,3
9039015,4,1,1,3,3,2,3,2,1,1,2,2,2,2,2,2,1,1,1,3
9038290,4,1,1,2,3,2,3,2,1,1,2,2,2,2,2,1,2,2,2,3
9897890,4,1,1,2,4,2,4,2,1,1,1,2,2,2,2,2,1,1,1,3
9897889,4,1,2,2,1,2,4,2,3,1,2,2,2,1,2,1,1,1,1,3
9130758,4,1,1,2,3,2,2,2,1,1,2,2,2,1,2,2,1,1,2,3
9039014,4,1,1,3,1,2,3,2,2,1,2,2,2,2,2,2,1,1,1,3
9204356,4,1,1,2,2,2,1,2,1,1,2,2,2,2,2,2,1,1,1,3
9033171,4,1,1,2,1,2,3,2,1,2,2,2,2,2,2,2,1,1,2,3
9904994,4,1,1,2,3,2,2,2,1,1,2,2,2,2,2,3,1,1,3,3
9109657,4,1,1,3,3,2,1,2,1,1,2,2,2,2,2,2,1,1,3,3
9905899,4,1,1,3,3,2,4,2,1,1,2,2,2,2,2,3,1,1,1,3
9125173,4,1,1,3,3,2,2,2,1,1,2,2,2,1,2,3,1,1,3,3
9197238,4,1,1,3,1,2,4,2,1,1,2,1,2,1,2,2,1,1,3,3
9941326,4,1,3,3,1,2,4,2,4,1,2,2,1,1,2,2,2,1,2,3
9916187,4,1,1,3,1,2,4,2,1,1,2,2,2,1,2,2,1,1,1,3
9130577,4,1,1,3,3,2,2,2,1,1,2,2,2,2,2,1,1,1,3,3
9038549,4,1,1,2,3,2,1,2,1,1,2,2,2,1,2,2,1,2,3,3
9196424,4,1,1,3,1,2,4,2,1,1,2,2,2,1,2,1,1,1,1,3
9038843,4,2,1,2,1,2,3,2,1,1,2,2,2,1,2,2,1,1,1,3
9038839,4,2,1,3,3,2,3,2,1,1,2,2,2,2,2,2,1,1,1,3
9136625,4,2,1,3,1,2,3,2,1,1,2,2,2,1,2,2,1,1,1,3
9939598,4,2,2,3,3,2,4,1,4,2,2,2,2,1,2,2,1,1,1,3
9158555,4,1,1,3,3,2,3,2,4,1,2,2,2,2,2,2,1,1,2,3
9897692,4,1,1,2,4,2,4,2,2,1,1,1,2,1,2,2,1,1,1,3
9059033,4,1,1,2,1,2,1,2,1,1,2,2,2,1,2,1,1,1,1,3
9033359,4,1,1,2,1,2,2,1,1,1,2,1,2,2,2,2,1,1,1,3
9201770,4,1,1,2,1,2,3,2,1,1,2,2,2,1,2,2,1,1,1,3
9148729,4,1,1,3,1,2,3,2,1,1,3,2,2,1,2,1,1,1,1,3
9939597,4,1,1,3,3,2,4,2,1,1,2,2,2,1,2,2,2,1,3,3
9035698,4,1,1,1,1,2,2,2,1,1,2,1,2,1,2,1,1,1,1,3
9905268,4,1,1,3,1,2,4,2,1,1,2,1,2,2,2,2,1,1,1,3
9166887,4,1,1,3,3,2,4,2,1,1,2,2,2,1,2,1,2,1,3,3
9923371,4,1,1,3,1,2,4,2,1,1,2,2,2,1,2,2,1,1,3,3
9203780,4,1,1,2,4,2,1,2,1,1,1,2,2,2,2,2,1,1,3,3
9201765,4,1,1,3,3,2,1,2,1,1,2,2,2,1,2,2,1,1,1,3
9110312,4,1,1,2,3,2,3,2,1,1,2,2,2,1,2,2,1,2,3,3
9200998,4,1,2,2,3,2,3,2,4,1,2,2,2,2,2,2,1,1,3,3
9913238,4,1,2,2,1,2,4,2,4,1,3,2,2,2,2,2,1,2,1,3
9911188,4,1,2,3,1,2,4,2,4,1,2,2,2,2,2,2,1,1,1,3
9063846,4,1,2,3,3,2,2,2,4,1,2,2,2,1,2,1,1,2,2,3
9923373,4,1,1,3,1,2,4,2,4,1,3,2,2,1,2,2,1,1,1,3
9202744,4,1,1,3,3,2,2,2,4,1,2,2,2,1,2,1,1,1,1,3
9204097,4,1,1,3,3,2,2,2,1,1,2,2,2,2,2,2,1,1,2,3
9911444,4,1,1,3,3,2,4,1,1,1,2,1,2,2,2,2,2,1,3,3
9059715,4,1,1,3,1,2,1,2,1,1,2,2,2,1,2,2,1,1,1,3
9904982,4,1,1,3,3,2,4,2,2,1,2,2,2,2,2,2,1,1,1,3
9200992,4,1,1,2,1,2,3,2,1,1,2,2,2,2,2,2,1,1,3,3
9897691,4,1,1,2,1,2,4,2,1,1,2,2,2,2,2,1,1,1,1,3
9038710,4,1,1,2,3,2,1,2,1,1,2,2,2,1,2,1,3,1,1,3
9901759,4,1,1,2,1,1,3,2,1,1,2,2,2,2,2,2,1,1,1,3
9035799,4,1,1,2,1,2,3,2,1,1,2,1,2,2,2,1,1,1,1,3
9154607,4,1,1,2,3,2,2,2,1,1,2,2,2,1,2,2,1,1,1,3
9145186,4,1,1,2,4,1,3,2,1,1,1,2,2,1,2,3,1,1,2,3
9203495,4,1,1,2,1,2,3,2,1,2,2,2,2,1,2,2,1,1,1,3
9917644,4,1,2,3,3,2,4,2,4,1,2,2,2,2,2,1,1,1,3,3
9030067,4,1,2,2,1,2,1,2,4,1,2,2,2,1,2,2,1,1,1,3
9166776,4,1,2,3,3,2,3,2,4,1,2,2,2,2,2,3,1,1,1,3
9905888,4,1,2,3,3,2,4,2,4,1,2,2,2,2,2,2,1,1,1,3
9166775,4,1,2,2,3,2,2,2,4,1,2,2,2,2,2,1,1,1,1,3
9128979,4,1,1,3,5,2,2,2,4,1,2,2,2,2,2,2,3,1,3,3
9166774,4,1,1,3,1,2,3,2,2,1,2,2,2,2,2,2,1,1,1,3
9104751,4,1,1,2,3,2,3,2,1,1,2,2,2,2,2,2,1,1,3,3
9929961,4,1,1,3,3,2,4,2,1,1,2,2,2,2,2,1,2,1,3,3
9904979,4,1,1,2,3,2,2,2,1,1,2,2,2,2,2,2,1,1,1,3
9139263,4,2,2,2,1,2,3,2,4,1,3,2,2,1,2,2,2,1,1,3
9146357,4,2,1,2,1,2,3,2,4,1,3,2,2,1,2,3,1,1,1,3
9916182,4,2,1,2,1,2,4,2,1,1,2,2,2,2,2,2,1,1,2,3
9904978,4,2,1,2,1,2,2,2,4,2,2,1,2,2,2,2,1,1,1,3
9166755,4,2,1,2,3,2,2,2,1,2,2,2,2,2,2,2,1,1,1,3
9905885,4,2,1,3,3,2,4,2,1,2,2,2,2,2,2,2,1,1,3,3
9154417,4,2,1,3,3,2,3,2,1,2,2,2,2,1,2,2,1,1,1,3
9923368,4,2,3,3,4,2,4,2,2,2,1,1,2,1,2,2,1,2,1,3
9105377,4,1,2,2,3,2,3,1,4,2,2,1,2,2,2,2,1,1,3,3
9061384,4,1,1,3,1,2,3,2,1,1,2,2,2,2,2,2,1,1,2,3
9178435,4,1,1,3,1,2,3,1,1,1,2,2,2,1,2,2,1,1,1,3
9034789,4,1,1,3,3,2,1,2,1,1,2,2,2,2,2,2,1,1,1,3
9036509,4,1,1,3,1,2,3,2,2,1,3,2,2,2,2,2,1,1,2,3
9036508,4,1,1,3,1,2,3,2,2,1,2,2,2,2,2,2,1,1,1,3
9939591,4,1,2,3,4,2,4,2,4,1,1,2,2,2,2,2,1,1,1,3
9037176,4,1,2,2,1,2,2,2,4,2,2,2,2,1,2,2,1,1,1,3
9178433,4,1,2,2,3,2,2,2,4,1,2,2,2,1,2,1,1,1,2,3
9930594,4,1,1,3,3,2,4,2,4,1,2,2,2,2,2,1,1,1,2,3
9146046,4,1,1,2,1,2,4,2,4,1,2,2,2,2,2,2,1,1,1,3
9205005,4,1,1,3,3,2,1,2,1,1,2,2,2,1,2,1,1,1,1,3
9028678,4,1,1,3,1,2,3,2,1,1,2,1,2,1,2,1,1,1,1,3
9204198,4,1,1,2,4,2,2,2,1,1,1,2,2,1,2,1,1,1,1,3
9136612,4,1,1,2,1,2,1,2,1,1,2,2,2,1,2,1,1,1,1,3
9062080,4,1,1,2,1,1,4,2,1,2,2,1,2,2,2,2,1,1,1,3
9196902,4,1,2,3,1,2,2,2,4,1,2,2,2,2,2,2,1,1,1,3
9195618,4,1,1,1,3,2,1,2,4,1,2,2,2,1,2,2,1,1,1,3
9923366,4,1,1,3,1,2,4,2,2,1,2,2,2,2,2,1,1,1,1,3
9036506,4,1,1,3,3,2,3,2,2,1,2,2,2,1,2,2,1,1,1,3
9039123,4,1,1,2,1,2,3,2,2,1,2,2,2,1,2,2,3,1,2,3
9198782,4,1,1,2,1,2,1,2,1,1,2,2,2,2,2,2,1,1,2,3
9128710,4,1,1,3,1,2,3,2,1,1,2,2,2,1,2,2,1,1,1,3
9153240,4,1,1,2,1,2,4,2,1,1,3,2,2,1,2,2,2,1,2,3
9108121,4,1,1,3,3,2,1,2,1,1,2,2,2,2,2,2,1,1,1,3
9062079,4,1,1,2,1,1,4,2,1,1,2,1,2,1,2,2,1,1,2,3
9029934,4,1,3,2,4,2,2,2,4,1,1,1,2,1,2,1,1,1,1,3
9158262,4,1,2,3,3,2,3,2,4,1,2,2,2,2,2,2,1,1,3,3
9916176,4,1,2,2,1,2,4,2,4,1,3,2,2,2,2,2,1,1,1,3
9124839,4,1,1,2,3,2,2,2,1,1,2,2,2,2,2,2,1,1,2,3
9911182,4,1,1,3,1,2,4,2,1,1,3,2,2,2,2,1,2,1,1,3
9939586,4,1,1,3,3,2,4,2,1,1,2,1,2,2,2,2,2,1,3,3
9905879,4,1,1,3,4,2,4,2,1,1,1,2,2,2,2,2,1,1,1,3
9124836,4,1,1,2,1,2,2,2,1,1,2,2,2,1,2,2,1,2,1,3
9196900,4,1,1,3,1,2,4,2,1,2,2,2,2,2,2,2,1,1,1,3
9911784,4,1,1,2,1,2,3,1,1,1,2,2,2,1,2,2,1,1,1,3
9158261,4,1,1,3,3,2,3,2,4,1,2,2,2,2,2,2,1,1,3,3
9930591,4,1,3,3,4,2,4,1,4,2,1,2,2,1,2,2,1,1,3,3
9196899,4,1,3,3,4,2,1,2,4,1,1,2,2,2,2,2,1,2,1,3
9904966,4,1,1,2,3,2,2,2,1,1,2,2,2,2,2,2,1,1,3,3
9904967,4,1,1,2,1,2,4,2,1,1,2,1,2,2,2,2,1,1,1,3
9124819,4,2,1,2,2,2,2,2,1,1,2,2,2,2,2,2,1,1,1,3
9914635,4,2,3,3,4,2,4,1,4,2,1,1,2,2,2,3,1,1,1,3
9196911,4,2,2,2,4,2,4,1,4,2,1,2,2,2,2,2,1,1,1,2
9914633,4,2,2,3,4,2,4,1,4,2,1,2,2,2,2,2,1,1,1,3
9905877,4,2,1,3,4,2,4,1,1,2,1,2,2,2,2,1,1,2,2,3
9124516,4,2,1,3,4,2,3,1,2,2,1,2,2,1,2,3,1,1,1,2
9909443,4,2,3,3,4,2,4,2,4,2,1,1,2,1,2,3,1,2,1,3
9198475,4,2,3,2,3,2,1,2,3,1,2,1,2,1,2,2,1,1,1,3
9124515,4,1,2,2,3,2,2,2,4,1,2,2,2,1,2,2,1,1,2,3
9901134,4,1,2,3,3,2,4,2,4,1,2,2,2,2,2,2,1,1,1,3
9904963,4,1,2,3,3,2,4,2,4,1,2,2,2,2,2,2,1,1,1,3
9132552,4,1,2,2,2,2,2,2,4,1,2,2,2,1,2,1,1,1,1,3
9118205,4,1,1,2,2,2,1,1,1,1,2,2,2,2,2,2,1,1,1,3
9191236,4,1,1,3,2,2,3,2,1,1,2,2,2,2,2,2,1,1,3,3
9906554,4,1,1,3,3,2,4,2,1,1,2,2,2,2,2,2,1,1,3,3
9935745,4,1,1,2,4,2,4,2,1,1,1,2,2,2,2,2,1,1,1,3
9904959,4,1,2,3,1,2,4,2,4,1,2,2,2,2,2,2,1,1,1,3
9905878,4,1,2,3,1,2,4,2,4,1,2,2,1,2,2,2,1,1,1,3
9904958,4,1,2,3,1,2,4,2,4,1,2,2,2,2,2,2,1,1,1,3
9904957,4,1,1,3,1,2,4,2,4,1,2,2,2,2,2,2,1,1,1,3
9105990,4,1,1,2,3,1,4,2,1,1,2,2,2,2,2,2,1,1,3,3
9897886,4,1,1,2,3,2,4,2,1,1,2,2,2,2,2,2,1,1,3,3
9897887,4,1,1,2,4,2,4,2,1,1,1,2,2,2,2,2,1,1,2,3
9176589,4,1,1,2,2,2,2,2,1,1,2,2,2,2,2,1,1,1,2,3
9030184,4,1,1,3,2,2,1,2,1,1,2,2,2,2,2,1,1,1,1,3
9901137,4,1,1,3,3,2,4,2,1,1,2,2,2,2,2,2,1,1,1,3
9128466,4,1,1,3,1,2,2,2,1,1,2,2,2,1,2,2,1,1,2,3
9930373,4,1,1,3,1,2,4,2,1,1,3,2,2,2,2,2,1,1,1,3
9190479,4,1,2,3,3,2,2,2,4,1,2,2,2,2,2,2,1,1,1,3
9186313,4,1,2,2,1,2,4,2,4,1,2,1,2,2,2,2,1,2,3,3
9190106,4,1,1,2,1,2,4,2,4,1,2,2,2,2,2,2,1,1,1,3
9196412,4,1,1,2,1,2,3,2,1,1,2,2,2,1,2,2,1,1,1,3
9162681,4,1,1,3,1,2,3,2,1,1,2,2,2,1,2,1,1,1,1,3
9211683,4,1,1,3,3,2,1,2,1,1,2,2,2,1,2,2,1,1,3,3
9897688,4,1,1,2,1,2,3,2,1,2,2,2,2,2,2,2,1,1,1,3
9897127,4,1,1,2,3,2,4,2,1,2,2,2,2,2,2,2,1,1,2,3
9897885,4,1,3,2,4,2,4,1,4,2,1,2,2,2,2,2,1,1,1,3
9029753,4,1,2,2,3,2,1,2,4,2,2,2,2,2,2,2,2,1,2,3
9059097,4,1,2,2,2,2,2,1,4,2,2,2,2,2,2,2,1,1,1,3
9190105,4,1,2,2,4,2,4,1,4,2,1,1,2,2,2,2,1,1,1,3
9118867,4,1,1,2,1,2,3,2,1,2,2,2,2,1,2,2,1,1,2,3
9897125,4,1,1,2,1,2,4,2,1,1,2,2,2,2,2,1,1,1,1,3
9918479,4,1,2,3,3,2,4,2,3,1,2,2,2,2,2,2,1,1,3,3
9204861,4,1,2,2,3,2,2,2,4,1,2,2,2,2,2,2,1,1,2,3
9038081,4,1,1,3,3,2,3,2,4,1,2,2,2,2,2,2,1,2,1,3
9123807,4,1,1,2,2,2,2,2,1,1,2,2,2,2,2,1,1,1,1,3
9144901,4,1,1,2,1,2,3,2,1,1,2,2,2,1,2,1,1,1,3,3
9935093,4,1,1,3,1,2,4,2,1,1,2,1,2,2,2,1,1,2,1,3
9915033,4,1,1,2,1,2,4,2,1,1,2,2,2,2,2,1,2,1,1,3
9126530,4,1,1,2,3,2,1,2,1,1,2,2,2,2,2,1,1,1,1,3
9113891,4,1,1,2,1,2,3,2,1,1,2,2,2,1,2,2,1,1,1,3
9194651,4,1,1,2,3,2,1,2,1,1,2,2,2,2,2,1,1,2,3,3
9198703,4,1,1,2,1,2,3,2,1,1,2,2,2,1,2,2,1,1,1,3
9198702,4,1,1,2,3,2,1,2,1,1,2,2,2,1,2,3,1,1,1,3
9897123,4,1,1,2,1,2,4,2,1,1,2,2,2,2,2,3,1,1,3,3
9905253,4,2,1,3,1,2,3,2,1,1,2,1,2,2,2,2,1,1,1,3
9113886,4,2,1,3,1,2,2,2,1,1,2,1,2,2,2,2,1,1,1,3
9906553,4,2,2,3,3,2,4,2,4,1,2,2,2,2,2,2,1,1,1,3
9062076,4,2,1,2,1,1,4,2,4,1,2,2,2,1,2,3,1,1,1,3
9923359,4,2,1,3,3,2,4,2,1,1,2,1,2,1,2,2,1,1,1,3
9149744,4,1,2,3,3,2,3,2,4,1,2,2,2,1,2,1,1,2,3,3
9204858,4,1,1,2,3,2,2,2,4,1,2,2,2,2,2,1,1,1,2,3
9038942,4,1,1,2,2,2,3,2,1,1,2,2,2,1,2,1,1,1,1,3
9144899,4,1,1,3,3,2,1,2,1,1,2,2,2,2,2,2,1,1,3,3
9107512,4,1,1,3,1,2,3,2,1,1,2,1,2,1,2,2,1,1,1,3
9895792,4,1,1,2,1,2,3,2,1,1,2,2,2,1,2,2,1,1,1,3
9928072,4,1,1,3,1,2,4,2,1,1,2,2,2,2,2,1,1,1,2,3
9178418,4,1,1,2,3,2,2,2,1,1,2,2,2,2,2,1,1,1,3,3
9210395,4,1,1,2,4,2,1,2,1,1,1,2,2,1,2,2,1,1,3,3
9028600,4,1,1,3,1,2,2,2,1,1,2,2,2,2,2,2,1,1,1,3
9897686,4,1,1,2,1,2,4,2,1,1,3,2,2,2,2,2,1,1,3,3
9897460,4,1,1,2,4,2,4,2,1,2,1,1,2,2,2,2,1,1,1,3
9900121,4,1,1,3,1,2,4,2,1,1,3,2,2,2,2,3,1,1,1,3
9913915,4,1,3,2,4,2,4,2,3,1,1,2,1,1,1,2,1,1,1,3
9922750,3,1,1,2,3,2,4,2,1,1,2,2,2,2,2,1,1,1,3,3
9136078,3,1,1,2,1,2,2,2,1,1,2,2,2,2,2,2,1,1,2,3
8973664,3,1,1,2,1,2,3,2,1,1,3,2,2,1,2,1,1,1,2,3
9123219,3,1,1,3,1,2,2,1,1,1,2,2,2,2,2,2,1,1,1,3
9169977,3,1,3,3,5,2,2,2,4,1,3,2,1,1,2,2,1,1,3,3
9060923,3,1,2,2,1,2,2,2,4,1,2,2,2,1,2,2,1,1,1,3
9115067,3,1,1,2,2,2,2,2,1,1,2,2,2,2,2,1,3,1,2,3
9930581,3,1,1,3,1,2,4,2,1,1,2,2,2,2,2,1,1,1,3,3
9133280,3,1,1,3,1,2,3,2,1,1,2,1,2,1,2,3,1,1,1,3
9927515,3,1,1,3,1,2,4,2,1,1,2,2,2,2,2,1,2,1,1,3
9904943,3,1,1,3,3,2,4,2,1,1,2,2,2,2,2,2,1,1,3,3
9195412,3,1,2,2,1,2,3,2,4,1,2,2,2,1,2,2,1,1,1,3
9913163,3,1,2,2,1,2,4,2,3,1,2,1,2,2,2,2,1,1,1,3
9904942,3,1,1,2,1,2,4,2,4,1,2,2,2,2,2,2,1,2,1,3
9916159,3,1,1,2,3,2,4,2,1,1,2,2,2,2,2,2,1,1,3,3
9190267,3,1,1,3,3,2,1,2,1,1,2,2,2,1,2,2,2,1,1,3
9935776,3,1,1,2,1,2,4,2,1,1,2,2,2,1,2,3,1,1,1,3
9933128,3,1,1,3,3,2,4,2,1,1,2,1,2,2,2,2,1,1,3,3
9909425,3,1,1,3,3,2,4,2,1,1,2,2,2,2,2,2,1,1,1,3
9916160,3,1,1,2,1,2,4,2,1,1,3,2,2,2,2,2,1,1,1,3
9111165,3,1,1,2,2,2,2,2,1,1,2,2,2,2,2,1,1,1,1,3
9930579,3,1,1,3,1,2,4,2,1,1,2,1,2,2,2,2,1,1,1,3
9134054,3,1,3,2,1,2,2,2,2,1,3,2,2,1,2,2,1,1,1,3
9897683,3,1,2,2,3,2,4,2,4,1,2,2,2,1,2,3,1,1,1,3
9904937,3,1,1,3,1,2,4,2,1,1,3,2,2,2,2,2,1,1,2,3
9906259,3,1,1,3,1,2,4,2,4,1,2,2,2,2,2,2,1,1,1,3
9904936,3,1,1,3,1,2,4,2,1,1,2,2,2,2,2,2,1,1,1,3
9133034,3,1,1,2,1,2,2,2,1,1,3,2,2,1,2,3,1,1,1,3
9122702,3,1,1,1,2,2,1,2,1,1,2,2,1,1,1,2,1,1,1,3
9028591,3,1,1,3,1,2,1,2,1,1,2,2,2,1,2,1,1,1,2,3
9133033,3,1,1,2,3,2,3,2,1,1,2,2,2,2,2,2,1,1,1,3
9909423,3,2,2,3,3,2,4,2,4,1,2,1,2,1,2,2,1,1,3,3
9197130,3,2,2,2,1,2,3,2,3,1,2,2,2,2,2,2,1,1,1,3
9904934,3,2,1,3,1,2,4,2,1,1,2,2,2,1,2,3,1,1,1,3
9142810,3,2,1,3,1,2,2,2,1,1,2,2,2,2,2,2,1,1,2,3
9909421,3,2,1,3,1,2,4,2,1,1,2,2,2,2,2,3,1,1,1,3
9060920,3,2,3,2,1,2,3,2,2,1,3,2,2,1,2,2,1,1,1,3
9138796,3,2,3,2,1,2,1,2,4,1,2,2,2,2,2,2,1,1,1,3
9923354,3,1,1,3,3,2,4,2,4,1,2,1,2,2,2,2,1,1,1,3
9141985,3,1,1,2,1,2,2,2,4,1,2,1,2,1,2,2,1,1,1,3
9122467,3,1,1,3,4,2,4,2,1,2,1,1,2,2,2,2,1,2,2,3
9204851,3,1,1,3,2,2,1,2,1,1,2,2,2,2,2,3,1,1,1,3
9909433,3,1,1,3,1,2,4,2,1,1,3,2,2,2,2,1,2,1,1,3
9134630,3,1,1,2,2,2,2,2,1,1,2,2,2,1,2,3,1,2,1,3
9190098,3,1,1,2,4,2,4,2,1,1,1,2,2,1,2,2,1,1,1,3
9897682,3,1,1,2,4,2,4,2,3,1,1,2,2,1,2,2,1,1,1,3
9909417,3,1,3,3,4,2,4,2,4,1,3,2,1,2,2,1,1,1,1,2
9038064,3,1,1,3,1,2,3,2,4,1,2,2,2,2,2,2,1,1,1,3
9904931,3,1,1,2,3,2,2,2,1,1,2,1,2,2,2,2,1,1,2,3
9133750,3,1,1,2,2,2,1,2,1,1,2,2,2,2,2,2,1,2,2,3
9940851,3,1,1,3,1,2,4,2,1,1,2,2,2,1,2,2,1,2,1,3
9140865,3,1,1,3,1,2,2,1,1,2,2,2,2,1,2,2,1,1,1,3
9905856,3,1,1,3,1,2,4,2,1,1,2,1,2,2,2,2,1,1,1,3
9204757,3,1,1,3,5,2,2,2,1,1,1,2,2,2,2,2,1,1,1,3
9188044,3,1,1,2,5,2,4,1,1,2,2,1,2,2,2,2,1,1,3,3
9905855,3,1,1,3,3,2,4,1,4,2,2,2,2,2,2,2,1,2,2,3
9917350,3,1,2,3,1,1,4,2,4,1,2,2,2,1,2,1,1,1,1,3
9188527,3,1,2,3,3,2,3,2,4,1,2,2,2,2,2,2,1,1,1,3
9185278,3,1,2,2,3,2,2,2,2,1,2,2,2,2,2,2,1,1,3,3
9905854,3,1,1,3,3,2,4,2,4,1,2,2,2,1,2,2,1,1,1,3
9904929,3,1,1,2,1,2,2,2,1,1,2,2,2,2,2,2,1,1,1,3
9179830,3,1,1,2,4,2,2,2,2,1,1,2,2,2,2,2,1,2,3,3
9140833,3,1,1,2,1,2,3,2,1,1,3,2,2,2,2,1,1,1,1,3
9153310,3,1,1,2,1,2,2,2,1,1,2,2,2,1,2,2,1,1,1,2
9183240,3,1,1,2,3,2,1,2,1,1,2,2,2,2,2,1,1,1,1,3
9140353,3,1,1,2,3,2,3,2,1,1,2,2,2,1,2,2,1,2,1,3
9897681,3,1,2,2,1,2,4,2,4,1,2,2,2,2,2,1,1,1,1,3
9197596,3,1,1,3,3,2,3,2,1,1,2,2,2,2,2,2,1,1,3,2
9112759,3,1,1,3,1,2,2,2,1,1,3,2,2,1,2,2,1,1,1,3
9124973,3,1,1,3,3,2,3,2,1,1,2,2,2,1,2,1,1,1,1,3
9903100,3,1,1,3,1,2,4,2,1,1,2,2,2,2,2,2,1,1,1,3
9147654,3,1,1,3,2,2,1,2,1,1,2,2,2,1,2,2,1,1,1,3
9141630,3,1,1,2,1,2,1,2,1,1,3,2,2,1,2,2,1,2,2,3
9917345,3,2,3,3,1,1,4,2,4,2,2,2,2,2,2,2,1,1,3,3
10009075,3,2,3,2,1,2,3,2,4,1,2,2,2,1,2,2,1,1,1,3
9941662,3,1,2,3,1,2,4,2,4,1,2,2,2,1,2,2,1,1,1,3
9184340,3,1,2,2,3,2,3,2,4,1,2,2,2,1,2,2,1,1,1,3
9184448,3,1,2,2,1,2,3,2,3,1,2,1,2,1,2,2,1,1,1,3
9183709,3,1,1,1,4,2,1,2,4,1,1,2,2,2,2,2,1,1,2,2
9110542,3,1,1,3,3,2,2,2,4,1,2,2,2,1,2,2,1,1,1,3
9918715,3,1,1,3,1,2,4,2,1,1,2,1,2,1,2,1,1,1,1,3
9913911,3,1,1,2,4,2,4,2,1,1,1,2,2,2,2,1,1,1,1,2
9941282,3,1,2,3,1,2,4,2,4,1,2,2,2,2,2,2,1,1,1,3
9110323,3,1,2,3,1,2,3,2,4,1,2,2,2,1,2,2,1,1,1,3
9939599,3,1,2,3,1,2,4,2,4,1,2,2,2,2,2,2,1,2,1,3
9916148,3,1,2,2,1,2,4,2,1,1,2,1,2,1,2,2,1,1,3,3
9177493,3,1,1,3,1,2,3,2,1,1,3,2,2,1,2,3,1,1,2,3