Crash ID,Date,Day of Week,Time,Lane Count,Crash Type,Functional Class,Speed Limit,Environmental Conditions,Light Conditions,Surface Condition,Total Vehicles Involved,Curve Related,Alcohol Involved,Distracted Driving Involved,Drugged Driver Involved,Older Driver Involved,Temp Traffic Control Zone,Traffic Controls Present,Vehicle Type,Severity
9206866,3,1,1,3,3,2,2,2,1,2,2,2,2,2,2,1,1,1,1,3
9925483,3,1,1,3,4,2,4,2,1,1,1,2,2,1,2,2,2,1,3,3
9187705,3,1,1,3,2,2,3,1,1,1,2,2,2,1,2,1,1,1,1,3
10009600,3,1,1,2,1,2,1,2,1,1,2,2,2,2,2,2,1,1,1,3
9030210,3,1,1,2,1,2,4,2,1,1,2,1,2,2,2,3,1,1,2,3
9179443,3,1,1,3,3,2,2,2,1,1,2,2,2,2,2,1,1,1,1,3
9203344,3,1,1,3,2,2,3,2,1,1,2,2,2,1,2,1,1,1,1,3
9105402,3,1,1,2,1,2,3,2,1,2,2,1,2,1,2,2,2,1,1,3
9913910,3,1,1,3,1,2,4,1,1,2,2,2,2,2,2,2,1,1,1,3
9933672,3,1,1,3,1,2,4,2,1,1,2,2,2,2,2,2,1,2,1,3
9941596,3,1,2,3,3,1,4,2,4,1,2,1,2,2,2,2,1,1,3,3
9897680,3,1,1,2,1,2,4,2,1,1,2,1,2,1,2,2,1,1,1,3
9148259,3,1,1,2,1,2,4,2,1,1,3,2,2,2,2,2,1,1,3,3
9942485,3,1,1,2,1,1,3,2,1,1,3,1,2,1,2,2,1,1,2,3
9182898,3,1,1,2,1,2,2,2,1,1,2,2,2,1,2,2,1,1,2,3
9110540,3,1,1,3,1,2,2,2,4,1,2,2,2,1,2,2,1,1,1,3
9140173,3,1,1,2,1,2,2,2,1,1,2,2,2,1,2,3,1,1,1,3
9203373,3,1,1,2,2,2,2,2,1,1,2,2,2,1,2,2,1,1,1,3
9192183,3,1,1,3,1,2,4,2,1,1,3,2,2,1,2,2,1,1,1,3
9157333,3,1,1,3,1,2,2,2,1,1,2,2,2,2,2,1,1,1,1,3
9904914,3,1,1,3,1,2,4,2,1,1,2,2,2,1,2,2,1,1,1,3
9148256,3,1,1,2,1,2,4,2,1,1,3,2,2,1,2,1,1,1,1,3
9105567,3,1,1,2,1,2,2,2,1,1,2,2,2,1,2,2,1,1,3,3
9904912,3,1,1,2,1,2,2,2,1,1,3,2,2,1,2,3,1,1,2,3
9188041,3,1,3,2,5,2,4,2,4,1,1,2,2,1,2,2,1,1,3,3
9900109,3,1,1,3,3,2,4,2,3,1,2,2,2,2,2,2,1,1,1,3
9895076,3,1,1,2,1,2,2,2,1,1,2,2,2,1,2,2,1,1,1,3
9923350,3,1,1,3,3,2,4,2,1,1,2,1,2,1,2,2,1,1,1,3
9206219,3,1,1,2,2,2,1,2,2,1,2,2,2,2,2,2,1,1,1,3
9913904,3,1,1,2,3,2,4,2,1,1,2,2,2,2,2,3,1,1,1,3
9188757,3,1,1,2,1,2,1,2,1,1,2,2,1,1,2,2,1,1,1,3
9189418,3,1,1,2,4,2,3,1,1,2,1,1,2,1,2,2,1,1,3,3
9914593,3,2,1,3,1,2,4,2,1,1,2,2,2,2,2,2,1,1,1,3
9933083,3,2,2,3,1,2,4,2,3,1,2,2,2,1,2,1,2,1,1,3
9134452,3,2,2,2,1,2,4,2,4,1,2,2,2,1,2,2,1,1,1,3
9904906,3,2,2,3,1,2,4,2,4,1,2,2,2,2,2,2,1,1,1,3
9113836,3,2,1,3,1,2,1,2,1,1,2,1,1,1,2,2,1,1,1,3
9187199,3,1,2,2,3,2,1,2,4,1,2,2,2,1,2,2,1,1,1,3
9114030,3,1,1,2,3,2,3,2,4,1,2,2,2,2,2,2,1,1,1,3
9913899,3,1,1,2,1,2,4,2,1,1,2,2,2,1,2,3,1,1,2,3
9192329,3,1,1,2,1,2,3,2,1,1,2,1,2,2,2,1,1,1,1,3
9895072,3,1,1,2,2,2,2,2,1,1,2,2,2,1,2,2,1,1,1,3
9030885,3,1,1,2,1,2,3,2,1,1,3,2,2,2,2,3,1,1,1,3
9149752,3,1,1,2,3,2,3,2,1,1,2,1,2,1,2,2,1,1,3,3
9900107,3,1,1,3,1,2,4,2,1,1,2,1,2,1,2,2,1,1,1,3
9195908,3,1,1,2,4,2,1,2,1,1,1,2,2,2,2,2,1,1,3,3
8992655,3,1,1,3,1,2,4,2,1,1,3,2,2,1,2,2,1,1,1,3
9144521,3,1,1,3,1,2,3,2,1,1,2,2,1,2,1,2,1,1,1,3
9150286,3,1,1,2,3,2,1,2,1,1,2,2,2,1,2,2,1,1,2,3
9148252,3,1,1,3,1,2,4,2,1,1,2,2,2,1,2,2,1,1,3,3
9139809,3,1,1,2,4,2,1,2,1,1,1,2,2,1,2,2,3,1,3,3
9062065,3,1,1,2,1,2,4,2,1,1,2,2,2,1,2,2,1,1,1,3
10009072,3,1,3,3,1,2,3,2,4,1,2,2,2,2,2,2,1,1,1,3
9904904,3,1,2,3,1,2,4,2,4,1,3,2,2,2,2,2,1,1,1,3
9157325,3,1,1,3,1,2,2,2,4,1,2,2,2,1,2,2,1,2,1,3
9181332,3,1,1,3,3,2,2,2,1,1,2,2,2,2,2,2,2,1,1,3
9144430,3,1,1,2,1,2,3,2,1,1,2,2,2,1,2,2,1,1,2,3
9151675,3,1,1,3,1,2,3,2,1,1,3,2,2,1,2,1,1,1,2,3
9182036,3,1,1,3,3,2,2,2,1,1,2,2,2,1,2,2,1,1,2,3
9121683,3,1,1,2,3,2,1,2,1,1,2,2,2,1,2,1,1,1,1,3
9923349,3,1,1,3,3,2,4,2,1,1,2,2,2,1,2,2,1,1,1,3
9151339,3,1,1,3,1,2,3,1,1,2,2,2,2,2,2,2,1,1,2,3
9152685,3,1,2,3,2,2,1,1,4,2,2,2,2,2,2,2,1,1,1,3
9897114,3,1,2,2,4,2,4,1,3,2,1,2,2,1,2,2,1,2,1,3
9930566,3,1,2,3,5,2,4,1,4,2,1,2,2,2,2,1,1,1,1,3
9930567,3,1,2,3,1,2,4,1,3,2,2,2,2,1,2,2,1,1,1,3
9897456,3,1,1,2,4,2,4,1,3,2,1,2,2,2,2,2,1,1,1,3
9035931,3,1,1,3,1,2,2,1,4,2,2,2,2,2,2,2,2,1,1,3
9150113,3,1,1,2,1,2,4,1,4,2,2,1,2,1,2,2,1,1,1,3
9897457,3,1,1,2,4,2,4,1,2,2,1,1,2,2,2,2,1,1,1,3
9186825,3,1,1,2,1,2,3,1,1,2,2,1,2,1,2,2,1,1,1,3
9058814,3,1,1,2,2,2,1,2,1,1,2,2,2,1,2,2,1,1,1,3
10009067,3,1,2,3,3,2,3,2,4,1,2,2,2,2,2,1,1,2,3,3
9034599,3,1,1,3,1,2,3,2,3,1,2,2,2,2,2,2,1,1,1,3
9034600,3,1,1,3,3,2,3,2,4,1,2,2,2,2,2,2,1,1,1,3
9107948,3,1,1,2,1,2,4,2,1,1,3,1,2,1,2,2,1,1,1,3
9905830,3,1,1,3,3,2,4,2,1,1,2,2,2,2,2,2,1,1,2,3
9915853,3,1,1,3,3,2,3,2,1,1,2,1,2,2,2,2,1,1,1,3
9118848,3,1,1,2,1,2,3,1,1,2,2,2,2,2,2,2,1,1,1,3
9038277,3,2,2,2,3,2,3,2,4,1,2,1,2,2,2,2,1,1,1,3
9037870,3,2,1,3,4,2,2,2,4,1,1,1,2,2,2,2,1,1,1,3
9114027,3,2,1,2,1,2,1,2,3,1,2,2,2,1,2,2,1,1,1,3
9913463,3,2,1,3,1,2,4,2,1,1,2,2,2,2,2,2,1,1,1,3
9178087,3,2,1,2,2,2,2,2,1,1,2,2,2,1,2,2,1,1,1,3
9178083,3,2,1,3,1,2,3,2,1,1,2,2,2,1,2,1,1,1,1,3
9195906,3,2,1,2,4,2,1,2,1,1,1,1,2,1,2,2,1,1,3,3
9936072,3,1,2,3,1,2,4,2,3,1,2,2,2,2,2,2,1,1,3,3
9034345,3,1,2,2,3,2,1,2,4,1,2,2,2,2,2,2,1,2,1,3
9145413,3,1,2,2,1,2,1,2,4,1,2,2,2,2,2,2,1,1,1,3
9916136,3,1,2,2,3,2,4,2,4,1,2,1,2,2,2,2,1,2,1,3
9942510,3,1,2,3,1,2,4,2,3,1,2,2,2,1,2,2,1,1,1,3
9127677,3,1,1,2,1,2,2,2,1,1,3,2,2,1,2,1,1,1,1,3
9036713,3,1,1,2,1,2,2,2,1,1,2,2,2,1,2,3,1,1,1,3
9923341,3,1,3,3,1,2,4,2,4,1,2,2,2,1,2,2,1,1,3,2
10008267,3,1,3,3,1,2,3,2,4,2,2,2,2,2,2,2,1,2,1,3
10009064,3,1,2,3,1,2,3,2,4,1,2,2,2,1,2,2,1,1,1,3
9927570,3,1,2,2,1,2,4,2,2,1,2,2,2,1,2,2,1,1,1,3
9927571,3,1,2,2,1,2,4,2,1,1,2,2,2,2,2,1,1,1,1,3
9204878,3,1,1,2,3,2,3,2,1,1,2,2,2,2,2,2,1,1,2,3
9927569,3,1,1,2,4,2,4,2,1,1,1,2,2,1,2,2,1,1,1,3
9036710,3,1,1,2,4,2,3,2,1,1,2,2,2,1,2,2,1,1,1,3
9192325,3,1,1,2,3,2,3,2,1,1,2,1,2,1,2,1,1,1,1,3
9211141,3,1,1,2,1,2,1,2,1,1,2,2,2,1,2,2,1,1,1,3
9909361,3,1,1,3,1,2,4,2,1,1,2,2,2,1,2,3,1,1,1,3
9191157,3,1,1,2,2,2,2,2,1,1,2,2,2,2,2,2,3,1,3,3
9151521,3,1,1,3,3,2,3,2,1,1,2,1,2,2,2,1,1,2,1,3
9910498,3,1,1,3,1,2,4,2,1,1,3,2,2,2,2,3,1,1,1,3
9897875,3,1,3,2,1,2,4,2,3,1,2,2,2,1,2,3,1,1,1,3
9036418,3,1,2,2,4,2,1,2,4,1,1,2,2,2,2,2,1,1,1,3
9115232,3,1,1,2,1,2,2,2,1,1,2,2,2,1,2,2,1,1,2,3
9109906,3,1,1,3,1,2,2,2,1,1,2,2,2,2,2,3,1,1,1,3
9191433,3,1,1,1,1,2,1,1,1,1,2,2,2,2,2,2,1,1,1,3
9152612,3,1,1,2,3,2,2,1,1,1,2,2,2,1,2,3,1,1,3,3
9904884,3,1,1,2,1,2,4,2,1,1,2,2,2,2,2,2,1,1,1,3
9206329,3,1,3,3,1,2,3,2,4,1,3,1,2,1,2,2,1,1,1,2
9897673,3,1,2,2,4,2,4,2,4,1,1,1,1,2,2,2,1,1,2,3
9149271,3,1,2,2,2,2,2,2,4,1,2,2,2,1,2,1,1,1,1,3
9038266,3,1,1,3,1,2,3,2,2,1,3,2,2,2,2,2,1,1,1,3
9134891,3,1,1,2,2,2,2,2,1,1,2,2,2,2,2,2,1,1,2,3
9117032,3,1,1,3,1,2,4,2,1,1,2,1,2,2,2,2,1,1,1,3
9059002,3,1,1,2,2,2,4,2,1,1,2,2,2,1,2,2,1,1,2,2
9166425,3,1,1,2,3,2,1,2,1,1,2,2,2,1,2,2,1,1,3,3
9182711,3,1,1,3,3,2,3,2,1,1,2,2,2,2,2,2,1,1,1,3
9909352,3,1,1,3,1,2,4,2,2,1,2,2,2,2,2,2,1,1,1,3
9064291,3,1,1,2,2,2,3,2,3,1,2,2,2,2,2,2,1,1,1,3
9921545,3,1,2,2,4,2,4,2,3,1,1,1,2,1,2,2,1,1,3,3
9031403,3,1,2,2,1,2,3,2,4,1,2,2,2,1,2,3,1,1,2,3
9032149,3,1,2,2,4,2,3,2,3,1,1,2,2,1,2,2,2,1,1,3
9189334,3,1,1,2,2,2,1,2,4,1,2,2,2,1,2,3,1,1,1,3
9178054,3,1,1,3,1,2,2,1,2,2,2,2,2,1,2,2,1,1,1,3
9140822,3,1,1,3,4,2,2,2,1,2,1,1,2,2,2,2,1,1,1,3
9111219,3,1,1,3,3,2,3,1,1,1,2,2,2,2,2,2,1,1,1,3
9111218,3,1,1,2,1,2,3,1,1,2,2,2,2,1,2,2,1,1,2,3
9111216,3,1,1,3,3,2,3,1,1,2,2,2,2,2,2,2,1,1,2,3
9178052,3,1,3,2,4,2,3,1,4,2,1,2,2,2,2,2,1,1,1,3
9151305,3,2,2,2,3,2,3,1,4,2,2,2,2,1,2,2,1,1,1,3
9036791,3,2,2,3,4,2,4,1,3,2,1,2,2,2,2,2,1,1,1,3
9904874,3,2,1,2,3,2,2,1,1,2,2,2,2,2,2,2,1,1,3,3
9897450,3,2,1,2,4,2,4,1,1,2,1,2,2,2,2,2,1,1,1,3
9897873,3,2,1,2,4,2,4,1,1,2,1,2,2,2,2,2,1,1,1,3
9897449,3,2,1,2,4,2,4,1,1,2,1,2,2,2,2,2,1,1,1,3
9178049,3,2,1,3,1,2,2,1,1,2,2,2,2,1,2,2,1,1,1,3
9178048,3,2,1,3,1,2,2,2,1,1,2,2,2,2,2,2,1,2,1,3
9192838,3,2,1,2,1,2,3,2,2,1,2,2,2,1,2,2,1,1,1,3
9904872,3,2,1,2,3,2,2,2,1,1,2,1,2,2,2,2,1,1,1,3
9122674,3,2,1,3,3,2,2,2,1,1,2,2,2,2,2,2,1,1,1,3
9897671,3,2,1,2,4,2,4,2,1,1,1,2,2,2,2,2,2,1,1,2
9141871,3,1,1,1,3,2,1,2,1,1,2,2,2,1,2,2,1,1,3,3
9936147,3,1,1,2,3,2,3,2,1,1,2,2,2,2,2,2,2,1,1,3
9192323,3,1,1,3,1,2,3,2,1,1,2,2,2,1,2,2,1,1,1,3
9034152,3,1,1,3,3,2,1,2,1,1,2,2,2,1,2,2,1,1,1,3
9192322,3,1,1,2,3,2,3,2,1,1,2,1,2,1,2,2,1,1,2,3
9178103,3,1,1,2,3,2,3,2,1,1,2,2,2,2,2,1,1,1,3,3
9145110,3,1,1,2,4,2,2,2,1,1,1,2,2,1,2,2,1,1,1,3
9924830,3,1,1,3,1,2,4,2,1,1,2,1,2,2,2,2,1,1,1,3
9904869,3,1,1,2,3,2,2,2,1,1,2,2,2,1,2,2,1,1,2,3
9177941,3,1,3,2,1,2,3,2,4,1,3,1,2,2,2,2,1,1,1,3
9910480,3,1,2,3,1,2,4,2,3,1,2,2,2,2,2,2,1,1,1,3
9122870,3,1,2,2,2,2,4,2,4,1,2,1,2,2,2,2,1,1,1,3
9146858,3,1,2,3,1,2,4,2,3,1,2,2,2,2,2,2,1,1,1,3
9914164,3,1,2,3,1,2,4,2,3,1,2,2,2,2,2,2,1,1,1,3
9149261,3,1,2,2,1,2,4,2,3,1,2,2,2,1,2,3,1,1,1,3
9192321,3,1,2,3,3,2,3,2,4,1,2,2,2,1,2,1,1,1,1,3
9193575,3,1,2,2,3,2,3,2,4,1,2,2,2,2,2,2,1,1,3,3
9200418,3,1,2,2,1,2,3,2,3,1,2,2,2,1,2,1,1,1,3,3
9165869,3,1,1,2,3,2,3,2,1,1,2,1,2,1,2,1,1,1,2,3
9136090,3,1,1,3,1,2,3,2,1,1,2,2,2,2,2,3,1,1,1,3
9117554,3,1,1,2,1,1,2,2,1,2,2,2,2,1,2,2,1,1,1,3
9924829,3,1,1,3,4,2,4,2,1,1,1,2,2,1,2,2,1,1,1,3
9895065,3,1,1,2,4,2,2,2,1,1,1,2,2,1,2,1,1,1,1,3
9032096,3,1,1,2,1,2,3,2,1,1,2,2,2,1,2,2,1,1,1,3
9118653,3,1,3,3,3,2,2,2,4,1,2,2,2,2,2,2,1,1,3,3
9114647,3,1,2,2,1,2,3,2,4,1,3,2,2,1,2,3,1,1,1,3
9117146,3,1,1,2,3,2,2,2,1,1,2,2,2,1,2,2,1,2,3,3
9143029,3,1,1,3,3,2,2,1,2,1,2,2,2,2,2,1,1,1,1,3
9916132,3,1,1,2,1,2,4,2,1,1,2,2,2,2,2,1,1,1,1,3
9138334,3,1,1,3,3,2,2,1,1,1,2,2,2,1,2,2,1,1,1,3
9111743,3,1,1,2,2,2,2,2,1,1,3,2,2,1,2,2,1,1,1,3
9933048,3,1,1,3,1,2,4,2,1,1,3,2,2,1,2,2,1,1,1,3
9035292,3,1,1,2,1,2,4,2,1,1,2,2,2,1,2,2,1,1,1,3
9175794,3,1,1,3,3,2,4,2,1,1,2,2,2,2,2,2,1,1,3,3
9120644,3,1,1,3,3,2,2,2,1,1,2,2,2,1,2,2,1,1,3,3
9155828,3,1,1,2,3,2,1,2,1,1,2,2,2,1,2,1,1,1,3,3
9156071,3,1,1,2,3,2,2,2,1,1,2,2,2,1,2,2,3,1,3,3
9194183,3,1,2,3,1,2,3,2,4,1,2,2,2,1,2,2,1,1,1,3
9908581,3,1,2,2,1,1,3,2,3,1,2,2,2,2,2,2,1,1,1,3
9170053,3,1,2,2,1,2,3,2,4,1,3,2,2,1,2,3,1,2,1,3
9059357,3,1,1,2,4,2,1,2,1,1,1,2,2,2,2,2,1,1,1,3
9192320,3,1,1,3,3,2,3,2,1,1,2,1,2,1,2,2,1,1,2,3
9207230,3,1,1,2,1,2,3,2,1,1,2,2,2,2,2,3,1,1,1,3
9122865,3,1,1,2,1,2,2,2,1,2,2,2,2,1,2,2,1,1,1,3
9904865,3,1,1,2,1,2,2,1,1,2,2,2,2,2,2,2,1,1,2,3
9913885,3,1,1,2,3,2,4,2,1,1,2,2,2,2,2,1,1,2,2,2
9939036,3,1,2,3,1,2,4,2,3,1,2,2,2,1,2,2,1,1,1,3
9113122,3,1,2,3,1,2,3,2,4,1,2,2,2,2,2,2,1,1,1,3
9913062,3,1,2,2,3,2,4,2,4,1,2,2,2,2,2,2,1,1,3,3
9166320,3,1,2,2,4,2,2,2,4,1,1,2,2,1,2,2,1,1,3,3
9189393,3,1,1,2,1,2,2,1,1,1,2,1,2,1,2,3,1,1,1,3
9895063,3,1,1,2,1,2,2,2,1,1,2,2,2,2,2,1,1,1,1,3
9172015,3,1,1,3,1,2,2,2,1,1,2,2,2,1,2,2,1,1,1,3
9033667,3,1,1,2,1,2,2,2,1,1,2,2,2,1,2,2,1,1,2,3
9901180,3,1,1,3,4,2,4,2,1,1,1,2,2,1,2,2,2,1,2,3
9923337,3,1,1,3,3,2,4,2,4,1,2,2,2,2,2,3,2,1,3,3
9942223,3,2,2,3,3,1,4,2,3,1,2,2,2,2,2,2,1,1,3,3
9923336,3,2,2,3,3,2,4,2,4,1,2,1,2,2,2,1,1,1,3,3
9203368,3,2,1,2,3,2,3,2,1,1,2,2,2,1,2,2,1,1,1,3
10008247,3,2,3,3,4,2,3,2,4,1,2,2,2,2,2,2,1,1,3,3
9897870,3,2,3,2,3,2,4,2,4,1,3,2,2,1,2,2,1,1,1,2
9927479,3,1,2,3,3,2,4,2,3,1,2,2,2,2,2,1,1,1,3,3
9134168,3,1,2,2,1,2,4,2,4,1,3,2,2,1,2,3,1,1,1,3
9113017,3,1,2,3,3,2,3,2,4,1,2,2,2,2,2,2,1,1,1,3
9927478,3,1,2,3,1,2,4,2,4,1,2,2,2,2,2,3,2,2,1,2
9900316,3,1,2,3,1,2,4,2,4,1,2,2,2,2,2,2,1,1,3,3
9904857,3,1,1,3,4,2,4,2,1,1,1,2,2,1,2,3,1,1,1,3
9179828,3,1,1,2,2,2,2,2,1,1,2,2,2,1,2,3,1,1,3,3
9059355,3,1,3,2,1,2,3,2,3,1,3,2,2,1,2,2,1,1,1,3
9168300,3,1,3,2,4,2,3,2,4,1,1,1,2,1,2,2,1,1,1,3
9924240,3,1,2,3,1,2,4,2,4,1,2,2,2,2,2,2,1,1,1,3
9924241,3,1,2,3,1,2,4,2,4,1,2,2,2,2,2,2,1,1,1,3
9924243,3,1,2,3,1,2,4,2,4,1,2,2,2,2,2,2,1,1,1,3
9924242,3,1,2,3,1,2,4,2,4,1,2,2,2,2,2,2,1,1,1,3
9118014,3,1,2,2,3,2,1,2,3,1,2,2,2,1,2,1,1,1,2,3
9935654,3,1,2,3,3,2,4,2,4,1,2,2,2,2,2,3,1,1,3,3
9129545,3,1,1,2,1,2,1,2,1,1,2,2,2,2,2,2,1,1,1,3
9150945,3,1,1,3,3,2,1,2,1,1,2,2,2,1,2,2,1,1,1,3
9917462,3,1,1,3,3,2,4,2,1,1,2,2,2,1,2,1,1,1,1,3
9210436,3,1,1,3,1,2,2,2,1,1,3,1,2,1,2,2,1,1,1,3
9933836,3,1,1,2,3,1,2,2,1,1,2,2,2,2,2,1,2,1,3,3
9935067,3,1,1,2,4,2,4,2,1,1,1,2,2,1,2,2,1,1,1,3
9177384,3,1,1,3,4,2,2,2,1,1,1,2,2,1,2,2,1,1,1,3
9152596,3,1,1,3,4,2,3,2,1,1,1,2,2,2,2,2,1,1,1,3
9909319,3,1,1,3,1,2,4,2,1,1,3,2,2,2,2,2,1,1,1,3
9112317,3,1,1,3,1,2,3,2,1,1,2,1,2,2,2,2,1,1,1,3
9202793,3,1,1,3,3,2,2,2,1,1,2,2,2,2,2,2,1,1,3,3
9155276,3,1,1,2,2,2,3,2,1,1,2,2,2,2,2,2,1,1,3,3
9909318,3,1,1,3,1,2,4,2,2,1,2,1,2,2,2,2,1,1,1,3
9170393,3,1,2,2,1,2,3,2,4,1,2,2,2,1,2,2,1,1,1,3
9900310,3,1,2,3,3,2,4,2,4,1,2,2,2,2,2,2,1,1,1,3
9924221,3,1,2,3,1,2,4,2,3,1,2,2,2,2,2,3,1,1,1,3
9924819,3,1,2,3,1,2,4,2,4,1,2,2,2,2,2,2,1,1,1,3
9031345,3,1,1,3,1,2,3,2,1,1,2,2,2,2,2,1,1,1,1,3
9170156,3,1,1,2,1,2,3,2,1,1,2,2,2,1,2,1,1,1,1,3
9916127,3,1,1,2,1,2,4,2,1,1,2,2,2,2,2,2,1,1,1,2
9155852,3,1,1,2,1,2,3,2,1,2,2,2,2,1,2,2,1,1,1,3
9897447,3,1,1,2,3,2,4,2,1,1,2,2,2,2,2,3,1,2,1,3
9924218,3,1,2,3,3,2,4,2,4,1,2,2,2,2,2,2,1,1,2,3
9918431,3,1,2,3,1,1,4,2,3,1,2,2,2,2,2,2,1,3,3,3
9124090,3,1,2,2,3,2,2,2,3,1,2,2,2,1,2,3,3,1,1,3
9913880,3,1,1,2,1,2,4,2,1,1,2,2,2,2,2,2,1,1,2,3
9923328,3,1,1,3,1,2,4,2,1,1,2,1,2,1,2,2,1,1,2,3
9170388,3,1,1,3,3,2,1,2,1,1,2,1,2,2,2,2,1,1,1,3
9916124,3,1,1,2,1,2,4,2,1,1,3,2,2,2,2,2,1,1,2,3
9164035,3,1,1,2,5,2,4,2,1,1,2,2,2,2,2,2,1,1,2,3
9916125,3,1,1,2,1,2,4,2,1,1,2,2,2,2,2,2,1,1,2,3
9155158,3,1,1,2,4,2,3,2,1,1,1,1,2,1,2,2,1,2,3,3
9191242,3,1,1,3,3,2,3,2,1,1,2,2,2,2,2,2,1,1,3,3
9123251,3,1,1,2,1,2,3,2,1,1,2,2,2,2,2,1,1,1,2,3
9898274,3,1,1,2,1,2,3,2,1,1,3,1,2,1,2,3,1,1,3,3
9930319,3,1,1,3,3,2,4,2,1,1,2,2,2,2,2,2,1,1,3,3
9117657,3,1,1,3,3,2,3,2,4,1,2,2,2,2,2,2,1,1,3,3
9930315,3,1,3,3,1,2,4,2,4,1,2,2,2,2,2,2,1,1,3,3
9902124,3,1,2,2,4,1,3,2,4,1,1,2,2,2,2,2,1,1,3,3
9119436,3,1,2,3,3,2,3,2,4,1,2,2,2,1,2,1,1,1,1,3
9163959,3,1,1,2,1,2,4,2,1,1,2,2,2,2,2,2,1,1,1,3
9939013,3,1,1,3,3,2,4,2,1,1,2,2,2,1,2,2,1,1,3,3
9168298,3,1,1,2,1,2,3,2,1,1,2,1,2,1,2,2,1,1,1,3
9110709,3,2,1,2,4,2,1,2,1,1,1,2,2,1,2,2,1,1,1,3
9916122,3,2,1,2,1,2,4,2,1,1,2,2,2,2,2,2,1,1,1,3
9150768,3,2,1,2,1,2,2,2,1,1,2,1,2,2,2,2,1,1,1,3
9210435,3,2,1,3,1,2,2,2,1,1,2,2,2,1,2,3,1,1,1,3
9160233,3,2,1,2,2,2,2,1,1,2,2,2,2,1,2,1,1,1,1,3
10007977,3,2,3,3,1,2,3,1,4,2,2,2,2,1,2,2,1,1,1,3
9158236,3,2,3,3,3,2,3,1,4,2,2,2,2,1,2,3,1,1,3,3
9180007,3,2,3,2,4,1,3,1,3,2,1,2,2,1,2,2,1,1,3,3
9904841,3,1,2,2,1,2,4,1,3,2,2,2,2,2,2,2,1,1,1,3
9148326,3,1,1,3,1,2,2,2,1,1,2,2,2,1,2,2,1,1,1,3
9140380,3,1,1,2,4,2,2,2,1,1,1,2,2,1,2,1,1,1,1,3
9897446,3,1,1,2,3,2,4,2,1,1,2,2,2,1,2,2,1,1,3,3
9897664,3,1,1,2,1,2,3,1,1,1,2,2,2,2,2,2,1,1,2,3
9897665,3,1,1,2,1,2,3,2,1,1,2,2,2,2,2,3,1,2,1,3
9897663,3,1,1,2,1,2,3,1,1,1,2,2,2,2,2,3,1,1,1,3
9918424,3,1,3,3,3,2,4,2,4,1,2,2,2,2,2,1,1,1,3,3
9917461,3,1,2,3,1,2,4,2,4,1,2,2,2,1,2,2,1,1,1,3
9913452,3,1,2,3,3,2,4,2,4,1,3,2,1,2,2,2,1,1,1,3
9910449,3,1,2,3,1,2,4,2,3,1,2,2,2,2,2,3,1,2,1,3
9905811,3,1,2,3,1,2,4,2,4,1,2,2,2,2,2,2,1,1,2,3
9171063,3,1,2,2,1,2,3,2,4,1,2,2,2,1,2,1,1,1,2,3
9032286,3,1,1,2,4,2,2,2,1,1,1,1,2,1,2,2,1,1,1,3
9904887,3,1,1,2,3,2,2,2,1,1,2,1,2,2,2,2,1,1,1,3
9173162,3,1,1,2,2,2,2,2,1,1,2,2,2,2,2,2,1,1,1,3
9151412,3,1,1,3,1,2,3,2,1,1,2,2,2,2,2,2,1,1,1,2
9915660,3,1,1,2,1,2,4,2,1,1,3,2,2,2,2,1,1,1,1,3
9897445,3,1,1,2,4,2,4,1,1,2,1,2,2,2,2,2,1,1,1,3
9185393,3,1,1,2,1,2,1,1,1,2,2,2,2,1,2,2,1,1,1,3
9897444,3,1,1,2,4,2,4,1,1,2,1,2,2,2,2,2,1,1,1,3
9192401,3,1,1,2,4,2,3,1,3,2,1,2,2,2,2,2,1,1,3,3
9119706,3,1,2,2,3,2,3,2,4,1,2,2,2,2,2,3,1,1,1,3
9163318,3,1,1,2,3,2,1,1,1,2,2,2,2,2,2,2,1,1,2,3
9914920,3,1,1,2,4,2,4,2,1,1,1,1,2,2,2,3,1,1,1,3
9897662,3,1,1,2,1,2,4,2,1,1,2,2,2,2,2,2,1,1,2,3
9137923,3,1,3,2,5,2,4,2,4,1,2,2,2,2,2,2,1,1,3,3
9917601,3,1,2,3,3,2,4,2,4,1,2,2,2,2,2,2,1,1,1,3
9108911,3,1,2,2,4,2,3,2,4,1,1,2,2,2,2,2,1,1,3,3
9163314,3,1,2,2,2,2,3,2,1,1,2,2,2,2,2,2,1,1,1,3
9116296,3,1,1,3,5,2,3,2,1,1,1,2,2,2,2,2,1,3,1,3
9163313,3,1,1,2,1,2,3,2,1,1,3,1,2,2,2,2,1,1,2,3
9205150,3,1,1,2,3,2,3,2,1,1,2,2,2,1,2,1,1,1,1,3