Crash ID,Date,Day of Week,Time,Lane Count,Crash Type,Functional Class,Speed Limit,Environmental Conditions,Light Conditions,Surface Condition,Total Vehicles Involved,Curve Related,Alcohol Involved,Distracted Driving Involved,Drugged Driver Involved,Older Driver Involved,Temp Traffic Control Zone,Traffic Controls Present,Vehicle Type,Severity
9182304,3,1,1,3,1,2,3,2,1,1,2,1,2,2,2,2,1,2,2,3
9131869,3,1,1,3,1,2,3,2,1,1,2,2,2,2,2,1,1,1,3,3
9140872,3,1,1,3,3,2,2,2,1,1,2,2,2,1,2,2,1,1,1,3
9091226,3,1,1,3,3,2,2,2,1,1,2,2,2,1,2,1,1,2,1,3
9897443,3,1,1,2,4,2,4,2,1,1,1,2,2,2,2,2,1,1,1,2
9112303,3,1,1,3,1,2,3,2,1,1,2,2,2,2,2,2,1,1,1,3
9917132,3,1,2,3,1,2,2,2,4,1,3,2,2,2,2,2,1,1,3,3
9918018,3,1,2,3,3,2,4,2,3,1,2,2,2,2,2,2,1,1,3,3
9131530,3,1,2,2,1,2,1,1,4,2,2,2,2,2,2,2,1,1,1,3
9148323,3,1,1,3,3,2,2,1,1,2,2,1,2,2,2,2,1,1,1,3
9118922,3,1,1,2,2,2,1,1,1,2,2,2,2,1,2,2,1,1,2,3
9904836,3,1,1,2,1,2,2,2,1,2,2,2,2,1,2,2,1,1,2,3
9116114,3,1,1,3,3,2,3,2,1,1,2,2,2,2,2,3,1,1,1,3
9904835,3,1,1,3,1,2,4,1,1,2,2,2,2,2,2,3,1,1,1,3
9923324,3,2,1,3,1,2,4,1,1,2,2,2,2,1,2,2,1,1,1,3
9923323,3,2,1,3,4,2,4,1,1,2,1,1,2,1,2,1,1,1,1,3
9916987,3,2,3,3,1,2,4,2,4,1,2,2,1,2,2,1,1,1,1,3
9897660,3,2,2,2,1,2,4,2,4,1,2,2,1,2,2,2,1,1,1,3
9160737,3,2,2,3,1,2,3,2,4,1,2,2,2,1,2,1,1,1,1,3
9904826,3,2,1,2,4,2,4,2,1,1,2,1,2,1,2,2,1,1,3,1
9941937,3,2,1,3,3,1,4,2,1,1,2,2,2,2,2,2,1,1,2,3
9122488,3,2,3,3,3,2,2,2,1,1,2,1,2,2,2,2,1,1,1,3
9926374,3,2,3,3,1,2,4,2,3,1,2,2,1,2,2,2,1,2,1,3
9904824,3,1,2,3,1,2,4,2,4,1,2,2,2,1,2,3,1,1,1,3
9118911,3,1,2,3,3,2,3,2,4,1,2,2,2,2,2,2,1,1,3,3
9201848,3,1,1,2,2,2,3,2,1,1,2,2,2,1,2,2,1,1,3,3
9133824,3,1,1,2,1,2,1,2,1,1,3,2,2,1,2,2,1,2,1,3
9180967,3,1,1,3,1,2,2,2,1,1,2,2,2,1,2,2,1,1,1,3
9136761,3,1,1,2,3,2,3,2,1,1,2,2,2,1,2,2,1,1,3,3
9941758,3,1,1,2,1,1,3,2,1,1,2,2,2,1,2,3,1,1,1,3
9160056,3,1,1,2,3,2,3,2,1,1,2,2,2,2,2,2,1,1,3,3
9113835,3,1,1,2,4,2,3,2,1,2,3,2,2,2,2,1,1,1,1,3
9922732,3,1,2,2,1,2,4,2,3,1,3,2,2,2,2,2,1,1,2,3
9159432,3,1,2,3,1,2,4,2,4,1,2,2,2,1,2,3,1,1,1,3
9186511,3,1,1,2,1,2,1,2,1,1,2,2,2,2,2,2,1,1,1,3
9157627,3,1,1,3,3,2,4,2,1,1,2,1,2,2,2,1,1,1,3,3
9176307,3,1,1,3,2,2,2,2,1,1,2,2,2,2,2,2,1,1,3,3
9149680,3,1,1,2,1,2,2,2,1,1,2,2,2,1,2,2,1,1,1,3
9181222,3,1,1,2,1,2,3,2,1,1,3,2,2,1,2,2,1,1,1,3
9924797,3,1,1,3,3,2,4,2,1,1,2,2,2,1,2,1,1,1,2,3
9120111,3,1,1,2,1,2,3,2,1,1,2,2,2,2,2,2,1,1,2,3
9156988,3,1,1,2,3,2,1,2,1,1,2,2,2,2,2,2,1,1,3,3
9909303,3,1,1,3,1,2,4,2,1,1,3,2,2,2,2,2,1,2,1,3
9917599,3,1,2,3,1,2,4,2,4,1,2,2,2,1,2,2,1,1,3,3
9911091,3,1,2,3,1,2,4,2,4,1,2,2,2,2,2,2,1,1,1,3
9919599,3,1,2,3,3,2,4,2,3,1,2,2,2,2,2,1,1,1,1,3
9124004,3,1,2,2,3,2,4,2,4,1,2,2,2,1,2,2,1,2,3,3
9176699,3,1,1,3,1,2,3,2,1,1,2,2,2,1,2,1,1,1,1,3
9180000,3,1,1,2,2,2,2,2,1,1,2,2,2,2,2,2,1,1,1,3
9145463,3,1,1,3,1,2,4,2,1,1,2,2,2,1,2,2,1,1,1,3
9935059,3,1,1,2,3,2,4,2,1,1,2,1,2,1,2,1,1,1,2,3
9135044,3,1,1,2,1,2,3,2,1,1,2,2,2,1,2,2,3,1,1,3
9180594,3,1,1,3,1,2,3,2,1,1,2,2,2,1,2,2,1,1,1,3
9121892,3,1,1,2,1,2,2,2,1,1,2,2,2,1,2,2,1,1,1,3
9144091,3,1,1,3,1,2,1,2,1,1,2,2,2,1,2,2,1,1,2,3
9164856,3,1,1,3,1,2,3,2,1,1,3,2,2,1,2,3,1,1,1,3
9121660,3,1,1,2,2,2,2,2,1,1,2,2,2,1,2,1,1,1,1,3
9160225,3,1,1,3,3,2,3,2,1,1,2,2,2,1,2,2,1,1,1,3
9923655,3,1,1,2,1,2,4,2,1,1,2,2,2,2,2,2,1,1,3,3
9164095,3,1,1,2,1,2,1,2,1,1,2,1,2,1,2,2,1,1,1,3
9111839,3,1,1,2,1,2,1,2,1,1,2,2,2,1,2,2,3,1,3,3
9177273,3,1,3,3,2,2,2,2,4,1,2,2,2,1,2,2,1,1,3,3
9180592,3,1,2,3,1,2,3,2,4,1,3,1,2,2,2,3,1,1,2,3
9904816,3,1,2,2,1,2,2,2,1,1,2,2,2,2,2,2,1,1,1,3
9904815,3,1,2,3,3,2,4,2,1,1,2,2,2,2,2,2,1,1,3,3
9169514,3,1,1,2,1,2,2,2,1,1,2,2,2,2,2,1,1,1,1,3
9126900,3,1,1,2,1,2,4,2,1,1,2,2,2,1,2,1,1,1,1,3
9908757,3,1,1,2,1,2,4,2,1,1,2,2,2,2,2,3,2,1,1,3
9139336,3,1,1,2,5,2,3,2,1,1,1,2,2,2,2,2,1,1,1,3
9110644,3,1,1,2,1,2,4,2,1,1,2,2,2,1,2,2,1,1,3,3
9897657,3,1,1,2,3,2,3,2,1,1,3,2,2,2,2,1,1,1,1,3
9897656,3,1,1,2,4,2,3,2,2,1,1,2,2,2,2,1,1,2,3,3
9109033,3,1,2,2,2,2,2,2,4,1,2,2,2,2,2,2,1,1,1,3
9904812,3,1,2,2,3,2,2,2,4,1,2,2,2,2,2,2,1,1,1,3
9167176,3,1,1,2,4,2,2,2,1,1,2,2,2,1,2,1,1,1,3,3
9124729,3,1,1,3,2,2,2,2,1,1,2,2,2,2,2,1,2,1,1,3
9146530,3,1,1,2,1,2,3,2,1,1,2,2,2,1,2,3,1,1,1,3
9155469,3,1,1,2,1,2,2,2,1,1,2,2,2,1,2,2,1,1,1,3
9167146,3,1,1,2,3,2,2,2,1,1,2,2,2,2,2,1,1,1,1,3
9111794,3,1,1,2,3,2,1,2,1,1,2,2,2,2,2,2,1,1,3,3
9913865,3,1,1,2,3,2,4,2,1,1,2,2,2,2,2,2,1,1,2,3
9155484,3,2,2,2,4,2,4,2,4,1,1,2,1,2,2,2,1,1,2,3
9115798,3,2,1,2,4,2,3,2,1,1,1,1,2,1,2,2,1,1,1,3
9135681,3,2,3,3,3,2,2,2,4,1,2,2,1,1,2,2,1,1,1,3
9112050,3,2,1,2,2,2,3,2,1,1,2,2,2,2,2,2,1,1,1,3
9910716,3,1,2,3,1,2,4,1,4,2,2,2,2,2,2,2,1,1,1,3
9186360,3,1,1,2,2,2,2,2,1,1,2,2,2,2,2,3,1,1,1,3
9182774,3,1,1,2,1,2,3,2,1,1,2,2,2,1,2,3,1,1,1,3
9942537,3,1,1,3,3,2,4,2,1,1,2,2,2,1,2,1,1,1,3,3
9904803,3,1,1,3,1,2,4,2,1,1,2,1,2,2,2,1,1,1,2,3
9110583,3,1,1,2,2,2,2,2,1,1,2,1,2,1,2,1,1,1,1,3
9164841,3,1,1,3,1,2,3,2,1,1,2,2,2,1,2,1,1,1,1,3
9924790,3,1,1,3,1,2,4,2,1,1,2,2,2,2,2,2,1,1,2,3
9175033,3,1,1,2,4,2,2,2,1,1,1,1,2,2,2,1,1,1,1,3
9122537,3,1,1,3,3,2,1,2,1,1,2,2,2,2,2,2,1,1,2,3
9904801,3,1,1,2,1,2,4,2,1,1,2,2,2,2,2,2,1,1,1,3
9138545,3,1,1,2,3,2,3,2,1,1,2,2,2,2,2,2,1,1,2,3
9904800,3,1,1,3,3,2,4,2,1,1,2,2,2,2,2,2,1,2,1,3
9941710,3,1,3,3,3,1,4,2,3,1,2,2,2,2,2,2,1,1,3,3
9941196,3,1,2,3,3,2,4,2,3,1,2,1,2,1,2,2,1,1,2,3
9167522,3,1,2,2,2,2,1,2,4,1,2,2,1,1,2,3,1,1,1,2
9917460,3,1,2,3,3,2,4,2,4,1,2,1,2,1,2,2,1,1,3,3
9157733,3,1,1,3,1,2,3,2,1,1,2,2,2,2,2,2,1,1,1,3
9165358,3,1,1,2,1,2,2,2,1,1,2,2,2,1,2,1,1,1,1,3
9203287,3,1,1,3,4,2,2,2,1,1,1,2,1,1,2,2,1,1,2,3
9179038,3,1,1,2,3,2,3,2,1,1,2,2,2,2,2,2,1,1,1,3
9905794,3,1,1,3,1,2,4,2,1,1,2,2,2,2,2,3,1,1,1,3
9915656,3,1,1,2,1,2,4,2,1,1,2,2,1,2,1,2,1,1,3,3
9175031,3,1,1,2,3,2,4,2,1,1,2,2,2,1,2,2,1,1,1,3
9117018,3,1,1,2,1,2,1,2,1,1,2,2,2,2,2,2,1,1,1,3
9198568,3,1,2,2,2,2,3,2,4,1,2,2,2,2,2,3,1,1,1,3
9157694,3,1,1,2,1,2,2,2,1,1,2,1,2,1,2,2,1,2,2,3
9111438,3,1,1,2,3,2,1,2,1,1,2,2,2,2,2,2,1,1,2,3
9900517,3,1,3,3,3,2,4,2,4,1,2,2,2,2,2,2,1,1,3,3
9909808,3,1,2,3,1,2,4,2,3,1,2,2,2,1,2,1,1,1,1,3
9904794,3,1,2,2,3,2,2,2,4,1,2,2,2,1,2,2,1,1,2,3
9175531,3,1,1,2,1,2,3,2,1,1,2,2,2,2,2,2,1,1,1,3
9124349,3,1,1,2,1,2,3,2,1,1,2,2,2,1,2,2,1,1,1,3
9940219,3,1,1,3,3,2,4,2,1,1,2,2,2,1,2,2,1,1,3,3
9905939,3,1,1,2,1,2,4,2,1,1,3,2,2,1,2,1,1,1,1,3
9175080,3,1,1,2,1,1,4,1,1,2,2,2,2,1,2,2,1,1,3,3
9126371,3,1,2,2,2,2,2,2,1,1,2,2,2,1,2,2,1,1,1,3
9179681,3,1,1,2,4,2,1,2,1,1,1,2,2,1,2,2,1,1,3,3
9929733,3,1,1,3,1,2,4,2,1,1,3,2,2,1,2,2,1,1,3,3
9923316,3,1,1,3,3,2,4,2,1,1,2,1,2,2,2,2,1,1,1,3
9059823,3,1,1,2,1,2,2,2,1,1,2,2,2,1,2,2,1,1,1,3
9126364,3,1,1,3,3,2,3,2,1,1,2,2,2,1,2,2,1,1,2,3
9122234,3,1,1,3,1,2,1,2,1,1,2,2,2,2,2,1,1,1,1,3
9135038,3,1,1,2,1,2,4,2,1,1,3,2,2,1,2,1,1,1,1,3
9176425,3,2,2,3,4,2,2,2,4,1,1,2,2,2,2,2,1,1,1,3
9897649,3,2,1,2,1,2,4,2,1,1,3,2,2,1,2,1,1,1,2,3
9916109,3,2,1,2,1,2,4,2,1,1,2,2,2,2,2,2,1,1,1,3
10009248,3,2,1,2,5,2,1,2,1,1,1,2,2,2,2,2,2,1,1,3
9128171,3,2,1,3,1,2,3,2,1,1,2,2,2,1,2,2,1,1,1,3
9916110,3,2,1,2,3,2,4,2,1,1,2,2,2,2,2,2,1,1,1,3
9897648,3,2,1,2,4,2,4,2,1,1,1,2,2,2,2,2,1,1,2,3
9915654,3,2,1,2,3,2,4,2,1,1,2,2,2,2,2,2,1,2,1,3
9916107,3,2,2,2,1,2,4,2,4,1,3,2,2,2,2,2,1,2,1,3
9126362,3,2,1,2,3,2,3,2,1,1,2,1,2,2,2,2,1,2,1,3
9904788,3,2,1,3,1,2,4,2,1,1,2,1,2,2,2,2,1,1,2,3
9160987,3,2,1,2,1,2,3,2,1,1,2,2,2,1,2,2,1,1,1,3
9169039,3,2,3,2,4,1,3,2,4,1,1,2,2,1,2,2,1,1,1,3
9903057,3,1,2,3,1,2,4,2,3,1,3,2,2,2,2,2,1,1,1,3
9930292,3,1,2,3,3,2,4,2,3,1,2,2,2,2,2,2,1,1,3,3
9909267,3,1,1,3,1,2,4,2,1,1,3,2,2,1,2,2,2,1,2,3
9134772,3,1,1,2,3,2,2,2,1,1,2,2,2,2,2,3,1,1,1,3
9034198,3,1,1,3,3,2,2,2,1,1,2,2,2,1,2,2,1,1,1,3
9923313,3,1,1,3,3,2,4,2,1,1,2,2,2,2,2,2,1,1,3,3
9161570,3,1,1,3,3,2,3,2,1,1,3,2,2,2,2,2,2,1,3,3
9159613,3,1,1,3,3,2,2,2,1,1,2,2,2,2,2,2,1,1,3,3
9109504,3,1,1,2,3,2,1,2,1,1,2,2,2,1,2,2,1,1,3,3
9177252,3,1,1,2,4,2,3,2,1,1,1,2,2,2,2,2,1,1,3,3
9912971,3,1,3,3,4,2,4,2,4,1,1,2,2,2,2,2,1,1,2,3
9927562,3,1,1,2,3,2,4,2,1,1,2,2,1,1,1,2,1,1,1,2
9187362,3,1,1,2,3,2,1,2,1,1,2,2,2,1,2,2,1,1,1,3
9111265,3,1,1,2,3,1,2,2,1,1,2,2,2,2,2,2,1,1,1,3
9195952,3,1,1,3,3,2,2,2,1,1,2,1,2,2,2,2,1,1,1,3
9916105,3,1,1,2,3,2,4,2,1,1,2,2,2,2,2,2,1,1,3,3
9204291,3,1,1,3,3,2,2,2,1,1,2,2,2,1,2,1,1,1,1,3
9941932,3,1,3,3,3,2,4,2,4,1,2,2,2,2,2,1,1,1,3,3
9155184,3,1,3,3,1,2,3,2,4,1,2,2,2,1,2,3,1,1,1,3
9115672,3,1,2,3,1,2,3,2,4,1,2,2,2,1,2,2,1,1,1,3
9180580,3,1,2,3,1,2,3,2,4,1,2,2,2,2,2,3,1,1,1,3
9177236,3,1,2,3,3,2,2,2,4,1,2,2,2,1,2,2,1,1,1,3
9911242,3,1,2,3,1,2,4,2,4,1,2,2,2,1,2,1,1,1,1,3
9112154,3,1,1,2,1,2,1,2,1,1,2,2,2,1,2,2,1,1,1,3
9175073,3,1,1,2,5,1,3,2,1,1,2,2,2,2,2,2,1,1,3,3
9130240,3,1,1,3,3,2,3,2,1,1,2,2,2,2,2,1,1,1,3,3
9133408,3,1,1,2,1,2,2,2,1,1,2,2,2,1,2,3,1,1,1,3
9203366,3,1,1,2,3,2,2,2,1,1,2,1,2,1,2,2,1,1,1,3
9164242,3,1,1,3,1,2,2,2,1,1,2,2,2,1,2,2,1,1,1,3
9131621,3,1,1,2,3,2,1,2,1,1,2,2,2,2,2,2,1,1,3,3
9178286,3,1,1,3,3,2,3,2,1,1,2,2,2,1,2,1,1,1,3,3
9175931,3,1,1,2,1,2,3,2,1,1,2,2,2,1,2,2,1,1,2,3
9126361,3,1,1,2,3,2,3,2,1,1,2,1,2,1,2,2,1,1,1,3
9175930,3,1,1,2,1,2,3,2,1,1,2,2,2,1,2,2,1,1,2,3
9938963,3,1,1,3,4,2,4,2,1,1,1,2,2,2,2,2,1,1,3,3
9182785,3,1,3,2,5,2,3,2,1,1,2,2,2,1,2,1,1,1,3,3
9934846,3,1,1,3,3,1,4,2,1,1,2,2,2,2,2,2,1,1,3,3
9187360,3,1,1,2,3,2,1,1,1,1,2,2,2,2,2,2,1,1,1,3
9904787,3,1,1,2,1,2,2,1,1,2,2,2,2,1,2,2,1,2,2,3
9172038,3,1,1,2,2,2,4,1,1,1,2,2,2,1,2,2,1,1,1,3
9173645,3,1,1,3,3,2,2,2,1,1,2,2,2,2,2,2,1,1,2,3
9180578,3,1,1,3,1,2,3,2,1,1,3,2,2,1,2,2,1,1,1,3
9188982,3,1,1,2,2,2,2,1,1,2,2,2,2,1,2,1,1,2,1,3
9904782,3,1,1,2,3,2,2,2,1,1,2,2,2,2,2,2,1,1,1,3
9134817,3,1,1,2,2,2,1,1,1,2,2,2,2,1,2,2,1,1,1,3
9904783,3,1,1,2,1,2,2,2,1,1,2,2,2,2,2,2,1,1,1,3
9939473,3,1,1,3,3,2,4,2,1,1,3,2,2,2,2,2,1,1,1,3
9915454,3,1,2,2,3,2,4,2,3,1,2,2,2,2,2,2,1,1,3,3
9174754,3,1,2,2,1,2,3,2,4,1,3,2,2,2,2,2,1,1,1,3
9914688,3,1,2,2,3,2,4,2,3,1,2,2,2,2,2,2,1,2,3,3
9904780,3,1,1,2,1,2,2,2,1,1,2,2,2,1,2,2,1,1,1,3
9154362,3,1,1,3,1,2,3,2,1,1,2,2,2,1,2,2,1,1,3,3
9904781,3,1,1,2,3,2,4,2,1,1,2,1,2,2,2,2,1,2,1,3
9167541,3,1,1,2,3,2,1,2,1,1,2,2,2,2,2,2,1,1,3,3
9131905,3,1,1,2,2,2,1,2,1,1,2,2,2,2,2,2,1,1,3,3
9153565,3,1,1,3,1,2,1,2,1,1,2,2,2,1,2,2,1,1,1,3
9904779,3,1,1,2,1,2,2,2,1,1,2,2,2,2,2,1,1,1,2,3
9926602,3,2,1,3,1,2,4,2,1,1,2,2,2,2,2,2,1,1,1,3
9923312,3,2,2,3,1,2,4,2,2,1,2,1,2,2,2,2,1,1,1,3
9897643,3,2,1,2,1,2,4,2,1,1,2,2,2,2,2,2,1,1,1,3
9916097,3,2,1,2,1,2,4,2,1,1,3,2,2,2,2,2,1,1,1,3
9915933,3,2,1,2,1,2,3,2,4,1,3,2,2,2,2,2,1,3,1,3
9133670,3,2,1,2,3,2,4,2,1,1,2,2,2,1,2,1,1,1,1,3
9912958,3,1,2,3,1,2,4,2,4,1,2,2,2,1,2,1,1,1,1,3
9919588,3,1,2,3,1,2,4,2,4,1,2,2,1,2,2,2,1,1,1,3
9938962,3,1,2,3,3,2,4,2,1,1,2,2,2,2,2,2,1,1,1,3
9935050,3,1,1,3,3,2,4,2,1,1,2,2,2,2,2,3,1,2,1,3
9160864,3,1,1,2,1,2,1,2,1,1,2,2,2,2,2,2,1,1,3,3
9202367,3,1,1,2,1,2,2,2,1,1,2,2,1,2,1,2,1,1,1,3
9136722,3,1,1,2,3,2,2,2,1,1,2,2,2,2,2,2,1,1,2,3
9126360,3,1,1,2,3,2,3,2,1,1,2,1,2,2,2,2,1,1,1,3
9923309,3,1,1,3,3,2,4,2,1,1,2,2,2,2,2,2,1,1,3,3
9130237,3,1,1,3,3,2,2,2,1,1,2,2,2,1,2,1,1,1,3,3
9152356,3,1,1,3,2,2,3,2,1,1,2,1,2,2,2,3,1,1,2,3
9175351,3,1,1,2,3,2,1,2,1,1,2,2,2,2,2,2,2,1,3,3
9132576,3,1,2,3,1,2,4,2,4,1,2,2,2,1,2,2,1,1,1,3
9203278,3,1,2,2,1,2,3,2,4,1,2,2,2,2,2,2,1,1,1,3
9174193,3,1,2,2,2,2,2,2,4,1,2,1,2,1,2,1,1,2,1,3
9112272,3,1,2,3,3,2,1,2,1,1,2,2,2,2,2,3,1,1,1,3
9904769,3,1,1,3,1,2,4,2,1,1,3,2,2,2,2,2,1,1,3,3
9162622,3,1,1,3,5,2,2,2,1,1,1,2,2,2,2,2,1,1,1,3
9153562,3,1,1,3,4,2,2,1,1,1,1,2,2,2,2,2,1,1,1,3
9162621,3,1,1,3,5,2,2,2,1,1,1,2,2,2,2,2,1,1,1,3
9203202,3,1,1,2,1,2,2,2,1,1,2,2,2,2,2,2,1,1,1,3
9935579,3,1,1,3,1,2,4,2,1,1,2,2,2,1,2,2,1,2,3,3
9174026,3,1,1,2,4,1,4,2,1,1,1,2,1,2,2,2,1,1,1,2
9900077,3,1,1,3,1,2,4,2,1,1,2,1,2,2,2,2,1,1,1,3
9191842,3,1,2,2,3,2,3,2,4,1,2,2,2,2,2,1,1,1,2,3
9146484,3,1,1,2,1,2,3,2,1,2,2,2,2,2,2,2,1,1,1,2
9146483,3,1,1,2,1,2,3,2,1,2,2,2,2,2,2,2,1,1,2,3
9111983,3,1,1,3,2,2,1,1,1,2,2,2,2,1,2,1,1,1,3,3
9172865,3,1,1,3,3,2,3,2,1,1,2,2,2,1,2,1,1,2,3,3
9154812,3,1,1,2,3,2,1,2,1,1,2,2,2,2,2,3,1,1,2,3
9111977,3,1,1,2,4,2,1,2,1,1,1,2,2,1,2,2,1,2,1,3
9912950,3,1,1,3,1,2,4,2,1,1,3,2,2,2,2,2,1,1,3,3
9147441,3,1,1,2,1,2,3,2,1,1,2,2,2,1,2,2,1,1,3,2
9178283,3,1,1,1,1,2,1,2,1,1,2,2,2,1,2,2,1,1,2,3
9128859,3,1,1,2,3,2,1,2,1,1,2,2,2,1,2,2,1,1,3,3
9078536,3,1,2,3,1,2,2,2,4,1,2,2,2,2,2,2,1,1,2,3
9904766,3,1,1,2,3,2,2,2,1,1,2,2,2,2,2,2,1,1,1,3
9923308,3,1,1,3,3,2,4,2,1,1,2,2,2,1,2,1,1,1,3,3
9905778,3,1,1,3,1,2,4,2,1,1,2,2,2,1,2,2,1,2,1,3
9162340,3,1,1,3,1,2,2,2,1,1,2,2,2,1,2,1,1,1,3,3
9909260,3,1,1,3,1,2,4,2,1,1,2,2,2,2,2,2,1,1,2,3
9067309,3,1,1,2,1,2,3,2,1,1,2,2,2,1,2,2,1,1,1,3
9186873,3,1,1,3,1,2,2,2,1,1,2,2,2,2,2,2,1,1,1,3
9174843,3,1,3,2,4,2,2,2,4,1,1,2,2,1,2,2,1,1,1,3
9107897,3,1,2,2,4,2,1,2,4,1,1,2,2,2,2,2,1,1,2,3
9923307,3,1,1,3,3,2,4,2,1,1,2,1,2,2,2,2,1,1,1,3
9150484,3,1,1,2,3,2,1,2,2,1,2,2,2,1,2,2,3,1,1,3
9130837,3,1,1,2,1,2,3,2,1,1,2,2,2,1,2,2,1,1,1,3
9175508,3,1,1,2,2,2,2,2,1,1,2,2,2,2,2,1,3,1,1,3
9176531,3,1,1,2,2,1,4,2,1,1,2,2,2,2,2,1,1,1,1,1
9129929,3,1,1,3,4,2,2,2,1,1,2,2,2,1,2,2,1,1,3,3
9063255,3,1,1,3,1,2,3,2,1,1,2,2,2,1,2,1,1,1,1,3
9156304,3,1,1,2,3,2,2,2,1,1,2,2,2,2,2,2,3,2,3,3
9086591,3,1,1,2,1,2,4,2,1,1,2,2,2,2,2,2,1,1,1,3
9111810,3,1,1,3,3,2,2,2,1,1,2,2,2,2,2,2,1,1,2,3
9077601,3,2,2,2,4,2,3,2,4,1,1,1,2,1,2,2,1,1,1,3
9912941,3,2,2,2,1,2,4,2,1,1,2,2,2,2,2,2,1,1,2,3
9912963,3,2,2,2,1,2,4,2,1,1,2,2,2,2,2,2,1,1,2,3
9905776,3,2,1,3,1,2,4,2,1,1,2,1,2,2,2,2,1,1,2,3
9922468,3,2,2,3,1,2,3,2,4,1,2,2,1,2,1,1,1,1,1,1
9912940,3,2,1,3,1,2,4,2,1,1,2,2,2,2,2,2,1,1,1,3
9940751,3,2,1,3,1,2,4,2,1,1,2,2,2,1,2,2,2,1,3,3
9172383,3,2,1,3,3,2,2,2,1,1,2,1,2,2,2,1,1,2,3,3
10009038,3,1,2,2,1,2,3,2,4,1,2,2,2,2,2,2,1,1,1,3
9929712,3,1,2,3,1,2,4,2,3,1,3,2,2,2,2,3,1,1,1,3
9904761,3,1,2,2,1,2,2,2,3,1,3,2,2,1,2,1,1,1,1,3
9061088,3,1,1,3,3,2,2,2,1,1,2,2,2,1,2,3,1,1,2,3
9904759,3,1,1,2,4,2,4,2,1,1,1,2,2,1,2,2,1,1,3,2
9156333,3,1,1,2,1,2,3,2,1,1,2,2,2,2,2,2,1,2,3,3
9186446,3,1,1,2,3,2,2,2,1,1,2,1,2,1,2,2,1,1,3,3
9061087,3,1,1,3,3,2,1,2,1,1,2,2,2,1,2,2,1,1,2,3
9918681,3,1,1,3,1,2,4,2,1,1,2,2,2,2,2,2,1,1,3,3
10009836,3,1,1,1,3,2,1,2,1,1,2,2,2,1,2,1,1,1,3,3
9109111,3,1,1,3,3,2,3,2,1,1,2,2,2,2,2,2,1,1,3,3
9937781,3,1,1,3,1,2,4,2,1,1,2,2,2,1,2,2,1,1,1,3
9155045,3,1,1,2,3,2,3,2,1,1,2,2,2,2,2,2,1,1,1,3
9183199,3,1,1,3,1,2,3,2,1,1,2,2,2,2,2,1,1,1,1,3
9112463,3,1,1,2,1,2,2,2,1,1,2,2,2,1,2,2,1,1,1,3
9099456,3,1,1,3,3,2,3,2,1,1,2,1,2,1,2,2,1,2,1,3
9912938,3,1,1,3,1,2,4,2,1,1,2,2,2,2,2,1,1,1,1,3
9909251,3,1,2,3,1,2,4,2,3,1,2,2,2,2,2,2,1,1,1,3
9164304,3,1,2,3,2,2,3,2,4,1,2,2,2,2,2,2,1,1,1,3
9212043,3,1,2,2,1,2,3,2,4,1,2,2,2,2,2,2,1,1,1,3
9164604,3,1,1,2,2,2,1,2,1,1,2,2,2,1,2,2,1,2,1,3
9098574,3,1,1,3,1,2,3,2,1,1,2,2,2,2,2,1,1,1,2,3
9166671,3,1,1,3,1,2,2,2,1,1,3,2,2,2,2,2,1,2,3,3
9175499,3,1,1,2,2,2,3,2,1,1,2,1,2,2,2,1,1,1,1,3
9092894,3,1,1,3,4,2,2,2,1,1,1,2,2,1,2,2,1,1,3,3
9176196,3,1,1,3,3,2,3,2,1,1,2,2,2,2,2,2,1,1,1,3
9118261,3,1,1,3,1,2,4,2,1,1,2,2,2,1,2,1,1,1,1,3
9159604,3,1,1,3,1,2,2,2,1,1,3,2,2,2,2,2,1,1,1,3
9098570,3,1,1,3,3,2,3,2,1,1,2,1,2,2,2,2,1,1,2,3
9904757,3,1,3,2,3,2,2,2,2,1,2,1,2,2,2,2,1,1,1,3
9151709,3,1,1,2,3,2,1,1,1,2,2,2,2,2,2,2,1,1,1,3
9144060,3,1,1,2,1,2,2,1,1,2,2,2,2,1,2,2,1,1,1,3
9127545,3,1,1,2,1,2,2,1,1,2,2,2,2,1,2,3,2,1,1,3
9931785,3,1,1,3,1,2,4,2,1,1,2,2,2,2,2,2,1,1,1,3
9897864,3,1,1,2,3,2,4,1,1,2,2,2,2,2,2,2,1,1,1,3
9897865,3,1,1,2,4,2,4,1,2,2,1,1,2,2,2,2,1,1,1,3
9063697,3,1,1,2,2,2,1,2,1,1,2,1,2,1,2,3,1,1,1,3
9939447,3,1,1,3,1,2,4,2,1,1,2,2,2,1,2,2,1,1,1,2
9898272,3,1,1,2,4,2,3,2,1,1,1,2,2,2,2,2,1,1,1,3