Crash ID,Date,Day of Week,Time,Lane Count,Crash Type,Functional Class,Speed Limit,Environmental Conditions,Light Conditions,Surface Condition,Total Vehicles Involved,Curve Related,Alcohol Involved,Distracted Driving Involved,Drugged Driver Involved,Older Driver Involved,Temp Traffic Control Zone,Traffic Controls Present,Vehicle Type,Severity
9138661,2,1,1,1,1,2,2,1,1,2,2,2,2,2,2,2,1,1,1,3
9166595,2,1,1,2,3,2,3,2,1,1,2,1,2,1,2,2,1,1,1,3
9906347,2,1,1,3,1,2,4,1,1,1,2,2,2,2,2,2,1,1,1,3
9152347,2,2,2,3,4,2,3,1,4,2,1,2,2,2,2,3,1,1,1,3
9904662,2,2,2,3,1,2,4,1,2,2,2,2,2,2,2,2,1,1,3,3
9089835,2,2,1,2,1,2,1,2,1,1,2,2,2,1,2,2,1,1,1,3
9066390,2,2,1,3,1,2,2,2,1,1,3,2,2,2,2,2,1,1,1,3
9074348,2,2,2,2,2,2,4,1,4,2,2,1,2,2,2,2,1,1,1,3
9925108,2,2,1,3,3,2,4,2,1,1,2,2,2,2,2,2,2,1,2,3
9938860,2,2,1,3,1,2,4,2,1,1,2,1,2,2,2,2,1,1,1,3
9061361,2,2,1,2,1,2,3,2,1,1,2,2,2,2,2,2,1,1,1,3
9935012,2,2,1,3,1,2,4,2,1,1,2,1,2,1,2,2,1,1,1,3
9087974,2,2,1,2,1,2,4,2,1,1,3,2,2,1,2,2,1,1,1,3
9900050,2,2,1,3,1,2,4,2,1,1,2,2,2,2,2,3,1,1,1,3
9080030,2,2,1,2,3,2,3,2,1,1,2,2,2,2,2,2,2,1,3,3
9900049,2,2,1,3,1,2,4,2,1,1,2,2,2,2,2,2,1,1,1,3
9153208,2,2,1,2,1,2,3,2,1,1,2,2,2,1,2,2,1,2,2,3
9091422,2,2,1,2,4,2,4,2,1,1,1,2,2,1,2,2,1,1,1,3
9919560,2,2,3,3,1,2,4,2,4,1,2,2,1,2,2,2,1,1,3,2
9089135,2,1,2,3,2,2,2,2,4,1,2,2,2,2,2,3,1,1,1,3
9895840,2,1,1,2,3,2,1,2,1,1,2,2,2,2,2,2,3,1,1,3
9909155,2,1,1,3,1,2,4,2,1,1,2,1,2,1,2,2,1,1,1,3
9100364,2,1,1,2,3,2,3,2,1,1,2,2,2,2,2,2,1,1,2,3
9096062,2,1,1,1,3,2,3,2,1,1,2,2,2,2,2,2,1,1,3,3
9910996,2,1,1,3,1,2,4,2,1,1,3,2,2,2,2,1,1,1,1,3
9087969,2,1,1,2,1,2,4,2,1,1,3,2,2,2,2,1,1,1,3,3
9180805,2,1,1,2,1,2,3,2,1,1,2,2,2,1,2,1,1,1,3,3
9912838,2,1,2,3,3,2,4,2,4,1,2,2,2,2,2,1,2,1,3,3
9171472,2,1,2,3,1,2,3,2,1,1,2,2,2,1,2,2,2,1,3,3
9097537,2,1,2,2,2,2,3,2,1,1,2,1,2,2,2,3,1,1,1,3
9091218,2,1,1,2,3,2,2,2,1,1,2,2,2,2,2,2,3,1,3,3
9904656,2,1,1,2,3,2,2,2,1,1,2,1,2,1,2,2,1,1,1,3
9166594,2,1,1,2,3,2,3,2,1,1,2,1,2,1,2,2,1,1,1,3
9085886,2,1,1,2,1,2,2,2,1,1,2,2,2,1,2,2,1,2,1,3
9069767,2,1,1,3,1,2,2,2,1,1,2,2,2,2,2,2,1,1,1,3
9092460,2,1,1,2,2,2,1,2,1,1,2,2,2,2,2,2,1,1,1,3
9096473,2,1,1,2,1,2,1,2,1,1,2,2,2,2,2,2,1,1,1,3
9080020,2,1,3,3,3,2,2,2,1,1,2,1,2,2,2,2,1,1,3,3
9078117,2,1,2,2,1,2,3,2,1,1,2,2,2,1,2,2,1,1,2,3
9168070,2,1,1,3,3,2,1,2,1,1,2,2,2,2,2,2,1,1,1,3
9068012,2,1,1,2,1,2,2,2,1,1,3,2,2,2,2,2,1,1,1,3
9036623,2,1,1,2,1,2,2,2,1,1,2,2,2,1,2,1,1,1,2,3
9171618,2,1,1,2,3,2,3,2,1,1,2,2,2,1,2,1,1,1,1,3
9897600,2,1,1,2,4,2,4,2,1,1,1,2,2,2,2,3,1,1,1,3
9082877,2,1,1,2,3,2,2,2,1,1,2,2,2,1,2,1,1,1,3,3
9168066,2,1,1,2,2,2,3,2,1,1,2,1,2,1,2,2,1,1,1,3
9169556,2,1,1,3,3,2,1,2,1,1,2,2,2,1,2,1,1,1,1,3
9070555,2,1,1,2,2,2,1,2,1,1,2,2,2,1,2,2,1,1,1,3
9082720,2,1,1,2,1,2,3,2,1,1,2,2,2,2,2,2,1,1,1,3
9082719,2,1,1,3,1,2,2,2,1,1,2,2,2,2,2,2,1,1,1,3
9168065,2,1,3,2,1,2,3,2,4,1,2,2,2,1,2,2,1,1,1,3
9941106,2,1,2,3,1,2,4,2,1,1,2,2,2,2,2,2,1,1,1,3
9167980,2,1,1,2,2,2,3,2,1,1,2,2,2,2,2,2,1,1,1,3
9079129,2,1,1,2,3,2,3,2,1,1,2,2,2,1,2,2,1,1,3,3
9103676,2,1,1,2,3,2,3,2,1,1,2,2,2,2,2,2,1,1,1,3
9920917,2,1,1,3,3,2,4,2,1,1,2,2,2,2,2,2,1,1,3,3
9093339,2,1,1,2,1,2,3,2,1,1,2,2,2,1,2,1,1,1,1,3
9054990,2,1,1,2,1,2,1,2,1,1,2,2,2,1,2,2,2,1,3,3
9098401,2,1,1,2,2,2,3,2,1,1,2,2,2,2,2,1,1,1,1,3
9091123,2,1,1,2,3,2,3,2,1,1,2,2,2,2,2,1,1,1,3,3
9073431,2,1,1,2,1,2,2,2,1,1,2,2,2,1,2,3,1,1,1,3
9098400,2,1,1,2,2,2,3,2,1,1,2,2,2,2,2,1,1,1,1,3
9093501,2,1,1,2,4,2,3,2,1,1,1,2,2,1,2,3,2,1,1,3
9093334,2,1,1,2,1,2,3,2,1,1,2,2,2,1,2,2,1,1,1,3
9066251,2,1,1,2,1,2,3,2,1,1,2,2,2,1,2,2,1,1,1,3
9205063,2,1,1,2,1,2,3,2,1,1,2,2,2,1,2,2,1,1,1,3
9904649,2,1,3,3,3,2,4,2,1,1,2,2,2,2,2,2,1,1,1,3
9080852,2,1,3,2,4,2,2,2,4,1,1,2,1,1,2,2,1,1,1,3
9100888,2,1,1,1,2,2,1,2,1,1,2,2,2,1,2,3,1,1,1,3
9087962,2,1,1,2,1,2,4,2,1,1,2,2,2,1,2,2,1,1,1,3
9897598,2,1,1,2,3,2,4,2,1,1,2,2,2,2,2,3,1,1,1,3
9073251,2,1,1,2,2,2,2,2,1,1,2,2,2,2,2,3,1,1,1,3
9087140,2,1,1,2,1,2,3,2,1,1,2,2,2,1,2,2,1,1,1,3
9085230,2,1,1,2,3,2,2,2,1,1,2,2,2,1,2,2,1,1,2,3
9904647,2,1,1,2,3,2,2,2,1,1,2,1,2,2,2,2,1,2,2,3
9081573,2,1,3,2,4,2,2,2,4,1,1,2,2,2,2,2,1,1,3,3
9897597,2,2,2,2,1,2,4,2,4,1,2,2,2,2,2,3,1,1,1,3
9897596,2,2,2,2,1,2,4,2,2,1,2,2,2,2,2,2,1,1,1,3
9897594,2,2,1,2,1,2,4,2,1,1,2,1,2,2,2,1,1,1,1,3
9910987,2,2,1,3,4,2,4,2,1,1,1,2,2,1,2,2,1,1,1,3
9069017,2,2,2,2,3,2,1,2,4,1,2,2,2,2,2,3,1,1,1,3
9056574,2,2,1,2,1,2,4,2,1,1,2,1,2,2,2,2,1,1,1,3
9055871,2,2,1,2,4,2,4,2,1,2,1,2,2,2,2,2,1,1,1,3
9153422,2,2,1,2,3,2,2,2,1,1,2,2,2,1,2,1,1,1,1,3
9939392,2,1,2,3,1,2,4,1,1,2,2,2,2,2,2,2,1,1,1,3
9908304,2,1,1,2,3,2,4,2,1,1,2,2,2,2,2,2,1,1,3,3
9043236,2,1,1,2,1,2,3,1,1,2,3,2,2,2,2,1,1,1,2,3
9915800,2,1,1,3,3,2,3,1,1,2,2,2,2,1,2,2,1,1,3,3
9086880,2,1,1,3,2,2,2,2,1,1,2,2,2,1,2,2,2,1,1,3
9083984,2,1,1,2,3,2,2,1,1,1,2,2,2,1,2,1,1,1,1,3
9076336,2,1,1,2,3,2,2,1,1,1,2,2,2,1,2,1,1,1,3,3
9908725,2,1,1,2,1,2,4,2,1,1,2,2,2,1,2,3,1,1,1,3
9919727,2,1,1,2,1,2,3,2,1,1,2,2,2,2,2,2,1,1,3,3
9087516,2,1,1,2,3,2,3,2,1,1,2,2,2,2,2,2,1,1,3,3
9118576,2,1,1,2,1,2,1,2,1,1,2,2,2,2,2,2,1,1,1,3
9078695,2,1,3,2,3,2,3,2,4,1,2,2,2,1,2,2,1,1,3,3
9105634,2,1,3,2,1,2,3,2,4,1,2,2,2,2,2,2,1,2,1,3
9909142,2,1,2,3,1,2,4,2,3,1,2,2,2,2,2,2,1,1,1,3
9105633,2,1,2,2,1,2,3,2,4,1,2,2,2,2,2,2,1,1,1,3
9904640,2,1,2,2,4,2,2,2,3,1,1,1,1,1,2,2,1,1,1,3
9166592,2,1,1,2,2,2,3,2,1,1,2,1,2,1,2,2,1,1,2,3
9905716,2,1,1,3,3,2,4,2,1,1,2,2,2,2,2,2,1,1,2,3
9908724,2,1,1,2,1,2,4,2,1,1,2,2,2,1,2,1,1,1,1,3
9044854,2,1,1,2,1,2,3,2,1,1,2,2,2,1,2,2,1,1,2,3
9071036,2,1,1,2,4,2,1,2,1,1,1,2,2,2,2,2,1,1,3,3
9914081,2,1,3,3,3,2,4,2,4,1,2,2,2,2,2,2,1,1,1,3
9914082,2,1,2,3,1,2,4,2,3,1,2,1,2,2,2,2,1,1,1,3
9897591,2,1,2,2,3,2,4,2,3,1,2,2,2,2,2,2,1,2,3,3
9052445,2,1,2,3,3,2,3,2,4,1,2,2,2,1,2,2,1,1,1,3
9915797,2,1,1,3,3,2,2,2,1,1,2,2,2,2,2,2,1,1,3,3
9060191,2,1,1,2,1,2,2,2,1,1,2,2,2,2,2,1,1,1,1,3
9915931,2,1,1,2,4,2,2,2,1,1,1,2,2,2,2,2,1,1,3,3
9170312,2,1,1,2,4,2,1,2,1,1,1,2,2,2,2,2,1,1,3,3
9140131,2,1,1,2,2,2,1,2,1,1,2,2,2,2,2,2,1,1,3,3
9067020,2,1,1,2,1,2,2,2,1,1,3,2,2,1,2,1,1,1,1,3
9069178,2,1,3,2,5,2,3,2,4,1,2,2,2,1,2,2,1,1,3,3
9057071,2,1,2,2,2,2,3,2,2,1,2,1,2,1,2,2,1,1,2,3
9173640,2,1,2,2,1,2,3,2,1,1,2,2,2,1,2,2,1,1,1,3
9088607,2,1,1,2,1,2,2,2,1,1,2,2,2,2,2,2,1,1,2,3
9067016,2,1,1,2,1,2,2,2,1,1,2,2,2,1,2,2,1,1,1,3
9055272,2,1,1,3,3,2,3,2,1,1,2,1,2,1,2,2,1,1,1,3
9044887,2,1,1,3,3,2,3,2,1,1,2,2,2,2,2,2,1,1,3,3
9097361,2,1,1,2,1,2,2,2,1,1,3,2,2,1,2,2,1,1,1,3
9909127,2,1,1,3,3,2,4,2,1,1,2,2,2,2,2,2,1,1,1,3
9895839,2,1,1,3,3,2,1,2,1,1,2,2,2,2,2,2,3,1,1,3
9897843,2,2,2,2,1,2,4,2,4,1,3,2,2,1,2,3,1,1,1,3
9939386,2,2,1,3,1,2,4,2,1,1,3,2,2,2,2,1,1,1,1,3
9055271,2,2,1,3,1,2,3,2,1,1,2,2,2,1,2,1,1,1,1,3
9911641,2,2,2,2,1,2,3,2,4,1,2,2,2,1,2,2,1,2,1,3
9055269,2,2,1,3,3,2,3,2,1,1,2,1,2,2,2,1,1,1,1,3
9101495,2,2,1,2,1,2,4,2,1,1,2,2,2,1,2,2,1,1,1,3
9108014,2,2,1,2,1,2,3,2,1,1,2,2,2,1,2,3,1,1,1,3
9897585,2,2,1,2,1,2,4,2,1,1,2,2,2,2,2,3,1,2,1,3
9055268,2,2,1,3,2,2,3,2,1,1,2,1,2,2,2,2,1,1,1,3
9107840,2,2,3,2,1,2,3,2,4,1,2,2,2,1,2,2,1,1,1,3
9940655,2,1,2,3,1,2,4,2,3,1,2,2,2,2,2,2,2,1,1,3
9911640,2,1,2,2,1,2,3,2,4,2,2,2,2,1,2,2,1,1,1,3
9911639,2,1,2,2,1,2,3,2,1,1,2,2,2,1,2,1,1,2,1,3
9127641,2,1,2,3,1,2,1,2,1,1,2,1,2,1,2,2,1,1,1,3
9904633,2,1,1,2,1,2,2,2,1,1,2,2,2,2,2,3,1,1,1,3
9103510,2,1,1,2,4,2,1,2,1,1,1,2,2,2,2,2,1,1,3,3
9906525,2,1,1,2,1,2,4,2,1,2,2,2,2,2,2,3,1,1,1,3
9109783,2,1,1,2,2,2,3,2,1,1,2,2,2,1,2,2,1,1,2,3
9904632,2,1,1,3,4,2,4,2,1,2,2,2,2,2,2,2,1,1,3,3
9070727,2,1,1,2,4,2,3,1,1,2,1,2,2,1,2,2,1,1,1,3
9900045,2,1,1,3,1,2,4,1,1,2,2,2,2,2,2,2,1,1,1,3
9091860,2,1,1,2,2,1,3,2,1,1,2,2,2,2,2,2,1,1,1,3
9115111,2,1,2,2,4,2,1,2,3,1,1,2,2,2,2,2,1,1,1,3
9139955,2,1,2,2,1,2,3,2,1,1,2,2,2,2,2,2,1,1,1,3
9079136,2,1,1,2,4,2,1,2,1,1,1,2,2,1,2,2,1,1,3,3
9080748,2,1,1,2,4,2,3,1,1,2,1,2,2,1,2,2,1,3,1,3
9049731,2,1,1,2,1,2,2,1,1,1,2,2,2,1,2,2,1,1,1,3
9905711,2,1,1,3,3,2,4,1,1,2,2,2,2,2,2,2,1,1,3,3
9080621,2,1,1,2,4,2,2,2,1,1,1,2,2,2,2,2,1,1,1,3
9926267,2,1,2,3,3,2,4,2,4,1,2,2,2,2,2,2,1,1,1,3
9082565,2,1,2,3,1,2,4,2,4,1,3,2,2,1,2,2,1,1,1,3
9082564,2,1,2,3,3,2,4,2,4,1,2,2,2,1,2,2,1,1,1,3
9909120,2,1,2,3,1,2,4,2,3,1,2,1,2,2,2,2,1,1,1,3
9897580,2,1,1,2,1,2,4,2,1,1,3,2,2,2,2,2,1,1,2,3
9172768,2,1,1,2,3,2,3,2,1,1,2,2,2,2,2,1,1,1,1,3
9897579,2,1,1,2,1,2,4,2,1,1,2,2,2,2,2,3,1,1,1,3
9055431,2,1,1,2,2,2,3,2,1,1,2,1,2,2,2,2,1,1,1,3
9897578,2,1,1,2,1,2,4,2,1,1,2,2,2,2,2,1,1,1,1,3
9055428,2,1,1,2,2,2,3,2,1,1,2,1,2,1,2,2,1,1,1,3
9089816,2,1,1,2,4,2,1,2,1,1,1,2,2,2,2,2,1,1,3,3
9910970,2,1,1,3,3,2,4,2,1,1,3,2,2,2,2,2,1,1,1,2
9157841,2,2,2,2,2,2,3,2,4,1,2,2,2,2,2,2,1,1,1,3
9897575,2,2,2,2,1,2,4,2,4,1,2,2,2,2,2,3,1,1,1,3
9897577,2,2,2,2,3,2,4,2,4,1,2,2,2,2,2,3,1,1,1,3
9897574,2,2,2,2,1,2,4,2,1,1,2,2,2,2,2,2,1,1,1,3
9897573,2,2,2,2,1,2,4,2,1,1,2,2,2,2,2,2,1,1,1,3
9897576,2,2,2,2,1,2,4,2,1,1,3,2,2,1,2,2,1,1,1,3
9041392,2,2,1,2,1,2,4,2,1,1,2,2,2,1,2,3,1,1,1,3
9905709,2,2,1,3,3,2,4,2,1,1,2,2,2,2,2,3,1,2,1,3
9098922,2,2,1,3,3,2,3,2,1,1,2,2,2,2,2,2,1,1,1,3
9112562,2,2,3,2,3,2,3,2,1,1,2,2,2,1,2,3,1,1,1,3
9065428,2,2,2,1,2,2,1,2,4,1,3,2,2,1,2,2,1,1,2,2
9063380,2,2,2,2,1,2,3,1,2,2,2,2,2,1,2,2,2,1,1,3
9904623,2,2,1,3,1,2,4,2,1,1,3,2,2,2,2,2,1,1,1,3
9045784,2,2,1,2,1,2,2,2,1,1,2,2,2,1,2,2,1,1,1,3
9897571,2,2,1,2,3,2,4,2,1,1,2,2,2,1,2,2,1,1,1,3
9047361,2,2,1,3,3,2,2,2,1,1,2,2,2,1,2,2,1,1,1,3
9897570,2,2,1,2,1,2,4,2,1,1,2,2,2,2,2,2,1,1,1,3
9939379,2,1,2,3,1,2,4,2,1,1,2,2,2,2,2,2,1,1,1,3
9912775,2,1,1,2,1,2,4,2,1,1,2,2,2,2,2,3,1,1,1,3
9939378,2,1,1,3,1,2,4,2,1,1,2,2,2,2,2,2,1,1,1,3
9905708,2,1,1,3,1,2,4,2,1,1,2,2,2,2,2,2,1,1,2,3
9904621,2,1,1,3,3,2,4,2,1,1,2,2,2,2,2,1,1,1,1,3
9089357,2,1,1,3,3,2,1,2,1,1,2,2,2,2,2,1,1,1,1,3
9904622,2,1,1,3,1,2,4,2,1,1,3,2,2,1,2,1,1,1,2,3
9130788,2,1,3,1,3,2,2,2,1,1,2,1,2,1,2,2,1,1,2,2
9175963,2,1,1,2,2,2,2,2,1,1,2,2,2,1,2,1,1,1,1,2
9165300,2,1,1,2,3,2,3,2,1,1,2,2,2,2,2,2,1,1,3,3
9046586,2,1,1,3,3,2,3,2,1,1,2,1,2,1,2,2,1,1,2,3
9081465,2,1,1,3,1,2,2,2,1,1,2,2,2,2,2,3,3,1,1,3
9017366,2,1,1,3,4,2,4,2,1,1,1,1,2,1,2,2,1,1,3,3
9100250,2,1,1,2,3,2,3,2,1,1,2,2,2,1,2,2,1,1,2,3
9066991,2,1,1,3,2,2,2,2,1,1,2,2,2,1,2,2,1,1,1,3
9912770,2,1,2,2,1,2,4,2,4,1,2,2,2,2,2,2,1,1,1,3
9897569,2,1,1,2,1,2,4,2,1,1,2,2,2,2,2,3,1,1,1,3
9091989,2,1,1,2,1,2,4,2,1,1,3,2,2,1,2,1,2,1,1,3
9113626,2,1,1,2,3,2,1,2,1,1,2,2,2,1,2,2,1,1,1,3
9057049,2,1,1,3,1,2,3,2,1,1,2,2,2,2,2,1,3,1,1,3
9086811,2,1,1,2,1,1,3,2,1,1,2,2,2,2,2,2,1,1,1,3
9909108,2,1,2,3,1,2,4,2,4,1,3,2,2,2,2,2,1,1,1,3
9136995,2,1,2,2,1,2,1,2,1,1,2,2,2,1,2,2,1,1,1,3
9051073,2,1,1,2,3,2,2,2,1,1,2,2,2,1,2,3,1,1,1,3
9923216,2,1,1,3,3,2,4,2,1,1,2,2,2,2,2,2,1,1,1,3
9039409,2,1,1,2,1,2,3,2,1,1,2,1,2,1,2,2,1,1,1,3
9904090,2,1,2,2,1,1,4,2,4,1,2,2,2,1,2,3,1,1,1,3
9916053,2,1,2,2,1,2,4,2,4,1,3,2,2,2,2,2,1,1,1,3
9902508,2,1,2,3,3,2,4,2,2,1,2,2,2,2,2,2,1,1,3,3
9896008,2,1,1,2,1,2,1,2,1,1,2,2,2,1,2,2,1,1,1,2
9063237,2,1,1,2,3,2,3,2,1,1,2,2,2,2,2,2,1,1,3,3
9043497,2,1,1,2,4,2,3,2,1,1,1,2,2,2,2,2,1,1,1,3
9091129,2,1,1,2,1,2,1,2,1,1,2,2,2,1,2,2,1,1,1,3
9046278,2,1,1,2,1,2,3,2,1,1,2,2,2,2,2,3,1,2,1,3
9036637,2,1,1,2,4,2,2,2,1,1,1,2,2,2,2,2,1,1,1,3
9898258,2,1,1,2,1,2,3,2,1,1,2,2,2,2,2,2,1,1,2,3
9904611,2,1,1,3,1,2,4,2,1,1,2,2,1,1,1,2,1,1,2,3
9923215,2,1,1,3,3,2,4,2,1,1,2,2,2,2,2,2,1,1,3,3
9107962,2,2,3,3,1,2,3,2,4,1,2,1,2,1,2,2,1,1,1,3
9910961,2,2,2,3,3,2,4,2,1,1,2,2,2,2,2,2,1,1,1,3
9904606,2,2,1,2,3,2,2,2,1,1,2,2,2,2,2,2,1,1,1,3
9897564,2,2,1,2,1,2,4,2,1,1,2,2,2,2,2,2,1,1,1,3
9918336,2,2,3,3,4,1,4,1,3,2,1,2,2,2,2,2,1,1,2,3
9918335,2,2,3,3,4,1,4,1,3,2,1,2,2,1,2,2,1,1,1,3
9170295,2,1,1,2,3,2,3,2,1,1,2,2,2,1,2,2,1,1,3,3
9056511,2,1,1,3,1,2,3,2,1,1,2,2,2,1,2,1,1,1,1,3
9100316,2,1,1,3,3,2,1,1,1,2,2,2,2,1,2,2,2,1,3,3
9052790,2,1,1,2,1,2,3,1,1,2,2,2,2,1,2,1,1,1,1,3
9897563,2,1,1,2,3,2,4,2,1,1,2,2,2,2,2,2,1,1,2,3
9041295,2,1,1,2,2,2,1,2,1,1,2,2,2,1,2,1,1,1,1,3
9157494,2,1,1,2,1,2,3,1,1,1,2,2,2,2,2,2,1,1,1,3
9905701,2,1,2,3,1,2,4,2,1,1,2,2,2,2,2,3,1,1,1,3
9100038,2,1,1,3,1,2,3,2,1,1,3,2,2,2,2,3,1,1,1,3
9043708,2,1,1,3,1,2,3,2,1,1,2,2,2,2,2,2,1,1,2,3
9073362,2,1,1,2,1,2,3,2,1,1,3,2,2,1,2,1,1,1,2,3
9183839,2,1,1,3,3,2,3,2,1,1,2,2,2,2,2,2,1,1,1,3
9103487,2,1,1,3,1,2,3,2,1,1,2,2,2,1,2,2,1,1,1,3
9913930,2,1,1,3,1,2,4,2,1,1,2,2,2,2,2,3,1,1,1,3
9056923,2,1,1,2,3,2,1,2,1,1,2,2,2,2,2,1,1,1,3,3
9081725,2,1,1,2,3,2,1,2,1,1,2,2,2,1,2,2,1,1,3,3
9047370,2,1,1,2,2,2,2,2,1,1,2,2,2,1,2,2,1,1,2,3
9048683,2,1,1,2,2,2,1,2,1,1,2,2,2,2,2,3,1,1,1,3
9900042,2,1,1,3,3,2,4,2,1,1,2,2,2,2,2,2,1,1,1,3
9183835,2,1,1,2,1,2,3,2,1,1,3,2,2,1,2,2,1,1,2,3
9025690,2,1,1,3,3,2,3,2,1,1,2,2,2,1,2,2,1,1,3,3
9045774,2,1,1,2,1,2,2,2,1,1,2,2,2,1,2,1,1,1,2,3
9898256,2,1,1,2,1,2,3,2,1,1,2,2,2,1,2,2,1,1,3,3
9897562,2,1,1,2,3,2,4,2,1,1,2,2,2,2,2,2,1,1,1,3
9089346,2,1,2,2,3,2,3,2,1,1,2,2,2,2,2,1,1,1,1,3
9916048,2,1,1,2,1,2,4,2,1,1,2,2,2,2,2,2,1,1,1,3
9904600,2,1,1,2,1,2,4,1,1,2,2,2,2,2,2,2,1,1,1,3
9904599,2,1,1,2,1,2,4,1,1,2,3,2,2,1,2,3,1,1,1,3
9128996,2,1,1,2,1,2,2,1,1,2,2,2,2,1,2,2,1,1,2,3
9056509,2,1,1,2,3,2,3,2,1,1,2,1,2,2,2,1,1,1,1,3
9056508,2,1,1,2,3,2,3,2,1,1,2,1,1,2,2,1,1,1,1,3
9071079,2,1,1,2,1,2,1,2,1,1,2,2,2,1,2,1,1,1,1,3
9056663,2,1,1,2,2,1,4,2,1,1,2,2,2,2,2,2,1,1,1,3
9904594,2,1,1,3,1,2,4,2,1,1,2,2,2,2,2,2,1,1,1,3
9904595,2,1,1,3,4,2,4,2,1,1,1,2,2,1,2,2,1,1,1,3
9089621,2,1,1,3,3,2,2,2,1,1,2,2,2,2,2,2,3,1,1,3
9022739,2,1,1,2,2,2,3,1,1,1,2,1,2,1,2,3,1,1,1,3
9908169,2,2,1,2,1,1,1,2,1,1,2,2,2,2,2,2,1,1,1,3
9939367,2,2,3,3,4,2,4,2,4,1,1,2,1,1,2,2,1,1,1,3
9904589,2,2,1,2,1,2,2,2,1,2,2,2,2,2,2,2,1,1,1,3
9107959,2,2,1,2,1,2,3,2,1,1,2,2,2,2,2,2,1,2,1,3
9904587,2,2,1,2,1,2,4,1,1,2,3,2,2,2,2,2,1,1,2,3
9036647,2,2,1,2,1,1,3,2,1,1,2,2,2,2,2,2,2,1,1,3
9919018,2,2,3,2,1,2,4,2,1,1,2,2,2,2,2,2,2,2,3,3
9043101,2,2,3,3,3,2,2,2,4,1,2,2,2,1,2,1,1,1,1,3
9077794,2,1,1,2,2,2,1,2,1,1,2,2,2,1,2,2,1,2,2,3
9026712,2,1,1,2,2,2,1,1,1,1,2,2,2,1,2,2,1,1,1,3
9043276,2,1,1,2,4,2,1,1,1,1,1,2,2,1,2,2,1,1,3,3
9050974,2,1,1,1,4,2,2,1,1,1,1,1,2,2,2,2,1,1,1,3
9168848,2,1,1,2,1,2,1,1,1,1,2,2,2,2,2,2,1,1,1,3
9900033,2,1,2,3,1,2,4,2,3,1,2,2,2,2,2,2,1,1,1,3
9939364,2,1,2,3,3,2,4,2,3,1,2,2,2,2,2,2,1,1,1,3
9053451,2,1,1,2,1,2,1,2,1,1,2,2,2,2,2,2,1,1,1,3
9012366,2,1,1,3,1,2,3,2,1,1,2,2,2,1,2,2,1,1,1,3
9170939,2,1,1,2,2,2,2,2,1,1,2,2,2,2,2,1,1,1,3,3
9028322,2,1,1,2,1,2,3,2,1,1,2,1,2,2,2,2,1,1,3,3
9923207,2,1,1,3,3,2,4,2,1,1,2,1,2,1,2,2,1,1,3,2
9065907,2,1,1,3,1,2,3,2,1,1,2,2,2,1,2,3,3,1,2,3
9924636,2,1,1,3,1,2,4,2,1,1,2,2,2,2,2,2,1,1,1,3
9911626,2,1,2,2,3,2,3,2,4,1,2,2,2,1,2,2,1,1,1,3
9937996,2,1,2,3,1,2,4,2,3,1,2,2,2,2,2,3,1,1,2,3
9907772,2,1,2,2,4,1,3,2,2,1,1,2,2,2,2,2,2,1,1,3
9897559,2,1,2,2,3,2,4,2,1,1,2,2,2,2,2,3,1,1,1,3
9910937,2,1,2,3,3,2,4,2,1,1,2,2,2,2,2,2,1,1,1,3
9018619,2,1,2,2,3,2,3,2,1,1,2,2,2,1,2,1,1,1,3,3
9923206,2,1,1,3,1,2,4,2,1,1,2,1,2,1,2,1,1,1,1,3
9050702,2,1,1,3,1,2,3,2,1,1,2,2,2,1,2,2,1,1,2,3
9016607,2,1,1,2,1,2,4,2,1,1,2,2,2,1,2,3,1,1,1,3
9044009,2,1,1,2,3,2,1,2,1,1,2,2,2,1,2,2,1,1,1,3
9045442,2,1,1,3,1,2,1,2,1,1,2,2,2,1,2,1,3,1,1,3
9095539,2,1,1,3,3,2,3,2,1,1,2,2,2,2,2,2,1,1,1,3
9897388,2,1,1,2,3,2,4,2,1,1,2,2,2,2,2,1,1,1,2,3
9913362,2,1,2,3,1,2,4,2,4,1,2,2,2,2,2,1,1,1,3,3
9904578,2,1,1,2,1,2,4,2,1,1,2,2,2,1,2,3,1,1,2,3
9177285,2,1,1,2,3,2,3,2,1,1,2,1,2,1,2,2,1,1,1,3
9904580,2,1,1,3,3,2,4,2,1,1,2,2,2,2,2,2,1,2,3,3
9045759,2,1,1,2,2,2,2,2,1,1,2,2,2,2,2,2,1,1,1,3
9904579,2,1,1,3,1,2,4,2,1,1,2,2,2,2,2,3,1,1,2,3
9922325,2,1,1,3,1,2,3,2,1,1,2,2,2,2,2,3,1,1,1,3
9043788,2,1,1,2,2,2,1,2,1,1,2,2,2,1,2,2,1,1,1,3