Crash ID,Date,Day of Week,Time,Lane Count,Crash Type,Functional Class,Speed Limit,Environmental Conditions,Light Conditions,Surface Condition,Total Vehicles Involved,Curve Related,Alcohol Involved,Distracted Driving Involved,Drugged Driver Involved,Older Driver Involved,Temp Traffic Control Zone,Traffic Controls Present,Vehicle Type,Severity
9055692,2,1,1,2,3,2,4,2,1,1,2,2,2,1,2,2,1,1,3,3
9934990,2,1,1,3,1,2,4,2,1,1,2,1,2,1,2,3,1,1,1,3
9060508,2,1,1,2,1,2,4,2,1,1,2,2,2,1,2,2,1,1,1,3
9909079,2,1,1,3,3,2,4,2,1,1,2,2,2,2,2,1,1,1,1,3
9167815,2,1,1,2,1,2,3,2,1,1,2,2,2,1,2,2,1,1,1,3
9019592,2,1,1,3,3,2,3,2,1,1,2,2,2,1,2,2,1,1,1,3
9011907,2,1,3,3,1,2,3,2,4,1,2,2,1,2,1,3,1,1,1,2
9166947,2,1,1,2,2,2,3,2,1,1,2,2,2,2,2,1,1,1,1,3
9900590,2,1,1,3,1,2,4,2,1,1,2,2,2,2,2,2,1,1,1,3
9181824,2,1,1,3,1,2,3,2,1,1,2,2,2,1,2,1,1,1,1,3
9909073,2,1,1,3,1,2,4,2,1,1,2,2,2,2,2,3,1,1,1,3
9900029,2,1,1,3,4,2,4,2,1,1,2,1,2,1,2,2,1,1,1,3
9046370,2,1,1,2,1,2,2,2,1,1,2,2,2,1,2,2,1,1,3,3
9052813,2,1,1,2,4,2,1,2,1,1,1,2,2,2,2,2,1,1,2,3
9056826,2,2,1,2,1,2,1,2,1,1,2,2,2,1,2,2,1,1,1,3
9170601,2,2,2,2,3,2,3,2,2,1,2,2,2,1,2,2,1,1,1,3
9897556,2,2,1,2,4,2,4,2,1,1,1,2,2,1,2,2,1,1,1,3
9923200,2,2,1,3,3,2,4,2,1,1,2,2,1,2,1,2,1,1,2,3
9904576,2,2,1,2,3,2,2,2,1,1,2,2,2,2,2,3,1,1,1,3
9073354,2,2,1,2,1,2,3,2,1,1,2,2,2,1,2,2,1,1,2,3
9905685,2,2,1,3,1,2,4,2,1,1,3,2,2,2,2,1,1,1,1,3
9906524,2,2,1,2,1,2,4,2,1,1,2,2,2,2,2,2,1,1,1,3
9170596,2,2,1,2,1,2,1,2,1,1,2,2,2,1,2,2,1,1,1,3
9025567,2,1,2,2,1,2,3,2,3,1,2,2,2,2,2,2,1,1,1,3
9904572,2,1,1,2,3,2,4,2,1,1,2,2,2,2,2,3,1,2,2,3
9904575,2,1,1,3,1,2,4,2,1,1,2,2,2,2,2,1,1,1,1,3
9044114,2,1,1,2,3,2,4,2,1,1,2,2,2,2,2,1,1,1,1,3
9044461,2,1,1,2,4,2,1,2,1,1,1,2,2,2,2,1,1,1,1,3
9145942,2,1,1,3,3,2,2,2,1,1,2,2,2,1,2,2,1,1,1,3
9020908,2,1,1,3,1,2,3,2,1,1,3,2,2,2,2,2,1,1,2,3
9897554,2,1,3,2,4,2,4,2,3,1,1,2,2,1,2,2,1,1,3,3
9926236,2,1,3,3,3,2,4,2,3,1,2,2,2,2,2,2,1,1,1,3
9019249,2,1,2,2,1,2,1,2,2,1,2,2,2,2,2,2,1,1,1,3
9064433,2,1,1,2,3,2,1,2,1,1,2,2,2,1,2,2,1,1,1,3
9015317,2,1,1,2,3,2,1,2,1,1,2,2,2,1,2,2,1,1,1,3
9044113,2,1,1,3,1,2,2,2,1,1,2,2,2,1,2,2,1,1,1,3
9057007,2,1,1,3,1,2,1,2,1,1,2,2,2,2,2,2,1,1,3,3
9057572,2,1,1,3,3,2,3,1,1,1,2,2,2,1,2,3,1,1,3,3
9180795,2,1,1,2,1,2,3,2,1,1,2,2,2,1,2,2,1,1,3,3
9942551,2,1,1,2,1,1,2,2,1,1,2,1,2,2,2,3,2,1,1,3
9045719,2,1,1,3,3,2,2,2,1,1,2,2,2,2,2,2,1,1,1,3
9909063,2,1,1,3,1,2,4,2,1,1,2,2,2,2,2,2,2,3,1,3
9904568,2,1,1,2,1,2,2,2,1,1,3,2,2,1,2,2,1,1,1,3
9904569,2,1,1,3,1,2,4,2,1,1,3,2,2,2,2,2,1,1,2,3
9897552,2,1,2,2,1,2,4,2,3,1,2,2,2,1,2,2,1,1,3,3
9098940,2,1,2,2,5,2,2,2,4,1,2,2,2,1,2,2,1,2,3,3
9022541,2,1,2,3,3,2,3,2,1,1,2,2,2,1,2,2,1,1,1,3
9897553,2,1,1,2,1,2,4,2,1,1,2,1,2,1,2,1,1,1,1,3
9186725,2,1,1,2,1,2,1,2,1,1,2,2,2,2,2,1,3,1,1,3
9907549,2,1,1,2,1,2,4,2,1,1,2,2,2,1,2,2,1,1,1,3
9907548,2,1,1,2,1,2,4,2,1,1,3,2,2,1,2,2,1,1,2,3
9020545,2,1,2,2,3,2,3,1,4,2,2,1,2,2,2,2,1,1,1,3
9939350,2,1,2,3,1,2,4,1,1,1,2,2,2,2,2,2,1,1,1,3
9144259,2,1,1,2,3,2,3,2,1,1,2,2,2,2,2,2,1,1,1,3
9906522,2,1,1,2,3,2,4,2,1,1,2,2,2,2,2,2,1,1,1,3
9904565,2,1,1,2,3,2,2,2,1,1,2,1,2,2,2,2,1,1,1,3
9008678,2,1,1,1,1,2,2,1,1,2,2,2,2,1,2,2,1,1,2,3
9905680,2,1,1,3,3,2,4,2,1,1,3,2,1,1,1,1,1,1,2,3
9164493,2,1,1,3,1,2,3,1,1,2,2,2,2,1,2,2,1,1,1,3
9904563,2,1,1,3,4,2,4,2,1,1,1,2,1,2,1,2,1,1,2,3
9906332,2,1,1,3,1,2,4,2,1,2,2,2,2,2,2,2,1,1,3,3
9915421,2,1,1,3,1,2,4,2,1,1,2,2,2,2,2,2,1,1,3,3
9021825,2,1,2,2,3,2,3,2,4,1,2,2,2,2,2,2,1,1,2,3
9184974,2,1,1,2,1,2,1,2,1,1,2,2,2,1,2,2,1,1,1,3
9915784,2,1,1,3,3,2,3,2,1,1,2,2,2,2,2,2,1,1,3,3
9113535,2,1,1,3,1,2,2,2,1,2,2,2,2,1,2,2,3,1,1,3
9923198,2,1,1,3,3,2,4,2,1,1,2,1,2,1,2,2,1,1,3,3
9044111,2,1,3,2,1,2,2,2,4,1,3,2,2,1,2,3,1,1,1,3
9069450,2,2,2,3,4,2,4,1,1,2,1,1,2,2,2,2,1,1,1,3
9009280,2,2,2,2,4,2,3,2,1,1,1,2,2,2,2,2,1,1,1,3
9126427,2,2,1,3,1,2,3,2,1,1,2,2,2,1,2,2,1,1,1,3
9909054,2,2,2,3,3,2,4,2,3,1,2,2,2,2,2,2,1,1,1,3
9923196,2,2,2,3,3,2,4,2,1,1,2,2,2,2,2,2,2,1,2,3
9911616,2,2,1,2,1,2,3,2,1,1,2,2,2,2,2,2,1,1,1,3
9909055,2,2,1,3,1,2,4,2,1,1,2,1,2,2,2,2,2,1,1,3
9904555,2,2,1,2,3,2,2,1,1,2,2,2,2,2,2,1,1,1,1,3
9897551,2,2,1,2,4,2,4,2,1,1,1,1,2,1,2,2,1,2,1,3
9159478,2,1,2,2,1,2,3,2,1,1,2,2,2,1,2,2,1,1,1,3
9073351,2,1,1,2,3,2,3,2,1,1,2,2,2,1,2,3,1,1,1,3
9170930,2,1,1,2,2,2,3,2,1,1,2,2,2,1,2,2,1,1,3,3
9904552,2,1,1,2,1,2,2,2,1,1,2,2,2,2,2,1,1,1,1,3
9041511,2,1,1,3,1,2,4,2,1,1,2,2,2,1,2,2,2,1,2,3
9923193,2,1,1,3,1,2,4,2,1,1,3,2,2,1,2,2,1,1,1,3
9007662,2,1,1,3,3,2,3,2,1,1,2,2,2,1,2,1,1,1,1,3
9082056,2,1,1,2,2,1,3,2,1,1,2,2,2,1,2,2,1,1,3,3
9055694,2,1,2,3,3,2,3,2,3,1,2,2,2,1,2,2,1,1,3,3
9915782,2,1,2,3,3,2,3,2,1,1,2,2,2,2,2,2,1,1,2,3
9013574,2,1,2,3,3,2,3,2,4,1,2,2,2,2,2,2,1,1,1,3
9040851,2,1,2,3,1,2,3,2,4,1,3,2,2,2,2,3,1,1,1,3
9904551,2,1,2,3,4,2,4,2,1,1,1,2,2,2,2,2,1,1,1,3
9115271,2,1,2,2,2,2,3,2,1,1,2,2,2,2,2,2,1,1,1,3
9910921,2,1,2,3,1,2,4,2,1,1,2,2,2,2,2,2,1,1,1,3
9905676,2,1,1,3,3,2,4,2,1,1,2,2,2,2,2,2,1,1,1,3
9904549,2,1,1,3,1,2,4,2,1,1,3,2,2,2,2,3,1,1,1,3
9904550,2,1,1,2,3,2,2,2,1,1,2,1,2,1,2,1,1,2,1,3
9027242,2,1,1,3,1,2,1,2,1,1,3,2,2,1,2,1,1,1,1,3
9083813,2,1,1,3,3,2,3,2,1,1,2,2,2,2,2,2,1,1,3,3
9904545,2,1,1,3,1,2,4,2,1,1,3,2,2,2,2,2,1,1,1,3
9916386,2,1,3,3,1,2,4,2,2,1,2,2,2,2,2,2,1,1,3,3
9912686,1,1,2,2,3,2,4,2,4,1,2,2,2,2,2,2,1,1,1,2
9906838,1,1,1,2,1,1,3,2,1,1,2,2,2,2,2,1,1,1,1,2
9019625,1,1,1,2,2,2,1,2,1,1,2,2,2,2,2,2,1,1,1,3
9024604,1,1,1,2,4,2,1,2,1,1,1,2,2,1,2,1,1,1,3,3
9916036,1,1,1,2,1,2,4,2,1,1,2,1,2,2,2,1,1,1,3,3
9924615,1,1,2,3,4,2,4,1,1,2,1,1,2,1,2,3,1,2,1,3
9024127,1,1,1,1,3,2,3,1,1,2,2,2,2,2,2,2,1,2,3,3
9927819,1,1,1,3,4,2,4,2,1,1,2,2,2,2,2,2,3,1,2,2
9051367,1,1,1,2,4,1,3,1,1,2,1,2,2,2,2,2,1,1,2,3
9181644,1,1,1,2,1,2,1,2,1,1,2,2,2,1,2,2,1,1,1,3
9004093,1,1,1,2,3,2,3,1,1,2,2,1,2,1,2,2,1,1,2,3
9897547,1,1,1,2,1,2,4,2,1,1,2,2,2,1,2,2,1,1,1,3
9004110,1,1,1,3,1,2,2,1,1,2,2,2,2,1,2,1,1,1,2,3
9897546,1,1,1,2,3,2,4,2,1,1,2,2,2,2,2,2,1,1,1,3
9923190,1,1,3,3,3,2,4,1,1,2,2,2,2,2,2,2,1,1,3,3
9044989,1,1,3,2,1,2,3,2,4,1,2,1,2,1,2,1,1,1,1,3
9004111,1,1,1,2,1,2,1,2,1,1,2,1,2,1,2,2,1,1,1,3
9158749,1,1,1,2,1,2,3,2,1,1,2,2,2,2,2,3,1,1,1,3
9911614,1,1,3,2,4,2,3,1,4,2,1,2,2,2,2,2,1,1,2,3
9051668,1,2,2,2,4,2,3,1,4,2,1,1,2,2,2,2,1,1,1,3
9165903,1,2,2,2,3,2,3,2,4,1,2,1,2,1,2,2,1,1,1,3
9909045,1,2,2,3,3,2,4,2,1,1,2,2,2,2,2,3,1,1,3,3
9048193,1,2,3,3,2,2,1,2,1,1,2,2,2,1,2,2,2,1,1,3
9044666,1,2,2,2,2,2,3,2,4,1,2,1,2,2,2,2,1,1,1,3
9060062,1,2,1,2,1,2,1,1,1,1,2,1,2,1,2,2,1,1,1,3
9923189,1,1,2,3,3,2,4,2,4,1,2,2,2,2,2,3,1,1,1,3
9911612,1,1,2,3,4,2,2,2,4,1,1,1,1,1,2,2,1,1,1,3
9906327,1,1,1,3,1,2,4,2,1,1,3,2,2,1,2,1,1,1,1,3
9897542,1,1,1,2,1,2,4,2,1,1,2,2,2,2,2,3,1,1,1,3
9027420,1,1,1,2,1,2,1,2,1,1,2,1,2,1,2,1,1,1,1,3
9156497,1,1,1,3,1,2,3,2,1,1,2,2,2,1,2,2,1,1,3,3
9026537,1,1,1,2,2,2,3,2,1,1,3,2,2,2,2,1,1,1,1,3
9923188,1,1,1,3,3,2,4,2,1,1,2,2,2,2,2,2,1,2,3,3
9106844,1,1,3,2,3,2,2,1,4,2,3,2,2,1,2,2,1,1,1,3
9925047,1,1,2,3,4,2,4,1,4,2,1,1,2,2,2,3,1,1,1,3
9055018,1,1,2,2,2,2,3,1,4,2,2,1,2,2,2,1,1,1,1,3
9912669,1,1,2,3,3,2,4,2,4,1,2,2,2,2,2,2,1,1,3,3
9904536,1,1,2,3,3,2,4,2,1,1,2,2,2,2,2,1,1,1,3,3
8997486,1,1,1,2,2,1,3,1,1,1,2,2,2,1,2,1,1,1,1,3
9171210,1,1,1,3,1,2,2,1,1,2,3,2,2,2,2,2,1,1,1,3
9004108,1,1,1,2,3,2,3,1,1,1,2,1,2,2,2,3,1,1,1,3
9006290,1,1,1,2,1,2,1,1,1,2,2,1,2,1,2,2,1,1,1,3
9923186,1,1,1,3,1,2,4,1,1,2,2,1,2,2,2,2,1,1,2,3
9000195,1,1,1,2,3,2,3,1,1,2,2,2,2,2,2,3,1,1,3,3
9026533,1,1,1,2,3,2,3,1,1,2,2,2,2,2,2,3,1,1,1,3
9915776,1,1,1,3,3,2,3,1,1,2,2,2,2,2,2,2,1,1,1,3
9897541,1,1,3,2,5,2,4,1,3,2,1,2,2,2,2,2,1,1,2,3
9012438,1,1,2,2,1,2,1,2,1,1,2,2,2,2,2,2,1,1,1,3
9004107,1,1,1,3,1,2,3,2,1,1,2,2,2,1,2,2,1,1,1,3
8996497,1,1,1,3,1,2,3,2,1,1,2,2,2,1,2,2,1,3,2,3
9127469,1,1,3,3,3,2,3,2,4,1,3,2,2,2,2,2,1,1,3,3
9913550,1,1,2,3,1,2,4,2,4,1,2,2,2,2,2,2,1,1,1,3
9127468,1,1,2,2,3,2,1,2,1,1,2,2,2,2,2,2,1,1,3,3
9904531,1,1,1,2,3,2,2,2,1,1,2,2,2,2,2,2,1,1,2,3
9175183,1,1,1,2,1,2,3,2,1,1,2,2,2,1,2,2,1,1,1,3
9011745,1,1,1,2,5,2,2,2,1,1,2,2,2,2,2,3,1,1,2,3
9909030,1,1,1,3,4,2,4,2,1,1,1,2,2,1,2,1,1,1,1,3
9181685,1,1,1,3,3,2,1,2,1,1,2,2,2,1,2,2,1,1,3,3
9169907,1,1,1,2,3,2,3,2,1,1,2,2,2,2,2,2,1,1,3,3
9169904,1,1,3,2,4,2,2,1,4,2,1,2,2,2,2,2,1,2,3,3
9206732,1,1,1,2,3,2,3,1,1,2,2,2,2,2,2,2,1,1,3,3
9181684,1,1,1,2,2,2,3,1,1,2,2,2,2,1,2,2,1,1,3,3
9909028,1,1,1,3,1,2,4,1,1,2,2,2,2,2,2,1,1,1,1,3
9044994,1,1,1,2,3,2,3,1,1,2,2,2,2,1,2,2,1,1,1,3
9019729,1,1,1,2,1,2,3,1,1,2,2,2,2,1,2,2,1,1,1,3
9932813,1,1,1,3,4,2,4,1,1,2,1,1,2,1,2,3,3,1,1,3
9013087,1,1,1,3,3,2,2,1,1,2,2,1,2,2,2,2,2,1,3,3
9047081,1,1,1,2,1,1,3,1,1,2,3,2,2,2,2,2,1,1,2,3
9897832,1,1,1,2,4,2,4,1,1,2,1,2,2,2,2,2,1,3,1,3
9904537,1,1,1,3,1,2,4,1,1,2,2,2,2,1,2,2,1,2,1,3
9004105,1,1,1,2,3,2,3,2,1,1,2,2,2,2,2,2,1,2,1,3
9904528,1,1,3,2,4,2,2,1,1,2,1,2,2,2,2,2,1,1,1,3
9004104,1,2,2,2,1,2,3,2,3,1,2,1,2,2,2,2,1,1,1,3
9178492,1,2,2,2,2,2,3,2,2,1,2,2,2,2,2,2,1,2,1,3
9904526,1,2,2,2,3,2,2,2,2,1,2,1,2,2,2,2,1,2,3,3
9020324,1,2,1,2,4,2,3,2,1,1,1,2,2,2,2,2,1,1,1,3
9912667,1,2,1,3,3,2,4,2,1,1,2,2,2,1,2,2,1,1,3,3
9070551,1,2,1,2,3,2,1,2,1,1,2,2,2,1,2,3,1,2,1,3
9004103,1,2,1,3,1,2,3,2,1,1,2,2,2,1,2,2,1,1,2,3
9897538,1,2,1,2,1,2,4,2,1,1,3,2,2,1,2,1,1,1,1,3
9904525,1,2,3,2,5,2,4,2,4,1,1,2,1,2,2,2,1,1,1,2
9912655,1,2,3,3,3,2,4,2,1,1,2,2,2,2,2,2,1,1,3,3
9013782,1,2,1,2,1,2,3,2,1,1,2,2,2,1,2,3,1,1,1,3
8998341,1,2,1,2,2,2,4,1,1,1,2,2,2,1,2,3,1,1,1,2
9013780,1,2,1,2,2,2,3,2,1,1,2,2,2,1,2,2,1,2,1,3
9175834,1,2,3,2,2,2,1,2,4,1,2,2,2,1,2,2,1,1,1,3
9022391,1,1,2,3,1,2,3,2,4,1,2,2,2,2,2,2,1,1,1,3
9178483,1,1,2,2,1,2,3,2,4,1,2,2,2,1,2,2,1,1,1,3
9022390,1,1,2,3,1,2,3,2,4,1,2,2,2,2,2,3,1,2,3,3
9912647,1,1,2,2,4,2,4,2,4,1,1,2,2,2,2,2,1,2,1,3
9923515,1,1,2,2,3,2,4,2,4,1,2,2,2,2,2,2,1,1,1,3
9026346,1,1,2,2,4,2,3,2,1,1,1,2,1,1,1,2,1,1,1,3
9939334,1,1,2,3,1,2,4,2,1,1,2,2,2,1,2,1,2,1,2,3
9897535,1,1,2,2,1,2,4,2,1,1,2,2,2,2,2,2,1,1,1,3
9904522,1,1,1,2,1,2,2,2,1,1,2,2,2,2,2,2,1,1,2,3
9939333,1,1,1,3,1,2,4,2,1,1,2,2,2,2,2,3,2,1,1,3
9905660,1,1,1,3,1,2,4,2,1,1,2,2,2,2,2,2,1,1,1,3
9935151,1,1,1,3,1,2,4,2,1,1,2,2,2,2,2,2,1,1,2,3
8994487,1,1,1,1,1,2,2,2,1,1,2,2,2,1,2,2,1,1,1,3
9897533,1,1,1,2,1,2,4,2,1,1,2,1,2,1,2,2,1,1,1,3
9011959,1,1,1,2,1,2,2,2,1,1,2,2,2,2,2,2,1,1,1,3
9017609,1,1,2,3,2,2,2,2,4,1,2,2,2,2,2,1,1,2,1,3
9923514,1,1,2,2,3,2,4,2,3,1,2,2,2,2,2,2,1,1,3,3
9019718,1,1,2,2,1,2,3,2,1,1,2,2,2,1,2,2,1,2,1,3
9904527,1,1,1,2,1,2,4,2,1,1,2,2,2,2,2,3,1,1,1,3
9023839,1,1,1,2,5,1,3,2,1,1,1,1,2,2,2,2,2,2,1,3
9015834,1,1,1,3,2,2,4,2,1,1,2,2,2,1,2,2,1,1,3,3
9028051,1,1,1,3,3,2,2,2,1,1,2,2,2,1,2,1,1,1,1,3
9013770,1,1,1,3,3,2,2,2,1,1,2,2,2,2,2,2,1,1,1,3
9019075,1,1,1,2,2,2,1,2,1,1,2,2,2,2,2,2,1,1,1,3
9096863,1,1,3,2,2,2,2,2,1,1,2,2,2,1,2,2,1,1,1,3
9911602,1,1,2,2,1,2,3,2,4,1,2,2,2,1,2,2,1,1,1,2
9911601,1,1,2,2,3,2,3,2,4,1,2,2,2,1,2,2,1,1,3,3
9012155,1,1,2,2,1,2,3,2,4,1,3,2,2,1,2,2,1,1,3,3
9000867,1,1,1,2,3,2,2,2,1,1,2,2,2,2,2,2,1,2,1,3
9024706,1,1,1,2,1,2,3,2,1,1,2,2,2,2,2,1,1,1,1,3
9063453,1,1,1,2,2,2,3,2,1,1,2,2,2,2,2,1,2,1,1,3
9091046,1,1,1,2,2,2,3,2,1,1,2,2,2,2,2,2,1,1,1,3
8994056,1,1,1,2,1,2,1,2,1,1,2,2,2,2,2,2,1,1,3,3
9897545,1,1,1,2,4,2,4,2,1,1,1,2,2,1,2,2,1,1,1,3
9008859,1,1,1,2,3,2,3,2,1,1,2,2,2,2,2,2,1,1,1,3
9015787,1,1,1,2,1,2,3,2,1,1,2,1,2,1,2,2,1,1,1,3
9918544,1,1,1,3,1,2,4,2,1,1,2,2,2,2,2,2,1,1,3,3
9004100,1,1,2,2,3,2,3,2,4,1,2,1,2,1,2,2,1,1,2,3
9924590,1,1,2,3,3,2,4,2,3,1,2,2,2,2,2,2,1,1,1,3
9904511,1,1,1,3,1,2,4,2,1,1,2,2,2,2,2,1,1,1,2,3
9897831,1,1,1,2,1,2,4,2,1,1,3,2,2,2,2,2,1,1,1,3
9020618,1,1,1,2,1,1,1,2,1,1,2,2,2,1,2,2,2,1,1,3
9002731,1,1,1,2,4,2,1,2,1,1,1,2,2,2,2,2,1,1,3,3
9090566,1,1,1,2,2,2,1,2,1,1,2,2,2,1,2,2,1,2,1,3
9008160,1,1,1,3,4,2,2,2,1,1,1,2,2,1,2,2,1,1,1,3
8985317,1,1,1,3,1,2,3,2,1,1,2,2,2,1,2,2,1,2,2,3
9064414,1,1,2,2,1,2,4,2,1,1,2,2,2,1,2,2,3,1,1,3
9915770,1,1,1,3,3,2,3,2,1,1,2,2,2,2,2,1,1,1,3,3
9207814,1,1,1,3,1,2,2,2,1,1,2,2,2,1,2,3,1,1,3,3
9026519,1,1,1,2,1,2,1,2,1,1,2,1,2,1,2,2,1,1,1,3
9004099,1,2,1,2,3,2,3,2,1,1,2,2,2,1,2,2,1,1,1,3
9051650,1,2,1,3,3,2,2,1,1,2,2,2,2,2,2,2,1,1,1,3
9006437,1,2,1,3,1,2,2,1,1,2,2,2,2,1,2,3,1,1,1,3
9082625,1,2,1,3,1,2,2,1,1,2,2,2,2,2,2,3,1,1,1,3
9115091,1,2,1,2,1,2,3,1,1,2,2,2,2,1,2,3,1,1,1,3
9004098,1,1,2,2,3,2,3,1,4,2,2,2,2,1,2,2,1,1,1,3
9897528,1,1,2,2,1,2,4,2,1,1,2,1,2,1,2,2,1,1,1,3
9904503,1,1,1,3,1,2,4,2,1,1,2,2,2,2,2,2,1,1,1,3
8988458,1,1,1,2,1,2,2,2,1,1,2,2,2,1,2,3,1,1,1,3
8985546,1,1,1,3,3,2,1,2,1,1,2,2,2,1,2,2,2,1,2,3
9004097,1,1,1,2,3,2,3,2,1,1,2,1,2,1,2,2,1,1,1,3
9019904,1,1,1,2,1,1,2,2,1,1,3,2,2,1,2,1,2,1,1,3
9010192,1,1,1,3,1,2,3,2,1,1,2,2,2,2,2,2,1,1,1,3
8994290,1,1,1,3,3,2,3,2,1,1,2,2,2,1,2,1,1,2,3,3
9904498,1,1,1,3,1,2,4,2,1,1,2,2,2,2,2,2,1,1,2,3
9926199,1,1,3,3,3,2,4,2,3,1,2,1,2,1,2,2,1,1,2,3
9063010,1,1,3,2,3,2,3,2,4,1,2,2,2,1,2,2,3,1,1,3
9915595,1,1,2,2,1,2,4,2,3,1,3,2,2,2,2,2,1,1,1,3
8994769,1,1,1,2,1,2,3,1,1,1,2,2,2,1,2,2,1,1,1,3
9017163,1,1,1,3,1,2,2,2,1,1,2,2,2,2,2,2,1,1,2,3
9907332,1,1,1,2,4,1,2,2,1,1,1,2,2,1,2,2,1,1,3,3
9009026,1,1,1,3,3,2,1,2,1,1,2,2,2,2,2,2,1,1,3,3
8994987,1,1,1,2,3,2,2,2,1,1,2,2,2,1,2,1,1,1,2,3
8996810,1,1,1,2,4,2,1,2,1,1,1,2,2,1,2,2,1,1,3,3
9916021,1,1,1,2,3,2,4,2,1,1,2,1,2,2,2,2,1,1,1,3
9911591,1,1,1,2,1,2,3,2,1,1,2,2,2,1,2,2,1,1,1,3
9024524,1,1,2,2,3,2,4,2,4,1,2,1,2,1,2,3,1,1,1,3
9023262,1,1,1,2,3,2,3,2,1,1,2,2,2,2,2,2,1,1,2,3
9081912,1,1,1,3,1,2,3,2,1,1,2,2,2,2,2,2,1,1,1,3
9000496,1,1,1,2,4,2,1,2,1,1,1,2,2,1,2,2,1,1,3,3
8997298,1,1,1,2,2,1,3,2,1,1,3,2,2,2,2,2,1,1,1,2
9071702,1,1,1,2,1,2,1,2,1,1,3,1,2,1,2,2,1,1,1,2
9895136,1,1,1,2,1,2,2,2,1,1,2,2,2,1,2,2,1,1,1,3
9089481,1,1,1,2,1,2,2,2,1,1,2,1,2,1,2,2,1,1,1,3
9056721,1,1,1,3,1,2,2,2,1,1,2,1,2,1,2,2,1,1,1,3
9011933,1,1,2,3,1,2,3,2,4,1,3,2,2,1,2,3,1,1,3,3
9904497,1,1,1,3,1,2,4,2,1,1,3,2,2,2,2,2,1,1,1,3
9010517,1,1,1,3,3,2,1,2,1,1,2,2,2,1,2,2,1,1,1,3
9901786,1,1,1,2,1,1,4,2,1,1,2,2,2,1,2,2,2,1,3,3
9904492,1,1,1,3,4,2,4,2,1,1,1,2,2,2,2,1,1,1,1,2
9028003,1,1,1,3,1,2,2,2,1,1,2,2,2,2,2,2,3,1,1,3
9907609,1,1,1,2,2,1,3,2,1,1,2,2,2,2,2,2,1,1,1,3
9915238,1,1,2,3,1,2,4,2,3,1,3,2,2,1,2,1,1,1,1,3
9011800,1,1,1,2,4,2,3,2,1,1,1,2,2,2,2,2,1,1,3,3
9181669,1,1,1,2,3,2,3,2,1,1,2,2,2,2,2,2,1,1,3,3
9005001,1,1,1,2,1,2,4,2,1,1,2,2,2,1,2,1,1,1,1,3
9000772,1,1,1,3,1,2,3,2,1,1,3,2,2,1,2,3,2,1,1,3
9906519,1,1,1,2,1,2,4,2,1,1,2,2,2,2,2,2,1,1,2,3
9018212,1,2,1,2,2,2,1,1,1,2,2,2,2,2,2,1,1,1,1,3
9132787,1,2,1,2,3,2,2,2,1,1,3,2,2,1,2,2,1,1,3,3
8980038,1,2,1,2,1,2,3,2,1,1,2,2,2,1,2,2,1,1,1,3
9170002,1,2,3,2,3,2,3,2,2,1,2,2,2,2,2,2,1,2,1,3
8993981,1,2,2,2,3,2,1,2,4,1,2,2,2,1,2,2,2,1,1,3
9169998,1,2,1,3,3,2,2,2,1,1,2,1,2,1,2,2,1,1,2,3
9176945,1,2,3,3,1,2,3,1,4,2,2,1,2,1,2,2,1,1,1,3
9136644,1,2,3,3,2,2,2,1,4,2,2,2,2,1,2,2,1,1,1,3
9005762,1,2,3,2,3,2,3,1,4,2,2,2,2,1,2,2,1,1,1,3
9942595,1,1,1,3,5,1,3,1,1,2,1,1,2,2,2,2,1,1,1,3
9905653,1,1,1,3,3,2,4,1,1,2,2,2,2,2,2,1,1,1,1,3
9009976,1,1,1,3,2,2,1,1,1,2,2,2,2,1,2,2,3,1,1,3
9023277,1,1,3,3,1,2,2,1,4,2,2,2,2,1,2,2,1,1,1,3
9922266,1,1,2,3,1,2,3,2,4,1,2,2,1,1,2,2,1,1,1,3
9910880,1,1,2,3,3,2,4,2,2,1,2,2,2,2,2,2,1,1,1,3
9070641,1,1,1,1,4,2,1,2,1,1,1,2,2,2,2,2,1,1,3,3
8985350,1,1,1,1,4,2,1,2,1,1,1,2,2,2,2,2,1,1,3,3
9933884,1,1,1,2,5,1,1,2,1,1,2,2,2,1,2,2,1,1,1,3
9176927,1,1,1,2,3,2,3,2,1,1,2,2,2,1,2,2,1,1,1,3
8989173,1,1,2,3,3,2,3,2,4,1,2,2,2,1,2,2,1,1,1,3
9208435,1,1,2,2,2,2,1,2,4,1,2,2,2,1,2,2,3,1,1,3
9168102,1,1,2,3,3,2,1,2,4,1,2,2,2,1,2,2,1,1,3,3
9923972,1,1,2,3,1,2,4,2,4,1,2,2,2,2,2,2,1,1,1,3
9909003,1,1,2,3,3,2,4,2,4,1,2,2,2,2,2,2,1,1,3,3
9109868,1,1,1,2,1,2,2,2,1,1,2,2,2,2,2,1,1,1,2,3