Crash ID,Date,Day of Week,Time,Lane Count,Crash Type,Functional Class,Speed Limit,Environmental Conditions,Light Conditions,Surface Condition,Total Vehicles Involved,Curve Related,Alcohol Involved,Distracted Driving Involved,Drugged Driver Involved,Older Driver Involved,Temp Traffic Control Zone,Traffic Controls Present,Vehicle Type,Severity
9911585,1,1,1,2,1,2,3,2,1,1,2,2,2,1,2,2,1,1,2,3
9017060,1,1,1,2,2,2,1,2,1,1,2,1,2,1,2,1,1,1,1,3
9908295,1,1,1,2,1,2,4,2,1,1,2,2,2,2,2,2,1,1,3,3
9915762,1,1,1,3,3,2,3,2,1,1,2,1,2,1,2,2,1,2,3,3
9909001,1,1,1,3,1,2,4,2,1,1,2,2,2,2,2,2,1,2,1,3
9028431,1,1,2,2,1,2,3,2,3,1,2,2,2,1,2,2,1,1,1,3
9027518,1,1,2,2,4,2,2,2,4,1,1,2,2,2,2,2,2,1,1,3
9162246,1,1,2,2,3,2,3,2,4,1,2,2,2,1,2,2,2,1,1,3
9046740,1,1,1,2,1,2,2,2,1,1,2,2,2,1,2,3,1,1,2,3
9146771,1,1,1,1,3,2,2,2,1,1,2,1,2,1,2,2,1,2,3,3
9010177,1,1,1,3,1,2,3,2,1,1,2,2,2,2,2,2,1,1,1,3
9172477,1,1,1,2,2,2,1,2,1,1,2,2,2,1,2,1,1,1,1,3
9128851,1,1,1,2,3,2,1,2,1,1,2,2,2,2,2,2,1,1,3,3
9904483,1,1,1,2,1,2,2,2,1,1,2,2,2,2,2,2,1,1,1,3
9125462,1,1,1,2,2,2,1,2,1,1,2,2,2,2,2,2,3,1,1,3
9906518,1,1,1,2,1,2,4,2,2,1,3,2,2,2,2,2,1,1,2,3
8992347,1,1,2,3,3,2,3,2,4,1,2,2,2,2,2,1,1,1,1,3
8990575,1,1,1,3,3,2,3,2,1,1,2,2,2,2,2,2,1,1,3,3
8996255,1,1,1,2,1,2,1,2,1,1,2,2,2,1,2,2,1,1,1,3
9013210,1,1,1,2,1,2,2,1,1,1,2,2,2,2,2,1,1,1,1,3
9012730,1,1,1,2,1,2,3,1,1,1,2,2,2,2,2,2,1,1,1,3
9128850,1,1,1,2,3,2,1,2,1,1,2,2,2,2,2,2,1,1,3,3
8984917,1,1,1,2,2,2,3,2,1,1,2,2,2,1,2,2,1,1,2,3
9904479,1,2,1,3,1,2,4,2,1,1,2,2,1,2,1,2,1,1,1,3
9908993,1,2,1,3,3,2,4,2,1,1,2,2,2,1,2,1,1,1,1,3
9004095,1,2,2,2,3,2,3,2,2,1,2,2,2,1,2,2,1,1,1,3
9904478,1,2,1,3,4,2,4,2,1,1,1,1,2,2,2,2,1,1,1,3
9915589,1,2,1,2,1,2,4,2,1,1,2,2,2,2,2,2,1,1,2,3
9904477,1,2,1,2,3,2,2,2,1,1,2,2,2,1,2,2,1,1,1,3
9007216,1,2,1,2,1,2,3,2,1,1,2,2,2,1,2,2,1,1,1,3
9912601,1,2,1,2,1,2,4,2,1,1,2,2,2,2,2,2,1,1,1,3
9001778,1,2,1,3,4,2,1,2,1,1,1,2,2,2,2,2,1,1,1,2
9897525,1,2,1,2,3,2,4,2,1,1,2,1,2,1,2,2,1,1,2,3
8994584,1,2,1,2,1,2,4,2,1,2,2,2,2,1,2,2,1,1,1,3
9905517,1,1,2,2,1,2,4,2,3,1,2,2,2,1,2,2,1,1,1,3
9013699,1,1,2,2,1,2,2,2,1,1,2,2,2,1,2,1,1,1,1,3
9040781,1,1,2,3,1,2,1,2,2,1,2,2,2,2,2,2,1,1,1,3
9077038,1,1,1,2,2,2,2,2,1,1,2,2,2,1,2,2,1,1,1,3
8995346,1,1,1,2,2,2,2,2,1,1,2,2,2,2,2,1,1,1,3,3
9021186,1,1,1,2,1,1,4,2,1,1,2,2,2,2,2,2,1,1,3,3
9040776,1,1,1,2,2,2,1,2,1,1,2,2,2,2,2,2,1,1,1,3
8994756,1,1,1,2,1,2,3,2,1,1,2,2,2,1,2,1,1,1,1,3
9919509,1,1,1,3,4,2,4,2,1,1,1,1,2,2,2,2,1,1,3,3
9915758,1,1,2,3,3,2,3,2,4,2,2,1,2,2,2,2,1,1,3,3
9918286,1,1,2,3,1,1,4,2,3,1,2,2,2,1,2,2,1,1,3,3
8985649,1,1,2,2,1,2,4,1,4,2,2,1,2,2,2,2,2,1,3,3
8986567,1,1,2,2,3,2,1,2,4,1,2,2,2,1,2,2,1,1,1,3
9002981,1,1,2,2,1,2,3,2,1,1,2,2,2,2,2,2,1,1,2,3
9910088,1,1,1,3,4,2,4,2,1,1,2,2,2,2,2,3,1,1,1,3
9045175,1,1,1,2,1,2,4,1,1,1,2,2,2,1,2,2,1,1,1,3
9004094,1,1,1,2,3,2,3,2,1,1,2,1,2,2,2,1,1,1,2,3
8993512,1,1,1,2,2,2,2,2,2,1,2,1,2,1,2,1,1,1,1,3
9089477,1,1,1,2,1,2,2,2,1,1,2,1,2,2,2,2,1,1,1,3
9905644,1,1,2,3,4,2,4,1,2,2,1,2,1,2,1,2,1,1,1,3
8989989,1,1,2,2,4,2,2,1,4,2,1,2,2,1,2,2,1,1,1,3
9901035,1,1,2,3,1,2,4,2,3,1,3,2,2,2,2,2,1,1,1,3
9926894,1,1,2,3,2,2,4,2,4,1,2,2,2,2,2,3,1,1,1,3
9043274,1,1,2,3,2,2,1,2,4,1,2,2,2,1,2,2,1,1,1,3
8994950,1,1,2,2,1,2,3,2,1,1,2,2,2,2,2,2,1,1,1,3
9158229,1,1,1,3,1,2,3,1,1,1,2,2,2,2,2,2,1,2,1,3
9025683,1,1,1,2,4,2,1,1,1,1,1,2,2,2,2,2,1,1,3,3
9050190,1,1,1,2,2,2,1,1,1,1,2,2,2,2,2,2,1,1,1,3
9006727,1,1,1,2,1,2,1,2,1,1,2,2,2,1,2,1,3,1,1,3
8979841,1,1,1,3,3,2,3,1,1,2,2,2,2,2,2,1,1,1,1,3
9158221,1,1,1,2,1,2,2,1,1,2,2,2,2,2,2,2,1,1,2,2
8979333,1,1,1,2,2,2,2,2,1,2,2,2,2,1,2,2,1,1,2,3
9908985,1,1,1,3,1,2,4,2,1,1,2,2,2,2,2,2,1,1,2,3
9012712,1,1,1,2,1,2,3,1,2,2,2,1,2,2,2,2,1,1,1,3
8979001,1,1,1,2,1,2,2,1,1,2,2,2,2,1,2,1,1,1,2,3
9914328,1,1,1,2,3,2,4,2,1,1,2,2,2,2,2,3,1,1,3,3
9008878,1,1,1,3,1,2,3,1,1,2,2,2,2,2,2,3,1,1,1,3
8999312,1,1,1,2,1,2,3,1,1,2,3,2,2,1,2,2,1,1,1,3
9904468,1,1,1,3,3,2,4,1,1,2,2,2,2,2,2,2,1,1,2,3
9904480,1,1,1,2,3,2,2,2,1,1,2,2,2,2,2,3,1,1,2,3
9046555,1,1,1,2,1,2,2,2,1,1,2,2,2,1,2,3,1,1,1,3
9908982,1,1,1,3,1,2,4,1,1,2,2,2,2,2,2,2,1,1,1,3
9126106,1,1,1,3,2,2,2,2,1,1,2,2,2,2,2,2,1,1,3,3
8978759,1,1,1,2,3,2,1,2,1,1,2,2,2,2,2,2,1,1,2,3
8967972,1,1,1,2,3,2,3,2,1,1,2,2,2,2,2,2,1,1,2,3
9020585,1,1,1,2,1,2,3,2,1,1,2,2,2,1,2,2,2,1,1,3
9028932,1,1,1,2,3,2,2,2,1,1,2,2,2,1,2,2,1,1,1,3
9025210,1,1,1,3,1,2,2,2,1,1,2,2,2,2,2,2,1,1,1,3
8990978,1,1,1,2,3,2,1,2,1,1,2,2,2,2,2,1,1,1,3,3
8983372,1,1,1,2,1,2,1,2,1,1,2,2,2,2,2,3,1,2,1,3
9162985,1,1,1,3,1,2,3,1,1,1,2,2,2,2,2,2,1,1,3,3
9091243,1,1,1,2,1,2,3,1,1,1,2,2,2,1,2,2,2,1,1,3
8962800,1,2,1,3,1,2,3,2,1,1,2,2,2,1,2,1,1,1,1,3
9913543,1,2,1,3,1,2,4,2,1,1,3,2,2,2,2,2,1,1,1,3
9915755,1,2,1,3,5,2,3,2,1,1,1,2,2,2,2,2,1,1,1,3
9050227,1,2,3,2,1,2,3,2,4,1,2,2,2,1,2,2,1,1,1,3
9922240,1,2,1,3,4,2,3,1,1,2,1,2,2,1,2,2,1,1,1,3
8962375,1,2,1,3,4,2,3,1,1,2,2,2,2,2,2,3,1,2,2,3
9912582,1,2,1,3,1,2,4,2,1,1,2,2,2,2,2,1,1,1,1,3
9188029,1,2,1,2,3,2,3,1,1,1,2,2,2,2,2,2,1,1,3,3
9056929,1,1,2,2,3,2,3,2,4,1,2,2,2,1,2,1,1,1,3,3
9189412,1,1,1,2,4,2,1,2,1,1,1,1,2,1,2,2,1,1,3,3
8980765,1,1,1,2,1,2,2,1,1,1,2,2,2,1,2,2,1,1,1,3
9110931,1,1,1,3,1,2,3,2,1,1,2,2,2,2,2,2,1,1,1,3
9145558,1,1,1,3,1,2,4,2,1,1,2,2,2,2,2,2,1,1,1,3
8995487,1,1,1,2,1,2,4,1,1,2,2,2,2,1,2,2,1,2,1,3
9002805,1,1,1,3,3,2,3,2,1,1,2,1,2,1,2,2,1,1,1,3
8962367,1,1,1,3,1,2,3,2,1,1,2,2,2,1,2,2,1,1,1,3
9026727,1,1,1,3,1,2,3,2,1,1,2,2,2,1,2,2,1,1,1,3
9905642,1,1,1,3,1,2,4,2,1,1,2,2,2,2,2,2,1,1,1,3
9911580,1,1,1,2,1,2,3,2,1,1,3,2,2,1,2,2,1,2,1,3
8962582,1,1,1,2,3,2,4,2,1,1,2,1,2,2,2,2,1,1,2,3
8957857,1,1,1,2,3,2,4,1,1,2,2,1,2,2,2,2,1,1,3,3
9023679,1,1,1,2,2,2,2,1,1,2,3,2,2,1,2,1,1,1,2,2
9915751,1,1,2,3,3,2,2,2,1,1,2,2,2,1,2,2,1,1,3,3
8988339,1,1,1,2,4,2,3,1,1,1,1,2,2,1,2,2,1,1,1,3
9897523,1,1,1,2,3,2,4,2,1,1,2,1,2,2,2,1,1,1,1,3
8984827,1,1,1,2,3,2,1,2,1,1,2,2,2,2,2,2,1,1,2,3
8978729,1,1,1,2,3,2,1,2,1,1,2,2,2,1,2,1,1,1,3,3
9929044,1,1,1,3,4,2,4,1,1,1,1,1,2,1,2,2,2,1,3,3
8962581,1,1,1,2,3,2,4,2,1,1,2,2,2,2,2,2,1,1,1,3
9904466,1,1,1,2,1,2,2,2,1,1,2,2,2,2,2,2,1,1,1,3
8995636,1,1,1,2,4,2,2,2,1,1,1,2,2,2,2,2,2,1,3,3
9006776,1,1,1,3,1,2,3,2,1,1,2,2,2,2,2,2,1,1,1,3
9038257,1,1,2,2,3,2,3,2,4,1,2,2,2,1,2,3,1,1,2,3
9905640,1,1,1,3,3,2,4,2,1,1,2,2,2,2,2,1,1,1,1,3
9010137,1,1,1,3,1,2,3,1,1,2,2,1,2,1,2,2,1,1,1,3
9037553,1,1,1,2,4,2,1,2,1,1,1,2,2,1,2,2,1,1,3,3
9048618,1,1,1,2,1,2,3,1,1,1,2,2,2,2,2,2,1,1,1,3
8980328,1,1,1,2,1,2,3,1,1,2,3,2,2,1,2,2,2,1,1,3
9142637,1,1,1,2,1,2,3,1,1,1,2,2,2,1,2,2,1,1,2,3
9915929,1,2,2,2,1,2,3,2,4,1,3,2,2,2,2,2,1,2,1,3
9008453,1,2,2,3,1,2,3,2,4,1,2,2,2,1,2,2,1,1,1,3
8980326,1,2,1,2,2,2,2,2,1,1,3,2,2,2,2,3,1,1,2,2
9915416,1,2,1,3,1,2,4,2,1,1,2,2,2,2,2,2,1,2,2,2
9042529,1,2,1,2,3,2,3,2,1,1,2,1,2,2,2,2,1,1,1,3
9089473,1,2,1,1,3,2,2,2,1,1,2,1,2,1,2,2,1,1,1,3
9171839,1,2,1,2,2,2,3,2,1,1,2,2,2,1,2,1,1,1,1,3
9907962,1,2,1,2,1,2,3,2,1,1,2,2,2,1,2,2,1,1,3,3
9897520,1,2,3,2,4,2,4,2,4,1,1,2,1,2,2,2,1,1,1,3
9918280,1,2,3,3,3,1,4,2,3,1,2,2,2,2,2,2,1,1,2,3
9904459,1,1,1,2,3,2,2,2,1,1,2,2,2,2,2,3,1,1,1,3
9040486,1,1,1,3,2,2,2,2,1,1,2,2,2,1,2,2,2,1,1,3
9905637,1,1,1,3,1,2,4,2,1,1,2,2,2,2,2,1,1,1,2,3
8980319,1,1,1,2,3,2,2,2,1,2,2,2,2,1,2,2,1,1,1,3
9904458,1,1,1,2,1,2,2,2,1,1,2,2,2,2,2,2,1,1,1,3
9906317,1,1,1,3,1,2,4,2,1,1,3,2,2,2,2,2,1,1,1,3
8964789,1,1,1,2,4,2,1,2,1,1,1,2,2,2,2,2,1,2,3,3
9904457,1,1,1,3,1,2,4,2,1,1,2,2,2,2,2,2,1,1,1,3
9059425,1,1,1,2,2,2,3,2,1,1,2,2,2,1,2,1,1,1,1,3
9897519,1,1,1,2,1,2,4,2,1,1,2,2,2,2,2,1,1,1,1,3
9905117,1,1,1,3,4,2,4,2,1,1,1,1,2,2,2,2,1,2,3,3
8982561,1,1,2,2,2,2,3,2,2,1,2,2,2,2,2,2,1,1,2,3
9143639,1,1,1,2,1,2,2,2,1,1,2,2,2,2,2,1,1,1,2,3
9904455,1,1,1,2,3,2,2,2,1,1,2,2,2,2,2,2,1,1,3,3
8977455,1,1,1,3,1,2,3,2,1,1,2,2,2,2,2,1,1,2,1,3
9165271,1,1,1,3,3,2,3,2,1,1,2,2,1,1,2,1,1,1,3,3
8975337,1,1,3,1,4,1,4,2,4,1,1,2,2,2,2,2,1,1,1,3
9897826,1,1,2,2,4,2,4,2,3,1,1,1,2,1,2,2,1,1,1,3
9019483,1,1,1,2,1,2,1,2,1,1,2,2,2,1,2,1,3,1,1,3
9904452,1,1,1,2,3,2,4,2,1,1,2,2,2,2,2,2,1,1,1,3
9020041,1,1,1,2,1,2,1,2,1,1,2,2,2,1,2,2,1,1,1,3
8968226,1,1,1,3,3,2,3,2,1,1,2,2,2,2,2,1,1,1,1,3
9023828,1,1,1,3,1,2,3,2,1,1,3,2,2,1,2,3,1,2,3,3
9929429,1,1,1,3,1,2,4,2,1,1,3,2,2,2,2,1,1,1,3,3
9026820,1,1,2,3,2,2,1,2,4,1,2,2,2,2,2,2,1,1,1,3
9904450,1,1,2,2,3,2,2,2,4,1,2,2,2,2,2,1,1,1,3,3
9162051,1,1,2,2,2,2,2,2,4,1,2,2,2,2,2,2,1,1,1,3
8991084,1,1,1,3,3,2,2,2,1,1,2,2,2,1,2,2,1,1,3,3
8964928,1,1,1,3,3,2,3,2,1,1,2,2,2,2,2,2,1,1,1,3
8999152,1,1,1,2,3,2,4,2,1,1,2,2,2,1,2,2,1,1,1,3
8978890,1,1,1,3,3,2,2,2,1,1,2,2,2,2,2,2,2,1,1,3
8961922,1,1,1,3,1,2,3,2,1,1,2,2,2,2,2,1,1,1,2,3
9904449,1,1,1,2,3,2,2,2,1,1,2,2,2,1,2,2,1,1,1,3
9904447,1,1,1,3,3,2,4,2,1,1,2,2,2,2,2,2,1,1,3,3
9036131,1,1,1,2,1,2,3,2,1,1,3,2,2,2,2,3,1,1,1,3
9939299,1,1,1,3,1,2,4,2,1,1,2,2,2,2,2,2,1,1,1,3
8983033,1,1,2,3,1,2,4,2,4,1,2,2,2,1,2,2,1,2,1,3
9918639,1,1,2,3,1,2,4,2,4,1,2,2,2,2,2,2,1,1,1,3
9904446,1,1,1,2,1,2,2,2,1,1,2,2,2,2,2,1,1,1,1,3
8995049,1,1,1,1,5,2,1,2,1,1,2,2,2,1,2,2,1,1,1,3
8983729,1,1,1,3,3,2,2,2,1,1,2,2,2,1,2,1,1,1,1,3
9915750,1,1,1,3,1,2,3,2,1,1,2,2,2,2,2,2,1,1,3,3
8981360,1,1,1,3,2,2,2,2,1,1,2,2,2,1,2,2,1,1,1,3
9905634,1,1,1,3,3,2,4,2,1,1,2,2,2,2,2,2,1,1,2,3
9916623,1,2,2,3,1,2,4,2,4,1,3,2,2,2,2,2,1,1,1,3
9898352,1,2,2,3,1,2,4,2,4,1,3,2,2,2,2,2,1,1,1,3
9898356,1,2,2,3,3,2,4,2,4,1,2,2,2,2,2,2,1,1,2,3
9898353,1,2,2,3,3,2,4,2,4,1,2,2,2,2,2,1,1,1,2,3
9930853,1,2,2,3,1,2,4,2,1,1,2,1,2,2,2,2,1,1,2,3
9900191,1,2,1,3,1,2,4,2,1,1,2,2,2,2,2,2,1,1,2,3
9904445,1,2,1,3,3,2,4,2,1,1,2,2,2,2,2,2,1,1,1,3
9137102,1,2,2,2,1,2,3,2,4,1,2,1,2,1,2,2,1,1,1,3
8993701,1,2,2,2,2,2,2,2,1,1,2,2,2,1,2,1,1,1,2,3
9172476,1,2,1,2,2,2,1,2,1,1,2,2,2,1,2,2,1,1,1,3
9906313,1,2,1,3,1,2,4,2,1,1,3,2,2,2,2,2,1,1,1,3
9900190,1,2,1,3,1,2,4,2,1,1,2,2,2,2,2,2,1,2,1,3
9898350,1,2,1,3,3,2,4,2,1,1,2,2,2,2,2,1,1,1,1,3
9120823,1,2,1,2,3,2,3,2,1,1,2,2,2,2,2,2,1,1,1,3
9916628,1,2,1,3,1,2,4,2,1,1,2,2,2,2,2,3,1,1,1,3
9923481,1,2,1,3,1,2,4,2,1,1,3,2,2,2,2,2,1,1,1,3
9911569,1,2,1,3,3,2,2,2,1,1,3,2,2,2,2,2,1,1,2,3
9904444,1,2,1,3,3,2,4,2,2,1,2,1,2,2,2,3,1,1,2,3
9001370,1,2,3,2,4,2,3,2,4,1,1,2,2,2,2,2,1,1,1,3
8973112,1,1,2,3,1,2,2,2,4,1,2,1,2,1,2,2,1,1,1,3
9908947,1,1,1,3,1,2,4,2,1,1,2,2,2,2,2,2,1,1,1,3
9904442,1,1,1,2,3,2,2,2,1,1,2,1,2,2,2,1,1,1,1,3
8959380,1,1,1,2,4,2,1,2,1,1,1,2,2,1,2,2,1,1,3,3
9168135,1,1,1,3,1,2,3,2,1,1,2,1,2,1,2,2,1,1,1,3
10008942,1,1,2,2,1,2,3,1,4,2,2,2,2,1,2,2,1,1,1,3
9908943,1,1,1,3,1,2,4,2,1,1,2,2,2,1,2,2,1,1,1,3
9168130,1,1,1,2,3,2,3,1,1,2,2,1,2,2,2,2,1,1,3,3
9060407,1,1,1,2,1,2,3,1,1,2,3,2,2,2,2,2,1,1,1,3
9168525,1,1,2,2,3,2,3,2,1,1,2,2,2,2,2,2,1,2,2,3
9924534,1,1,1,3,4,2,4,2,1,1,2,2,2,1,2,2,1,1,2,3
9904438,1,1,1,3,3,2,4,2,1,1,2,2,2,2,2,2,1,1,3,3
9151079,1,1,1,2,3,2,2,2,1,1,2,2,2,2,2,2,1,1,2,3
9939173,1,1,1,3,1,2,4,2,1,1,2,2,2,1,2,1,1,1,3,3
9151078,1,1,1,2,2,2,2,1,1,1,2,1,2,2,2,2,1,1,2,3
9911563,1,1,1,3,1,2,2,2,1,1,2,2,2,1,2,2,1,2,2,3
8961349,1,1,1,2,3,2,3,2,2,1,2,2,2,1,2,1,1,1,2,3
8981306,1,1,2,2,4,2,1,1,4,2,1,2,2,2,2,2,3,1,1,3
8981305,1,1,2,2,4,2,1,1,4,2,1,2,2,2,2,2,3,1,1,3
9140187,1,1,1,3,2,2,1,2,1,1,2,2,1,2,1,2,3,1,2,2
8961348,1,1,1,3,3,2,3,1,1,2,2,2,2,1,2,2,1,1,1,3
9897515,1,1,1,2,3,2,4,2,1,1,2,2,2,2,2,2,1,1,1,3
9018204,1,1,1,2,1,2,1,1,1,2,2,2,2,2,2,1,1,1,1,3
8963748,1,1,1,2,3,2,4,1,1,2,2,1,2,2,2,2,1,1,3,3
9172465,1,1,1,2,3,2,3,1,1,2,2,2,2,1,2,2,1,1,1,3
9897512,1,1,1,2,1,2,4,2,1,1,2,1,2,2,2,2,1,1,2,3
8966285,1,1,1,2,1,2,2,2,1,1,2,2,2,2,2,2,1,1,2,3
9897514,1,1,1,2,1,2,4,2,1,1,2,2,2,1,2,1,1,1,2,3
8975096,1,1,1,2,1,2,3,2,1,1,2,2,2,1,2,2,1,2,2,3
8954546,1,1,1,2,4,1,3,2,1,1,1,1,2,2,2,2,3,1,1,3
9904435,1,1,1,2,1,2,4,2,1,1,2,2,2,1,2,2,1,1,1,3
9146768,1,1,1,1,3,2,2,2,1,1,2,1,2,1,2,3,1,1,3,3
9908936,1,2,1,3,1,2,4,2,1,1,3,2,2,2,2,1,1,1,1,3
8961347,1,2,1,3,3,2,3,2,1,1,2,1,2,1,2,3,1,1,1,3
9915999,1,2,1,2,1,2,4,2,1,1,2,2,2,2,2,2,1,1,1,3
9904434,1,2,2,3,4,2,4,2,2,1,1,1,2,2,2,2,1,1,2,3
9942584,1,2,2,2,1,1,3,2,2,1,2,1,2,1,2,2,1,1,1,3
8997344,1,2,1,2,4,1,4,2,1,2,1,2,2,2,2,2,1,1,1,3
8961346,1,2,1,2,1,2,3,2,1,1,2,2,2,2,2,2,1,1,1,3
9922217,1,2,1,3,4,2,3,2,1,1,1,1,2,2,2,3,1,1,1,3
9019473,1,1,2,3,1,2,1,1,4,2,2,2,2,1,2,2,1,1,1,3
8985385,1,1,1,2,3,2,3,1,1,2,2,2,2,2,2,3,1,1,1,3
9028134,1,1,1,3,1,2,4,1,1,2,2,2,1,1,2,2,1,1,1,3
9026814,1,1,1,3,1,2,1,1,1,2,2,2,2,2,2,2,1,1,1,3
9904188,1,1,1,3,1,2,4,1,2,2,2,2,2,2,2,3,1,1,1,3
8961345,1,1,1,2,3,2,3,1,1,2,2,1,2,1,2,2,1,1,1,3
8977414,1,1,1,2,1,2,2,1,1,2,2,2,2,2,2,1,4,1,3,3
9009705,1,1,2,2,1,2,4,2,3,1,2,2,2,2,2,2,1,1,1,3
9923472,1,1,1,2,3,2,4,2,1,1,2,2,2,2,2,2,1,1,2,3
9905630,1,1,1,3,4,2,4,2,1,1,1,2,1,2,1,2,1,1,2,2
9156978,1,1,1,3,1,2,3,2,1,1,2,2,2,1,2,1,1,1,3,3
9922211,1,1,1,3,1,2,3,2,1,1,2,2,2,2,2,2,1,1,2,3
9922218,1,1,1,3,1,2,3,2,1,1,3,2,2,2,2,3,1,1,1,3
9167107,1,1,1,3,3,2,2,2,1,1,2,2,2,2,2,1,1,1,3,3
8961344,1,1,1,3,3,2,3,2,1,1,2,1,2,2,2,2,1,1,2,3
9009888,1,1,1,2,1,2,4,2,1,1,2,2,2,1,2,2,2,1,1,2
9922209,1,1,1,3,1,2,3,2,1,1,2,2,2,2,2,2,1,2,1,3
9921702,1,1,1,3,1,2,4,2,1,1,2,2,2,1,2,2,2,1,3,3
8998209,1,1,1,2,1,2,3,2,1,1,2,2,2,1,2,2,1,1,1,3
9904428,1,1,1,3,1,2,4,2,1,1,2,2,2,2,2,1,1,1,1,3
8956793,1,1,1,3,1,2,3,2,1,1,3,2,2,2,2,2,1,1,1,3
9904427,1,1,1,3,1,2,4,2,1,1,2,2,2,2,2,2,1,1,2,3
9897508,1,1,1,2,1,2,4,2,1,1,3,2,2,1,2,2,1,1,1,3
9018201,1,1,1,2,1,2,1,2,1,1,2,2,2,1,2,2,1,2,2,3
9934942,1,1,1,3,1,2,4,2,1,1,2,2,2,1,2,2,1,1,2,3
9149019,1,1,1,3,1,2,3,2,1,1,2,2,2,2,2,3,1,1,2,3
9910644,1,1,1,3,3,2,4,2,1,1,2,2,2,2,2,2,2,1,3,3
9071451,1,1,1,2,1,2,2,2,1,1,2,2,2,2,2,3,1,1,1,3
8969655,1,1,1,3,3,2,3,2,1,1,2,2,2,1,2,2,1,1,3,3
8964588,1,1,1,2,3,2,3,2,1,1,2,2,2,1,2,1,2,3,3,3
9905626,1,1,2,3,3,2,4,1,4,2,3,2,2,1,2,2,1,1,3,3
8954689,1,1,1,2,1,2,1,1,1,2,2,2,2,2,2,2,1,1,1,3
9905624,1,1,1,3,1,2,4,1,1,2,2,2,2,1,2,2,1,1,2,3
9915741,1,1,1,3,3,2,3,1,1,2,2,2,2,2,2,2,1,1,3,3
9923907,1,1,1,3,3,2,4,2,1,1,2,2,2,1,2,2,1,1,1,3
9083819,1,1,1,3,3,2,3,1,1,2,2,2,2,2,2,1,1,1,3,3
8962235,1,1,1,3,2,2,2,1,1,2,2,2,2,2,2,2,1,1,1,3
10008927,1,1,3,2,1,2,3,2,4,2,3,1,2,2,2,2,1,1,2,3
9905111,1,1,1,3,1,2,4,2,1,1,2,2,2,2,2,2,1,2,1,3
8965196,1,1,1,3,3,2,1,2,1,1,2,2,2,1,2,2,2,1,1,3
8961689,1,1,1,2,3,2,3,2,1,2,2,2,2,2,2,2,1,1,1,3
9897507,1,1,1,2,1,2,4,1,1,2,2,1,2,1,2,2,1,1,1,3
9058262,1,1,1,2,1,2,3,2,1,1,2,2,2,2,2,2,1,1,1,3
8985372,1,1,1,2,1,2,3,2,1,1,2,2,2,1,2,2,1,1,1,3
8978735,1,1,1,3,1,2,3,1,1,2,3,2,2,1,2,2,1,1,3,3
9904423,1,1,1,3,1,2,4,2,1,2,2,2,2,2,2,2,1,1,1,3
9908925,1,2,3,3,4,2,4,1,3,2,1,2,2,1,2,2,2,1,1,3
8982483,1,2,3,2,1,2,1,1,4,2,2,2,1,1,2,2,3,1,1,2
8961685,1,2,2,2,2,2,2,2,4,1,2,2,2,1,2,2,1,1,1,3
9924516,1,2,2,3,1,2,4,2,3,1,3,2,2,2,2,2,1,1,2,3
8957791,1,2,2,2,3,2,2,1,2,2,2,2,2,1,2,2,1,1,1,3
8956326,1,2,1,3,3,2,3,1,1,1,2,2,2,2,2,2,1,1,1,3
9019002,1,2,1,2,2,2,3,2,1,1,2,1,2,1,2,2,1,1,1,3
8944406,1,2,1,3,5,2,2,1,1,1,1,1,2,2,2,2,1,1,3,3
8956325,1,1,2,3,3,2,3,2,2,1,2,2,2,1,2,2,1,1,1,3
9897505,1,1,1,2,1,2,4,2,1,1,2,1,2,1,2,2,1,1,1,3
8969525,1,1,1,3,1,2,3,1,1,1,2,2,2,1,2,2,1,1,3,3
8958367,1,1,1,3,1,2,3,2,1,1,2,2,2,1,2,1,1,1,1,3
8960375,1,1,1,3,1,2,2,2,1,1,2,2,2,2,2,2,1,2,1,3
9019851,1,1,1,2,3,2,2,2,1,1,2,1,2,1,2,1,1,2,1,3
9046031,1,1,3,2,3,2,1,2,4,1,2,2,2,2,2,2,1,1,1,3
8975709,1,1,1,3,3,2,3,2,2,1,2,2,2,1,2,3,1,1,1,3
9915738,1,1,1,3,1,2,3,2,1,1,2,2,2,1,2,2,1,1,3,3
8953566,1,1,1,2,3,2,3,2,1,1,2,2,2,2,2,2,1,2,1,3
9911550,1,1,2,3,5,2,2,2,4,1,1,2,2,1,2,2,1,1,1,2
8965857,1,1,1,1,3,2,1,2,1,1,2,2,2,1,2,1,2,1,2,3
8976034,1,1,1,3,3,2,3,2,1,1,2,2,2,2,2,2,1,1,1,3
9934423,1,1,1,2,1,2,4,2,1,1,2,1,2,1,2,2,2,1,2,3
9904416,1,1,1,3,3,2,4,2,3,1,2,1,2,1,2,2,1,1,1,3