Crash ID,Date,Day of Week,Time,Lane Count,Crash Type,Functional Class,Speed Limit,Environmental Conditions,Light Conditions,Surface Condition,Total Vehicles Involved,Curve Related,Alcohol Involved,Distracted Driving Involved,Drugged Driver Involved,Older Driver Involved,Temp Traffic Control Zone,Traffic Controls Present,Vehicle Type,Severity
9916211,1,1,2,2,4,2,3,2,3,1,2,2,2,1,2,2,1,1,3,3
9904414,1,1,1,3,3,2,4,2,1,1,2,2,2,2,2,2,1,1,3,3
9905618,1,1,1,3,1,2,4,2,1,1,2,2,2,2,2,1,1,1,1,3
9007993,1,1,1,2,1,2,1,2,1,1,2,2,2,1,2,2,1,1,1,3
9009738,1,1,1,2,1,2,1,2,1,1,2,1,2,2,2,2,1,1,1,3
8976007,1,1,1,2,1,2,3,1,1,2,2,2,2,2,2,3,2,1,3,3
8953098,1,1,1,2,1,1,3,2,1,1,2,2,2,1,2,2,1,1,3,3
8988533,1,1,1,2,1,2,3,1,1,2,3,2,2,1,2,2,1,1,2,3
8983937,1,1,1,2,1,2,1,2,1,1,2,2,2,1,2,2,1,2,1,3
9027718,1,1,2,2,3,2,2,2,4,1,2,2,2,2,2,2,1,1,1,3
9012133,1,1,1,2,2,2,3,2,1,1,2,2,2,1,2,2,1,1,1,3
9056622,1,1,1,3,1,2,3,2,1,1,2,2,2,2,2,1,1,1,1,3
8976557,1,1,1,3,4,2,2,2,1,1,1,2,2,2,2,2,1,1,3,3
9012130,1,1,1,2,1,2,3,2,1,1,2,2,2,1,2,2,1,1,1,3
9915984,1,1,1,2,3,2,4,2,1,1,2,2,2,1,2,2,1,1,1,3
8959896,1,1,3,2,2,2,3,2,4,1,2,1,2,2,2,1,1,1,2,3
8988523,1,2,1,2,1,2,3,2,1,1,2,2,2,1,2,2,1,1,1,3
9012125,1,2,1,2,2,2,3,2,1,1,2,1,2,2,2,1,1,1,1,3
9007992,1,2,1,3,4,2,3,2,1,1,1,2,2,2,2,2,1,1,1,3
9915314,1,2,1,3,1,2,4,2,1,1,2,1,2,2,2,2,1,1,2,3
9939852,1,2,3,3,4,2,4,2,4,1,1,1,2,2,2,2,4,1,1,3
9911548,1,1,2,2,1,2,3,2,4,2,2,2,2,2,2,2,1,1,1,3
9022533,1,1,1,2,2,2,1,2,1,1,2,2,2,1,2,2,1,1,1,3
9000220,1,1,1,2,2,2,1,2,1,1,2,2,2,2,2,2,1,1,2,3
8990049,1,1,1,2,1,2,3,2,1,1,2,2,2,1,2,3,3,1,1,3
9126193,1,1,1,3,3,2,1,2,1,1,2,2,2,1,2,2,2,1,1,3
9904410,1,1,3,3,3,2,4,2,3,1,2,1,2,1,2,2,1,1,1,3
9012119,1,1,3,2,2,2,3,2,1,1,2,2,2,2,2,2,1,1,1,3
8988364,1,1,2,2,4,2,1,2,4,2,1,2,2,1,2,2,2,2,3,3
9055037,1,1,1,2,1,2,3,2,1,2,2,2,2,2,2,3,1,1,1,3
8948591,1,1,1,2,1,2,3,2,1,1,2,1,2,1,2,1,1,1,1,3
8948590,1,1,1,2,3,2,3,2,1,1,2,1,2,2,2,2,1,1,3,3
8957491,1,1,1,3,3,2,3,2,1,1,2,2,2,2,2,1,1,1,3,3
8952370,1,1,1,2,2,2,2,2,1,1,2,2,2,1,2,2,1,1,1,3
9905612,1,1,1,3,1,2,4,2,1,1,2,2,2,2,2,1,1,1,1,3
8948589,1,1,1,3,2,2,3,2,1,1,2,2,2,1,2,3,1,1,1,3
9905613,1,1,1,3,1,2,4,2,1,1,2,2,2,2,2,1,1,1,3,3
9904409,1,1,1,3,1,2,4,2,1,1,2,2,2,2,2,2,1,1,1,3
8996787,1,1,1,3,1,2,2,2,1,2,3,2,2,1,2,2,1,1,1,3
8992804,1,1,2,1,2,2,1,2,4,1,3,2,2,1,2,2,3,1,1,3
9899976,1,1,2,3,4,2,4,1,1,2,1,1,2,1,2,1,1,1,1,3
9176138,1,1,1,2,1,2,3,2,1,2,2,2,2,1,2,2,1,1,1,3
8940170,1,1,1,2,3,2,3,2,1,2,2,2,2,1,2,2,1,1,3,3
8980007,1,1,1,2,1,2,3,1,1,1,2,2,2,1,2,2,1,1,1,3
9905610,1,1,1,3,4,2,4,1,1,2,1,2,2,2,2,2,1,1,1,3
8969672,1,1,3,2,4,2,3,1,4,2,1,2,2,2,2,2,1,1,1,3
9915733,1,1,2,3,3,2,3,2,3,1,2,2,2,2,2,2,1,1,2,3
8954238,1,1,2,3,1,2,3,2,1,1,2,2,2,2,2,2,3,1,3,3
9905607,1,1,1,3,1,2,4,2,1,1,2,2,2,2,2,2,1,1,2,3
9054983,1,1,1,3,1,2,3,2,1,1,2,2,2,1,2,2,1,3,1,3
8948586,1,1,1,2,3,2,3,2,1,1,2,1,2,1,2,2,1,1,3,3
9908904,1,1,1,3,1,2,4,2,1,1,3,2,2,2,2,2,1,1,2,3
9904405,1,1,1,2,1,2,2,2,1,1,3,2,2,2,2,2,1,1,1,3
9924496,1,2,1,3,1,2,4,2,1,1,3,2,2,2,2,3,1,1,1,3
9904402,1,2,1,2,1,2,2,2,1,1,3,2,2,2,2,1,1,1,1,3
9011660,1,2,1,2,3,2,3,2,1,1,2,1,2,1,2,2,1,1,1,3
9897499,1,2,1,2,5,2,4,2,1,1,1,2,2,2,2,2,1,1,1,3
9897820,1,2,2,2,3,2,4,2,4,1,2,2,2,2,2,1,1,1,1,3
9897498,1,2,1,2,1,2,4,2,1,1,2,1,2,1,2,2,1,1,1,3
9029077,1,2,1,3,1,2,4,2,1,1,2,2,2,2,2,1,1,1,1,3
8948584,1,2,1,2,1,2,3,2,1,1,2,1,2,1,2,2,1,1,1,3
9017589,1,2,1,3,1,2,3,2,1,1,3,2,2,1,2,2,1,1,1,3
9011472,1,2,1,2,2,2,1,2,1,1,2,2,2,1,2,2,1,1,1,3
8960092,1,1,2,2,3,2,2,1,3,2,3,1,2,2,2,2,1,1,1,3
8969194,1,1,1,2,1,2,3,2,1,2,2,2,2,1,2,2,1,1,1,3
8980496,1,1,1,2,1,2,2,1,1,2,2,2,2,2,2,2,1,1,2,3
9919479,1,1,3,3,4,2,4,2,4,1,1,1,2,2,2,2,1,1,1,3
9904398,1,1,2,2,1,2,2,2,4,1,3,2,2,1,2,2,1,1,1,3
9897495,1,1,2,2,1,2,4,2,3,1,2,2,2,2,2,2,1,1,1,3
8965273,1,1,1,3,1,2,3,2,1,1,2,2,2,1,2,2,1,1,2,2
8993335,1,1,1,2,1,2,2,2,1,1,2,2,2,1,2,2,1,1,2,3
9081918,1,1,1,3,1,2,3,2,1,1,2,2,2,2,2,1,1,1,1,3
9931077,1,1,1,3,1,2,4,1,1,1,2,2,2,2,2,2,2,1,2,3
9923443,1,1,1,2,3,2,4,2,1,1,2,2,2,2,2,2,1,1,3,3
8950704,1,1,2,3,3,2,3,2,4,1,2,2,2,2,2,1,1,1,1,3
8973736,1,1,2,2,4,2,1,2,4,1,1,1,1,2,2,2,1,2,1,3
8980494,1,1,1,2,2,2,4,2,1,1,2,2,2,2,2,2,1,2,1,3
8948582,1,1,1,2,3,2,3,2,1,1,2,1,2,1,2,1,1,1,1,3
8948581,1,1,1,2,3,2,3,2,1,1,2,1,2,1,2,2,1,1,1,3
8948579,1,1,2,3,4,2,3,1,4,2,1,2,2,2,2,1,1,1,3,3
8963938,1,1,2,3,1,2,2,1,4,2,3,2,2,1,2,2,1,1,1,2
9020554,1,1,1,2,4,2,3,2,1,1,1,2,2,2,2,2,1,1,3,3
8999443,1,1,1,3,1,2,2,2,2,2,3,2,2,2,2,3,1,1,1,3
8942837,1,1,1,3,1,2,1,2,1,1,3,2,2,1,2,2,1,1,1,3
9904391,1,1,1,3,3,2,4,2,1,1,2,2,2,2,2,2,1,1,3,3
9054965,1,1,1,2,1,2,3,2,1,1,2,1,2,1,2,2,1,1,1,3
8968724,1,1,1,2,1,2,3,1,1,2,3,2,2,1,2,2,1,3,1,2
9019850,1,1,1,2,3,2,2,2,1,1,2,1,2,1,2,2,1,1,2,3
9930842,1,1,1,3,1,2,4,2,1,1,2,2,2,1,2,2,1,1,3,3
8953986,1,1,1,3,3,2,3,2,1,1,2,2,2,1,2,2,2,1,3,3
9923869,1,1,2,3,3,2,4,2,3,1,2,2,2,1,2,2,1,1,1,3
8975536,1,1,1,2,3,2,2,2,1,1,2,2,2,1,2,2,3,1,3,3
9911543,1,1,1,2,3,2,3,2,1,1,3,2,2,1,2,2,1,1,3,3
9064515,1,2,1,2,3,2,2,2,1,1,2,2,2,1,2,2,1,1,2,3
9911541,1,2,1,2,3,2,3,2,1,1,2,2,2,2,2,2,1,1,1,3
8970649,1,2,1,2,1,2,3,2,1,1,2,2,2,1,2,3,1,1,1,3
8969630,1,1,1,3,4,2,3,2,1,1,1,2,2,2,2,2,1,1,1,3
9051638,1,1,1,2,1,1,3,2,1,1,2,2,2,1,2,1,1,1,1,3
9915730,1,1,1,3,1,2,3,2,1,1,2,1,2,2,2,2,1,1,1,3
9915974,1,1,1,2,3,2,4,2,1,1,2,2,2,2,2,2,1,1,1,3
9942579,1,1,1,2,1,1,3,2,1,1,2,2,2,1,2,2,1,1,3,3
9037452,1,1,1,3,1,2,3,2,1,1,2,2,2,1,2,2,1,1,1,3
8968004,1,1,1,2,1,2,3,2,1,1,2,2,2,1,2,1,1,1,1,3
8950389,1,1,1,2,3,2,4,2,1,1,3,2,2,1,2,2,1,1,2,3
8945948,1,1,2,2,3,2,4,2,4,1,2,2,2,2,2,2,1,1,3,3
9904383,1,1,2,2,3,2,2,2,2,1,2,1,2,2,2,1,1,1,2,3
8969742,1,1,1,2,3,2,4,2,1,1,2,2,2,2,2,3,1,1,3,3
8955300,1,1,1,3,1,2,3,2,1,1,2,2,2,1,2,3,1,1,2,3
9154987,1,1,1,2,3,2,3,2,1,1,2,2,2,1,2,2,1,1,2,3
9206718,1,1,1,2,1,2,1,2,1,1,2,2,2,2,2,2,2,1,1,3
9048654,1,1,1,3,3,2,2,1,1,2,2,2,2,1,2,2,1,1,1,3
9025035,1,1,1,3,3,2,2,1,1,2,2,1,2,1,2,2,1,1,3,3
8958890,4,1,1,3,3,2,3,2,1,1,2,2,2,2,2,3,1,1,1,3
8972693,4,1,1,2,3,2,2,2,1,1,2,2,2,2,2,2,1,1,1,3
9939774,4,1,1,3,3,2,4,2,1,1,3,2,2,2,2,2,2,1,3,3
8941865,4,1,1,2,4,2,2,2,1,1,1,2,2,1,2,2,1,1,3,3
8979988,4,1,1,2,2,2,2,2,1,1,2,2,2,2,2,2,1,1,2,3
8948428,4,1,1,1,3,2,1,2,1,1,2,2,2,1,2,2,1,1,3,3
8953540,4,1,2,2,3,2,2,2,4,1,2,2,2,1,2,2,1,1,2,3
8959432,4,1,1,2,4,2,1,2,1,1,1,2,1,1,1,2,1,1,1,3
9899969,4,1,1,3,1,2,4,2,1,1,2,2,2,2,2,2,1,1,1,3
9003044,4,1,1,3,3,2,2,2,1,1,2,2,2,2,2,2,1,1,2,3
9919694,4,1,1,2,1,2,3,2,1,1,3,1,2,2,2,2,1,2,1,3
8976587,4,1,1,2,1,2,1,2,1,1,2,2,2,1,2,3,1,1,2,3
8965705,4,1,1,2,2,2,1,2,1,1,3,2,2,2,2,2,1,1,3,3
9056965,4,2,2,2,1,2,3,2,4,1,2,2,2,1,2,2,1,1,1,3
9904371,4,2,2,2,4,2,2,2,4,1,1,1,2,1,2,2,1,1,1,3
9057842,4,2,2,3,3,2,3,2,4,1,2,1,2,2,2,2,1,1,1,3
8944423,4,2,1,3,1,2,2,2,1,1,2,2,2,1,2,2,1,2,1,3
8954094,4,2,1,3,1,2,3,2,1,1,3,2,2,1,2,3,3,1,1,3
8963583,4,2,1,2,1,2,3,2,1,1,2,2,2,2,2,2,1,1,1,3
9057839,4,2,1,3,1,2,3,2,1,1,2,1,2,1,2,2,1,1,1,3
8950057,4,2,1,3,4,2,3,2,1,1,1,2,2,1,2,2,1,1,1,3
9908874,4,1,2,3,1,2,4,2,4,1,2,2,2,2,2,2,1,1,1,3
9013359,4,1,2,2,5,2,2,2,4,1,1,2,2,2,2,2,1,1,2,3
9930133,4,1,2,3,1,2,4,2,3,1,3,2,2,2,2,1,1,1,2,3
9034585,4,1,1,3,3,2,3,2,2,1,2,2,2,1,2,1,1,1,1,3
9007969,4,1,1,3,1,2,3,2,1,1,2,1,2,2,2,2,1,1,1,3
9007968,4,1,1,3,5,2,3,2,1,1,2,1,2,2,2,2,1,1,1,2
9057838,4,1,1,3,3,2,3,2,1,1,2,2,2,1,2,1,1,1,1,3
8949324,4,1,1,2,3,2,1,2,1,1,2,2,2,1,2,1,1,1,3,3
8948577,4,1,1,3,1,2,3,2,1,1,3,2,2,1,2,2,1,1,1,3
8958440,4,1,1,3,1,2,2,2,1,1,2,2,2,1,2,1,1,1,1,3
8943551,4,1,1,3,3,2,3,2,1,1,2,2,2,2,2,1,1,1,1,3
9003711,4,1,1,2,3,2,1,2,1,1,2,2,2,1,2,2,3,1,3,3
9911535,4,1,1,2,4,2,3,2,1,1,1,2,2,1,2,2,1,1,2,3
8943549,4,1,2,3,3,2,3,2,4,1,2,2,2,1,2,1,1,1,3,3
9911534,4,1,2,2,1,2,3,2,4,1,2,2,2,2,2,2,1,1,1,3
8963573,4,1,1,2,3,2,3,2,1,1,2,1,2,1,2,2,1,1,1,3
8980359,4,1,1,2,2,2,2,2,1,1,2,2,2,2,2,2,1,1,1,3
9037761,4,1,1,2,3,2,1,2,1,1,2,2,2,1,2,2,1,1,1,3
9905597,4,1,1,3,1,2,4,1,1,2,3,2,2,2,2,2,1,1,3,3
8997591,4,1,1,2,1,2,1,2,1,1,2,2,2,2,2,2,1,1,1,3
8992304,4,1,1,2,1,2,3,1,1,1,2,2,2,1,2,2,1,1,1,3
9007529,4,1,1,3,3,2,3,2,1,1,2,2,2,2,2,1,1,1,1,3
8953309,4,1,3,3,1,2,3,2,4,1,2,2,2,2,2,2,1,1,2,3
8997588,4,1,2,3,1,2,2,2,2,1,2,2,2,2,2,2,1,1,1,3
9904362,4,1,2,3,1,2,4,2,1,1,2,2,2,2,2,2,1,2,1,3
9898072,4,1,1,2,3,2,4,2,1,1,2,2,2,2,2,1,2,2,3,3
9915553,4,1,1,2,1,2,4,2,1,1,3,2,2,2,2,2,1,1,1,3
9904360,4,1,1,3,3,2,4,2,1,1,2,2,2,2,2,2,1,1,2,3
8940286,4,1,1,2,3,2,1,2,1,1,2,2,2,1,2,2,1,1,3,3
9002087,4,1,1,2,1,2,1,1,1,1,2,1,2,1,2,2,1,1,1,3
9904359,4,1,1,2,1,2,2,2,1,1,2,2,2,1,2,2,1,1,1,3
8963561,4,1,2,2,1,2,3,2,4,2,2,2,2,2,2,2,1,1,2,3
9904355,4,1,2,3,3,2,4,2,3,1,2,2,2,2,2,3,1,1,2,2
9904356,4,1,2,3,1,2,4,2,3,1,3,2,2,2,2,2,1,2,1,3
9918089,4,1,1,3,4,2,4,2,1,1,2,2,2,1,2,2,2,1,3,3
8964237,4,1,1,2,3,2,2,2,1,1,2,2,2,1,2,1,1,1,1,3
9897491,4,1,1,2,1,2,4,2,1,1,2,2,2,2,2,2,1,1,3,3
9175103,4,1,1,2,1,2,3,2,1,1,2,2,2,1,2,2,1,2,1,3
9163377,4,1,1,2,1,2,3,2,1,1,2,2,2,2,2,2,1,1,3,3
9005791,4,1,1,2,1,2,4,2,1,1,3,2,2,1,2,2,1,1,2,3
9934922,4,1,1,3,3,2,4,2,2,1,2,2,2,2,2,2,1,1,3,3
9081911,4,1,1,3,1,2,3,2,1,1,3,2,2,2,2,2,1,1,2,3
9930651,4,1,1,3,3,2,4,2,1,1,2,2,2,2,2,2,1,2,1,3
8945036,4,1,1,2,3,2,4,2,1,1,2,2,2,1,2,2,1,1,1,3
9023992,4,1,1,2,1,1,4,2,1,1,2,2,2,1,2,2,1,1,1,3
9911532,4,1,1,2,4,2,3,2,1,1,2,1,2,1,2,2,1,1,3,3
9928689,4,2,1,3,3,2,4,2,1,1,2,2,2,2,2,2,1,1,3,3
9901008,4,2,1,3,1,2,4,2,1,1,2,2,2,1,2,2,2,1,1,3
9939264,4,2,1,3,1,2,4,2,1,1,2,2,2,2,2,1,1,1,1,3
9911530,4,2,1,2,1,2,3,2,1,1,2,2,2,2,2,2,1,2,1,3
9014638,4,2,1,2,2,2,2,2,1,1,2,2,2,2,2,2,1,1,1,3
8952971,4,2,1,3,1,2,3,2,1,1,2,2,2,1,2,1,1,1,1,3
9915043,4,2,1,2,1,2,4,2,1,1,2,2,2,2,2,2,2,1,1,3
8939565,4,2,1,2,3,2,3,2,1,1,2,1,2,1,2,2,1,1,1,3
9912433,4,1,2,2,3,2,4,2,3,1,2,2,2,2,2,2,1,1,3,3
9915725,4,1,2,3,1,2,2,2,4,1,2,1,2,1,2,2,2,1,1,3
9905593,4,1,2,3,1,2,4,2,4,1,3,2,2,2,2,1,1,1,1,3
8951021,4,1,1,2,1,2,1,2,1,1,2,2,2,1,2,2,1,1,2,3
9908858,4,1,1,3,1,2,4,2,1,1,2,2,2,1,2,2,1,1,1,3
8980451,4,1,1,2,2,2,2,2,1,1,2,2,2,1,2,2,1,1,2,3
9904351,4,1,1,3,1,2,4,2,1,1,3,2,2,2,2,3,1,1,3,3
9915724,4,1,1,3,1,2,3,2,1,1,2,2,2,2,2,2,2,1,1,3
8957018,4,1,1,2,1,2,3,2,1,1,2,2,2,1,2,2,1,1,1,3
9210339,4,1,1,3,3,2,2,2,1,1,2,2,2,2,2,2,1,1,3,3
8960058,4,1,1,2,1,2,3,2,1,1,2,2,2,1,2,2,1,1,1,3
8982214,4,1,1,2,2,2,1,2,1,1,2,2,2,1,2,2,1,1,1,3
8967922,4,1,1,3,1,2,3,2,1,1,2,2,2,2,2,2,1,1,3,3
9915965,4,1,1,2,3,2,4,2,1,1,2,2,2,2,2,1,1,1,3,3
8939563,4,1,1,2,3,2,3,2,1,1,2,1,2,1,2,1,1,1,1,3
9906301,4,1,1,3,1,2,4,2,1,1,2,2,2,2,2,1,1,1,1,3
9937701,4,1,2,3,3,2,4,2,3,1,2,2,2,2,2,1,1,1,1,3
9942575,4,1,2,2,1,1,3,2,4,1,2,2,2,1,2,2,1,1,2,2
8942741,4,1,2,2,3,2,3,2,4,1,2,2,2,1,2,2,1,2,1,3
8968462,4,1,1,2,3,2,1,1,3,2,2,2,2,2,2,2,1,1,1,3
8995977,4,1,1,2,1,2,3,2,1,1,2,2,2,2,2,2,1,1,1,3
8995673,4,1,1,3,1,2,4,2,1,1,2,2,2,2,2,2,1,1,1,3
9915723,4,1,1,3,3,2,3,2,1,1,2,2,2,1,2,2,1,1,3,3
8950543,4,1,1,3,1,2,2,2,1,1,2,2,2,1,2,2,1,1,2,3
9904348,4,1,1,2,3,2,2,2,1,1,2,2,2,2,2,2,1,1,3,3
9018130,4,1,1,3,3,2,3,2,1,1,2,1,2,1,2,2,1,1,1,3
9018129,4,1,1,2,3,2,2,2,1,1,2,1,2,2,2,2,1,1,1,3
8942740,4,1,2,2,3,2,3,1,4,2,2,1,2,2,2,2,1,1,1,3
8998293,4,1,1,2,2,2,3,1,4,2,2,2,2,2,2,2,1,1,1,3
9915964,4,1,1,2,3,2,4,2,1,1,2,2,2,2,2,2,1,1,3,3
9897490,4,1,1,2,1,2,4,2,1,1,2,1,2,1,2,1,1,1,1,3
8992778,4,1,1,3,1,2,4,2,1,1,2,2,2,1,2,2,1,1,1,3
8947313,4,1,1,2,1,2,3,2,1,1,2,2,2,1,2,3,1,1,2,3
8983702,4,1,1,2,1,2,3,2,1,2,3,2,2,2,2,1,1,1,1,3
9905592,4,1,1,3,3,2,4,2,1,1,2,2,2,2,2,1,1,1,3,2
9904343,4,1,1,2,3,2,4,2,1,1,2,1,2,2,2,2,1,1,1,3
8980445,4,1,1,2,2,2,2,2,1,1,2,2,2,1,2,2,1,1,1,3
9915720,4,1,1,3,3,2,3,2,1,1,2,2,2,2,2,3,1,1,3,3
8992295,4,1,1,2,3,2,1,2,1,1,2,2,2,2,2,1,1,1,1,3
8977225,4,1,1,2,1,2,1,2,1,1,3,2,2,1,2,1,1,1,1,3
9006062,4,1,1,2,1,2,2,2,1,1,3,2,2,1,2,1,1,1,1,3
9904341,4,1,1,3,3,2,4,2,1,1,3,2,2,2,2,2,1,1,1,3
8942739,4,1,1,3,1,2,3,2,1,1,2,2,2,1,2,2,1,1,1,3
9102040,4,1,1,2,1,2,4,2,1,1,2,2,2,1,2,2,1,1,2,3
9918875,4,1,1,3,1,2,3,2,1,1,2,1,2,2,2,2,1,1,1,3
8980055,4,1,1,2,1,2,2,2,1,1,2,2,2,2,2,2,1,1,1,3
9897489,4,1,3,2,4,2,4,2,4,1,1,2,2,2,2,2,1,1,1,3
8959075,4,1,1,3,1,2,1,2,1,1,2,2,2,1,2,2,1,1,1,3
9897817,4,1,1,2,3,2,4,2,1,1,2,2,2,2,2,1,1,2,3,3
9904340,4,1,1,2,3,2,2,2,1,1,2,2,2,2,2,2,1,1,1,3
8980443,4,1,1,2,3,2,3,2,1,1,2,2,2,2,2,2,1,1,1,3
9899960,4,1,1,3,1,2,4,2,1,2,2,1,2,2,2,2,1,1,2,3
8938632,4,1,1,3,3,2,3,2,1,2,2,1,2,2,2,2,1,2,3,3
9915719,4,1,1,3,1,2,2,2,1,1,2,2,2,2,2,2,1,1,1,3
8942738,4,1,1,2,2,2,3,2,4,1,2,1,2,2,2,1,1,1,1,3
8952502,4,2,3,3,4,2,3,1,4,2,1,2,2,1,2,2,1,1,1,3
8991661,4,2,1,3,1,2,1,1,1,1,2,2,2,1,2,2,1,2,2,3
9905590,4,1,2,3,1,2,4,2,4,1,2,2,2,2,2,2,1,1,2,3
9151772,4,1,2,2,2,2,1,2,4,2,2,2,2,1,2,2,1,2,3,3
9915962,4,1,2,2,1,2,4,2,4,1,2,1,2,2,2,2,1,1,1,3
9908845,4,1,2,3,1,2,4,2,3,1,2,2,2,2,2,2,3,1,1,3
9897816,4,1,1,2,3,2,4,2,1,1,3,2,2,2,2,3,1,1,1,3
8942905,4,1,1,2,3,2,1,2,1,1,2,1,2,2,2,2,1,1,3,3
9904337,4,1,1,2,3,2,2,2,1,1,2,1,2,2,2,2,1,1,1,3
8968136,4,1,1,2,4,2,3,2,1,2,1,2,2,2,2,2,1,1,1,3
8942735,4,1,1,3,2,2,2,2,1,1,2,2,2,1,2,2,1,1,1,3
8989149,4,1,1,3,1,2,2,1,1,2,2,2,2,2,2,2,1,1,2,3
9915716,4,1,2,3,1,2,3,2,4,1,2,1,2,2,2,2,1,2,1,3
9906298,4,1,1,3,4,2,4,2,2,1,1,2,1,2,1,2,1,1,1,2
8937854,4,1,1,2,1,2,3,2,1,1,2,2,2,2,2,2,1,1,3,3
8965984,4,1,1,2,3,2,3,2,1,1,2,2,2,1,2,2,1,1,1,3
9904335,4,1,1,2,3,2,2,2,1,1,2,2,2,2,2,3,1,1,1,3
8948874,4,1,1,1,3,2,1,2,1,1,2,2,2,2,2,1,1,1,3,3
8989138,4,1,1,2,1,2,3,2,1,1,2,2,2,1,2,2,1,2,1,3
9044062,4,1,1,2,3,2,3,2,1,1,2,2,2,1,2,2,1,1,1,3
9915928,4,1,1,3,1,2,3,2,1,1,2,2,2,2,2,2,1,1,1,3
9904334,4,1,1,2,1,2,4,2,1,1,2,2,2,2,2,2,1,1,2,3
9899956,4,1,1,3,1,2,4,2,1,1,2,1,2,1,2,2,1,1,1,3
9002071,4,1,1,3,1,2,1,1,1,2,2,1,2,1,2,2,1,1,1,3
8942731,4,1,1,2,3,2,3,1,1,2,2,1,2,2,2,2,1,1,1,3
8942729,4,1,1,2,1,2,3,1,1,2,2,1,2,1,2,2,1,1,1,3
8956192,4,1,1,2,1,2,2,2,1,1,2,2,2,1,2,3,1,1,2,3
9902185,4,1,2,3,1,2,4,2,3,1,3,2,2,2,2,2,1,1,3,3
8956654,4,1,1,2,2,2,3,2,1,1,2,2,2,1,2,3,1,1,1,3
9904330,4,1,1,2,1,2,4,2,1,1,2,2,2,2,2,2,1,2,1,3
9908840,4,2,2,3,4,2,4,2,4,1,1,1,2,1,2,3,1,1,1,3
8991198,4,2,2,2,1,2,1,2,4,1,2,2,2,1,2,2,1,1,1,3
9904326,4,2,1,3,3,2,4,2,1,1,2,2,2,2,2,2,1,1,1,3
8956189,4,2,1,2,1,2,2,2,1,1,3,2,2,1,2,1,1,1,2,3
9209844,4,2,1,2,1,2,4,2,1,1,3,2,2,1,2,1,1,1,1,3
8978362,4,2,1,3,1,2,4,2,1,1,2,2,2,1,2,3,2,1,1,3
8940359,4,1,1,2,1,2,4,2,1,1,2,2,2,2,2,2,1,1,1,3
8998270,4,1,1,2,3,2,4,2,1,1,2,2,2,1,2,2,1,1,1,3
8943798,4,1,1,2,3,2,3,2,1,1,2,1,2,2,2,2,1,1,3,3
8995096,4,1,1,2,1,2,3,2,1,1,2,2,2,2,2,1,1,1,3,3
9012701,4,1,1,2,1,2,3,2,1,1,3,2,2,2,2,1,1,1,1,3
8967687,4,1,1,2,1,2,3,2,1,1,2,2,2,1,2,2,1,1,1,3
8944826,4,1,1,2,1,2,1,2,1,1,2,2,2,1,2,2,1,1,1,3
9002728,4,1,2,2,3,2,3,2,4,1,2,1,2,1,2,1,1,1,3,3
9897488,4,1,2,2,4,2,4,2,4,1,1,2,2,2,2,1,1,1,1,3
9010739,4,1,2,2,1,2,3,2,4,1,2,2,2,1,2,2,1,1,1,3
8955477,4,1,2,3,4,2,3,2,4,1,1,2,1,1,2,2,1,1,1,3
8945157,4,1,1,2,3,2,3,2,1,1,2,2,2,2,2,2,1,1,3,3
9013174,4,1,1,2,1,2,3,2,1,1,2,2,2,1,2,2,1,1,1,3
8951084,4,1,1,2,1,2,3,2,1,1,3,2,2,1,2,2,1,1,3,3
9934915,4,1,1,2,1,2,4,2,1,1,3,2,2,1,2,2,1,1,1,3
8936469,4,1,1,2,4,2,2,2,1,1,1,1,2,1,2,2,1,1,3,3
8944817,4,1,2,1,1,2,1,2,4,1,2,2,2,1,2,2,1,1,1,3
9010743,4,1,1,3,3,2,1,2,1,1,2,2,2,2,2,2,1,1,1,3
8964889,4,1,1,3,3,2,4,1,1,1,2,2,2,2,2,2,1,1,1,2
8952829,4,1,1,2,1,1,3,2,1,1,2,2,2,1,2,2,1,1,1,3
9061026,4,1,1,3,1,2,2,2,1,1,2,2,2,1,2,2,3,1,1,3
9023041,4,1,2,2,3,2,3,2,4,1,2,2,2,1,2,3,3,1,1,3
9210399,4,1,1,2,1,2,3,1,1,2,3,2,2,1,2,2,1,1,1,3
8965403,4,1,2,2,3,2,3,2,4,1,2,2,2,1,2,1,1,1,2,3
9915707,4,1,1,3,3,2,3,2,1,1,2,2,2,2,2,2,1,1,3,3
8940252,4,1,1,3,3,2,2,2,1,1,2,2,2,2,2,2,3,1,2,3
8950148,4,1,1,2,1,2,2,2,1,1,2,2,2,1,2,2,2,1,2,3
9904320,4,1,1,2,1,2,4,2,1,1,2,2,2,2,2,2,1,1,1,3
8960534,4,2,2,2,1,2,3,2,4,1,2,2,2,2,2,2,1,1,1,2