Crash ID,Date,Day of Week,Time,Lane Count,Crash Type,Functional Class,Speed Limit,Environmental Conditions,Light Conditions,Surface Condition,Total Vehicles Involved,Curve Related,Alcohol Involved,Distracted Driving Involved,Drugged Driver Involved,Older Driver Involved,Temp Traffic Control Zone,Traffic Controls Present,Vehicle Type,Severity
9904318,4,2,3,2,4,2,2,2,4,1,1,1,1,1,2,3,1,1,1,2
8993312,4,2,3,3,2,2,3,2,4,1,2,2,1,1,2,2,1,1,1,3
9915706,4,2,3,3,1,2,2,2,4,1,2,1,1,1,2,2,1,1,1,3
9904317,4,1,2,3,1,2,4,2,4,1,2,2,2,2,2,2,2,1,1,3
9096367,4,1,2,2,1,2,2,2,4,1,2,2,2,1,2,2,1,1,3,2
8979392,4,1,1,2,3,2,3,2,1,1,2,2,2,1,2,2,1,1,1,3
8993994,4,1,1,2,1,2,3,2,1,1,3,2,2,1,2,2,1,2,2,3
8952659,4,1,1,2,1,1,3,2,1,1,2,2,2,1,2,2,1,1,2,3
9908826,4,1,1,3,1,2,4,2,4,1,2,2,2,2,2,2,2,1,1,3
8944757,4,1,1,2,1,2,1,2,1,1,2,2,2,2,2,3,1,1,1,3
9904316,4,1,1,2,3,2,2,1,1,2,2,1,2,1,2,2,1,1,1,3
8953502,4,1,1,2,1,2,2,2,1,2,3,2,2,1,2,3,2,1,3,3
9904314,4,1,1,2,3,2,4,1,1,2,2,2,2,2,2,2,1,1,1,3
9915542,4,1,1,2,1,2,4,2,2,1,2,2,2,2,2,2,1,1,1,3
8957579,4,1,1,2,1,2,3,2,1,1,2,2,2,2,2,2,1,1,1,3
9005790,4,1,1,2,1,2,4,2,1,1,3,2,2,1,2,1,1,2,2,3
9915703,4,1,1,3,3,2,3,2,1,1,2,1,2,2,2,2,2,1,3,3
9932656,4,1,1,3,1,2,4,2,1,1,2,2,2,1,2,2,1,1,1,3
8947310,4,1,1,3,3,2,3,2,1,1,2,2,2,2,2,2,2,1,3,3
9007505,4,1,1,3,1,2,3,2,1,1,2,2,2,2,2,2,1,1,2,3
8938545,4,1,1,3,1,2,3,2,1,1,2,2,2,2,2,2,1,1,3,3
9910787,4,1,3,3,3,2,4,2,2,1,2,2,2,2,2,2,1,1,2,3
9051806,4,1,1,3,3,2,3,1,1,2,2,2,2,2,2,2,1,1,1,3
8937429,4,1,1,3,1,2,4,1,1,2,2,2,2,2,2,2,1,1,3,3
9905578,4,1,1,3,4,2,4,1,4,2,1,2,2,2,2,2,1,1,2,3
8942728,4,1,1,3,3,2,3,1,1,2,2,2,2,2,2,2,1,1,1,3
8952474,4,1,3,2,3,2,4,1,3,2,2,2,2,2,2,2,1,1,1,3
9939253,4,2,2,3,3,2,4,1,2,2,2,2,2,2,2,2,1,1,1,3
9904308,4,2,2,3,1,2,4,2,2,1,2,2,2,2,2,2,1,1,1,3
8943793,4,2,1,3,4,2,3,1,2,2,1,2,2,1,2,2,1,1,3,3
9904305,4,2,1,2,3,2,2,1,1,2,2,2,2,2,2,2,1,1,2,3
9930422,4,2,1,3,1,2,4,2,1,1,3,1,2,1,2,2,1,1,3,3
8973002,4,2,3,3,1,2,1,2,4,1,2,1,2,1,2,3,2,1,1,3
8950555,4,2,3,2,3,2,4,2,4,1,2,1,1,1,2,2,1,2,1,3
8953941,4,1,1,2,1,2,2,1,4,2,2,2,2,1,2,2,1,1,1,3
8988875,4,1,1,2,1,1,3,1,4,2,2,2,2,1,2,1,1,1,1,3
8942727,4,1,1,2,3,2,3,1,1,2,2,1,2,1,2,3,1,1,1,3
8952391,4,1,1,2,1,2,2,1,1,1,2,2,2,1,2,2,1,2,3,3
9006208,4,1,1,2,3,2,3,2,1,1,2,2,2,1,2,2,1,1,1,3
8942726,4,1,2,2,3,2,3,2,4,1,2,1,2,2,2,2,1,1,1,3
9004571,4,1,2,3,1,2,3,2,4,1,3,2,2,2,2,1,1,1,1,3
8936459,4,1,1,3,1,2,4,2,1,1,2,2,2,1,2,1,1,1,3,3
8987513,4,1,1,2,1,2,1,2,1,1,2,1,2,1,2,2,1,1,1,3
9922165,4,1,1,3,1,2,3,2,1,1,2,2,2,2,2,2,1,1,1,3
9051901,4,1,1,2,1,2,2,2,1,1,2,2,2,1,2,2,1,1,1,3
9934907,4,1,2,3,3,2,4,2,4,1,2,1,2,2,2,3,1,1,3,3
8953678,4,1,2,3,2,2,3,2,4,1,2,2,2,1,2,2,1,1,2,2
8942560,4,1,1,2,3,2,3,2,1,1,2,1,2,2,2,1,1,1,1,3
8965506,4,1,1,2,3,2,4,2,1,1,2,1,2,2,2,1,1,1,1,3
8940353,4,1,1,2,3,2,4,2,1,1,2,2,2,2,2,1,1,1,1,3
8999657,4,1,1,2,1,2,3,2,1,2,2,2,2,1,2,1,1,2,2,3
9070710,4,1,1,2,1,2,3,1,1,2,3,2,2,1,2,2,1,1,1,3
8953146,4,1,1,3,1,2,4,1,1,2,2,2,2,2,2,2,1,1,1,3
9015943,4,1,1,2,2,2,1,1,1,1,2,2,2,2,2,2,1,1,1,3
8952582,4,1,2,3,3,2,3,1,4,2,2,1,2,2,2,2,1,1,1,3
9915701,4,1,1,3,1,2,2,2,1,1,3,2,2,1,2,2,1,1,3,3
9906511,4,1,1,2,1,2,4,2,1,1,2,2,2,1,2,2,1,1,1,3
8988573,4,1,3,3,1,2,3,2,4,1,2,2,2,2,2,2,1,1,2,3
9940894,4,1,3,3,5,2,4,2,4,1,1,1,2,2,2,2,1,1,2,3
8961152,4,1,2,3,1,2,1,2,4,1,3,2,2,2,2,2,1,1,1,3
9939820,4,1,1,3,1,2,4,2,3,1,2,2,2,2,2,2,1,1,3,2
8959704,4,1,1,3,1,2,1,2,1,1,2,2,2,2,2,2,1,1,3,3
9915698,4,1,1,3,1,2,2,2,1,1,3,2,2,2,2,2,1,1,1,3
8977396,4,1,1,2,4,2,1,2,1,1,1,2,2,1,2,2,1,1,3,3
9934905,4,1,1,3,3,2,4,2,1,1,2,2,2,2,2,2,1,2,1,3
9934904,4,1,1,3,4,2,4,2,1,1,1,2,2,1,2,2,1,1,1,3
8963128,4,1,1,2,2,2,3,1,2,2,2,2,2,1,2,2,1,1,1,3
9897483,4,2,1,2,3,2,4,2,4,1,2,2,2,2,2,2,1,1,1,3
9904298,4,2,1,3,3,2,4,2,1,1,2,2,2,2,2,2,1,1,2,3
8997989,4,2,1,2,4,2,4,1,4,2,1,2,2,2,2,2,1,1,1,3
9904297,4,2,1,3,1,2,4,2,1,1,2,2,2,2,2,2,1,1,2,3
9916199,4,2,1,3,1,2,3,2,1,1,2,2,2,1,2,2,1,1,1,3
8995750,4,2,3,3,3,2,2,2,3,1,2,2,2,1,2,2,1,1,1,3
9921776,4,1,2,3,3,2,4,2,3,1,2,2,2,2,2,2,1,1,3,3
9904295,4,1,1,3,3,2,4,2,1,1,2,2,2,2,2,2,1,1,3,3
8956595,4,1,1,2,2,2,3,2,1,1,2,2,2,1,2,2,1,1,2,3
9904294,4,1,3,2,3,2,2,2,4,1,2,2,2,2,2,2,1,1,1,3
9897481,4,1,2,2,3,2,4,2,3,1,2,2,2,1,2,2,1,1,1,3
8998617,4,1,1,2,3,2,3,2,1,1,2,2,2,2,2,2,1,1,3,3
9016560,4,1,1,3,2,2,3,1,1,1,2,2,2,1,2,3,1,1,1,3
8979372,4,1,1,2,2,2,1,2,1,1,2,2,2,1,2,1,1,1,1,3
8969459,4,1,1,3,1,2,1,2,1,2,2,2,2,1,2,2,1,1,3,3
8942558,4,1,2,2,3,2,3,2,4,1,2,1,2,1,2,2,1,1,1,3
8942557,4,1,1,2,3,2,3,2,1,2,2,1,2,2,2,3,1,1,1,3
8946425,4,1,1,2,1,2,3,2,1,2,2,2,2,2,2,2,1,1,1,3
9924401,4,1,1,3,1,2,4,2,1,1,2,2,2,1,2,2,1,1,3,3
9897479,4,1,1,2,4,2,4,2,1,2,1,2,2,1,2,3,1,1,1,3
9898437,4,1,1,3,1,2,4,2,1,1,2,1,2,2,2,1,1,1,1,3
9904291,4,1,1,3,1,2,4,2,1,1,2,2,2,2,2,2,1,1,3,3
8984765,4,1,1,3,1,2,3,2,1,2,3,2,2,1,2,1,1,1,1,3
9898436,4,1,1,3,1,2,4,2,1,1,2,1,2,1,2,2,1,1,3,3
8998615,4,1,1,2,4,2,3,2,1,2,1,1,2,1,2,2,1,1,3,3
9897477,4,1,1,2,4,2,4,2,1,1,2,2,2,2,2,2,1,1,1,3
9905570,4,1,1,3,1,2,4,2,3,2,2,2,2,2,2,2,1,1,1,3
9083892,4,1,1,3,2,2,3,2,2,1,2,2,2,2,2,2,1,1,1,3
9937173,4,1,1,2,1,1,3,1,1,1,2,2,2,1,2,2,1,1,1,3
9012117,4,1,1,2,1,2,3,2,1,2,3,2,2,1,2,1,1,1,1,3
9904288,4,1,1,2,3,2,4,2,1,1,2,2,2,2,2,2,1,1,2,3
8989488,4,1,3,2,1,2,3,1,4,2,2,2,2,1,2,2,1,1,1,3
9908813,4,2,2,3,4,2,4,2,4,2,1,2,2,1,2,2,1,1,1,3
8969192,4,2,1,2,3,2,2,2,1,2,2,2,2,2,2,2,1,1,1,3
9897476,4,2,1,2,1,2,4,2,3,2,2,2,2,1,2,2,1,1,1,3
9057129,4,2,1,2,1,2,3,1,1,2,2,2,2,2,2,2,1,2,1,3
9025137,4,2,1,3,1,2,4,1,1,2,2,2,2,1,2,3,1,1,1,3
9897813,4,2,1,2,4,2,4,1,1,2,1,2,2,1,2,2,1,1,1,3
9897474,4,2,3,2,4,2,4,1,4,2,1,2,2,1,2,2,1,1,1,3
9934896,4,1,2,3,1,2,4,2,4,1,2,2,2,2,2,2,1,1,1,3
9906290,4,1,1,3,1,2,4,2,2,1,3,2,2,2,2,2,1,1,1,3
9906288,4,1,1,3,1,2,4,2,1,1,2,2,2,2,2,2,1,2,2,3
8952224,4,1,1,2,2,2,1,2,1,1,2,2,2,1,2,2,1,1,1,3
8980146,4,1,1,2,1,2,3,2,1,1,2,2,2,1,2,2,4,1,1,3
8963142,4,1,1,2,3,2,3,2,1,1,3,2,2,2,2,2,1,1,1,3
9167083,4,1,1,2,3,2,1,2,1,1,2,2,2,1,2,2,1,1,3,3
9935113,4,1,1,3,1,2,4,2,1,1,2,2,2,1,2,2,2,1,2,3
9897473,4,1,1,2,4,2,4,2,1,1,1,1,2,1,2,2,1,2,3,3
8979701,4,1,1,2,3,2,3,2,1,1,2,2,2,2,2,3,1,1,1,3
8980048,4,1,1,2,1,2,2,2,1,2,2,2,2,2,2,2,1,1,1,3
8947472,4,1,2,3,1,2,3,2,4,1,2,2,2,1,2,2,1,1,3,3
9927644,4,1,1,3,3,2,4,2,4,1,2,2,2,2,2,2,1,2,1,3
8991045,4,1,1,2,1,2,4,2,1,1,2,2,2,2,2,3,1,2,2,3
9899940,4,1,1,3,4,2,4,1,1,1,1,1,2,1,2,1,1,1,1,3
9899939,4,1,1,3,1,2,4,1,1,2,3,2,2,1,2,2,1,1,1,3
9934889,4,1,1,2,4,2,4,1,3,2,1,2,2,1,2,2,2,1,1,3
9899938,4,1,1,3,1,2,4,1,1,2,2,2,2,2,2,2,1,2,1,3
9904282,4,1,2,2,4,2,2,1,4,2,1,1,2,2,2,2,1,1,1,3
9904283,4,1,2,2,4,2,2,1,4,2,1,1,2,2,2,2,1,1,1,3
8948698,4,1,1,2,1,2,2,1,1,2,2,2,2,1,2,2,1,1,1,3
9904280,4,1,3,2,3,2,2,1,2,2,2,1,2,2,2,2,1,1,3,3
9908801,4,1,2,3,4,2,4,1,4,2,1,2,2,1,2,2,1,1,1,3
9897482,4,1,1,2,4,2,4,1,1,2,1,1,2,2,2,2,1,1,1,3
9897472,4,2,1,2,3,2,4,2,1,1,2,2,2,2,2,2,1,1,1,3
9922147,4,2,1,3,4,2,3,2,1,1,1,2,2,1,2,2,1,2,1,3
14704012,4,2,1,2,3,2,2,2,3,1,2,1,2,2,2,2,1,1,3,3
14783430,4,1,1,2,3,2,3,2,1,1,2,1,2,2,2,2,1,1,3,3
14768936,4,1,1,2,3,2,3,2,1,1,2,2,2,2,2,2,1,1,1,3
14783429,4,1,1,3,3,2,3,2,2,2,2,2,2,1,2,3,1,1,1,3
14704007,4,1,1,2,1,2,2,1,1,2,2,1,2,2,2,2,1,1,1,3
14845100,4,1,1,2,3,2,2,1,1,2,2,1,2,1,2,1,2,1,1,3
14656771,4,1,1,2,4,2,4,1,1,2,1,2,2,2,2,2,1,1,1,3
14866755,4,1,1,3,1,2,3,1,1,2,3,2,2,1,2,2,1,1,2,3
14671065,4,1,2,3,3,2,2,2,4,1,2,2,2,1,2,2,1,1,3,3
14680990,4,1,2,3,1,2,3,2,4,1,2,2,2,2,2,1,1,1,1,3
14688060,4,1,1,3,3,2,3,2,1,1,2,2,2,1,2,1,1,1,2,3
14655766,4,1,1,2,1,2,4,2,1,1,2,1,2,1,2,2,1,1,2,3
14768904,4,1,1,2,1,2,3,2,1,1,2,2,2,1,2,2,1,2,1,3
14927483,4,1,1,3,1,2,4,2,1,1,2,2,2,1,2,2,2,2,1,2
14795621,4,1,1,3,3,2,2,2,1,1,2,1,2,2,2,2,1,1,1,3
14755697,4,1,1,3,3,2,2,2,1,1,2,2,2,1,2,2,1,1,1,3
14791259,4,1,1,2,3,2,3,2,1,1,2,1,2,2,2,2,1,1,3,3
14748023,4,1,1,2,1,2,3,2,1,1,2,2,2,1,2,2,1,1,3,3
14704004,4,1,1,2,1,2,2,2,2,1,2,2,2,2,2,3,1,1,1,3
14730751,4,1,2,1,1,2,3,2,4,1,2,2,2,2,2,2,1,1,1,3
14710563,4,1,1,3,3,2,4,2,3,1,2,2,2,2,2,2,1,2,3,3
14795617,4,1,1,3,4,2,2,2,1,1,1,1,2,2,2,1,1,1,1,3
14784778,4,2,1,2,4,2,4,2,1,1,1,2,2,1,2,2,1,1,1,3
14655765,4,2,1,2,1,2,4,2,1,1,2,2,2,2,2,2,1,1,1,3
14657590,4,2,1,2,1,2,3,2,4,2,2,2,2,2,2,1,1,1,1,3
14826819,4,2,1,3,1,2,4,1,1,2,2,2,2,2,2,2,1,1,2,3
14703998,4,2,1,2,3,2,2,2,1,1,2,2,2,1,2,1,1,1,3,3
14863501,4,1,1,2,1,2,3,2,1,1,2,2,2,1,2,2,1,1,2,3
14706142,4,1,1,3,3,2,1,2,1,1,2,2,2,2,2,3,1,1,2,3
14772753,4,1,1,3,3,2,3,2,1,1,2,1,2,1,2,3,1,2,3,3
14901218,4,1,3,3,1,2,2,2,4,1,2,2,1,2,2,2,1,1,3,3
14783421,4,1,2,3,1,2,3,2,3,1,2,1,2,2,2,2,1,1,2,3
14655763,4,1,2,2,1,2,4,2,3,1,2,2,2,2,2,2,1,1,1,3
14655762,4,1,2,2,1,2,4,2,3,1,2,2,2,2,2,2,1,1,2,3
14718810,4,1,2,3,1,2,2,2,4,1,3,2,2,1,2,2,1,1,1,3
14792041,4,1,1,2,1,2,2,2,2,1,2,2,2,2,2,3,1,1,1,3
14703996,4,1,1,2,1,2,4,2,1,1,2,1,2,1,2,2,1,1,3,2
14898633,4,1,1,2,1,2,4,2,1,1,2,2,2,1,2,2,1,1,1,3
14889228,4,1,1,3,1,2,4,2,1,1,2,2,2,2,2,2,1,1,3,3
14807810,4,1,1,3,1,2,2,2,1,1,2,2,2,1,2,3,1,1,2,3
14893115,4,1,1,2,3,2,4,2,1,1,2,2,2,1,2,2,2,1,3,3
14657581,4,1,1,2,1,2,3,2,1,1,2,1,2,1,2,1,1,1,2,3
14826815,4,1,3,3,1,2,4,2,4,1,2,2,1,2,2,2,1,1,1,3
14739751,4,1,2,2,1,2,4,2,4,1,3,2,2,2,2,2,1,1,1,3
14783418,4,1,2,3,3,2,2,2,4,1,2,1,2,2,2,3,1,1,3,3
14734567,4,1,2,2,1,2,2,2,3,1,3,2,2,1,2,2,1,1,1,3
14916678,4,1,2,3,3,2,4,2,4,1,2,2,2,2,2,2,1,1,1,3
14866697,4,1,1,3,1,2,3,2,1,1,2,2,2,2,2,2,1,1,1,3
14768779,4,1,1,2,1,2,3,2,1,1,3,2,2,2,2,2,1,1,1,3
14768777,4,1,1,2,3,2,3,1,1,1,2,2,2,1,2,2,1,1,1,3
14856766,4,1,1,3,1,2,4,2,1,1,3,2,2,2,2,3,1,1,1,3
14856767,4,1,1,3,1,2,4,2,1,1,2,2,2,2,2,3,1,1,1,3
14783414,4,1,1,3,3,2,3,2,1,1,2,2,2,1,2,2,1,1,1,3
14832766,4,1,1,3,2,2,3,2,1,1,2,2,2,1,2,2,1,1,1,3
14703995,4,1,1,2,3,2,2,2,1,1,2,1,2,2,2,1,1,1,1,3
14723735,4,1,1,2,3,2,3,2,1,1,2,2,2,2,2,2,1,1,1,3
14717549,4,1,1,2,1,2,2,2,1,1,2,2,2,1,2,2,1,1,1,3
14730063,4,1,2,3,4,2,4,2,4,1,1,1,2,2,2,2,4,1,3,3
14716471,4,1,2,3,1,2,3,2,4,1,2,2,2,1,2,3,1,1,1,3
14738064,4,1,1,2,3,2,3,2,4,1,2,2,2,2,2,3,1,1,3,3
14768735,4,1,1,2,3,2,3,2,1,1,2,2,2,2,2,2,1,1,3,3
14840794,4,1,1,3,3,2,4,2,1,1,2,2,2,2,2,2,1,1,3,3
14840793,4,1,1,3,4,2,4,2,1,1,1,2,2,2,2,2,1,2,1,3
14748825,4,1,1,3,1,2,4,2,1,1,3,2,2,1,2,2,1,1,2,3
14748824,4,1,1,3,3,2,4,2,1,1,2,2,2,1,2,2,1,1,2,3
14748823,4,1,1,3,1,2,4,2,1,1,3,2,2,1,2,3,1,1,1,3
14778335,4,1,1,2,1,2,2,2,1,1,2,2,2,1,2,2,1,1,1,3
14840792,4,1,1,3,1,2,4,2,1,1,2,2,2,2,2,2,1,1,1,3
14703994,4,1,1,2,3,2,2,2,1,1,2,1,2,2,2,2,1,1,2,3
14863461,4,2,2,2,1,2,3,1,4,1,2,2,2,1,2,1,1,1,1,3
14710557,4,2,1,3,1,2,4,1,1,2,2,1,2,2,2,3,1,1,1,3
14826804,4,2,1,3,1,2,4,1,1,2,2,2,2,2,2,2,1,2,1,3
14703991,4,2,1,2,4,2,4,1,2,2,1,1,2,2,2,2,1,1,1,2
14783426,4,2,1,2,3,2,3,1,4,2,2,1,2,1,2,2,1,1,3,3
14655758,4,2,1,2,3,2,4,1,1,2,2,2,2,1,2,2,1,1,1,3
14712853,4,2,1,3,1,2,4,1,1,2,2,2,2,2,2,1,1,1,2,3
14872279,4,2,1,2,4,1,4,1,1,2,1,2,2,2,2,2,2,1,1,3
14861662,4,2,1,2,4,2,4,1,1,2,1,2,2,2,2,2,2,2,1,3
14747750,4,1,2,3,1,2,2,2,4,1,2,2,2,2,2,2,1,1,3,3
14840790,4,1,1,3,4,2,4,2,4,1,1,2,1,1,1,2,1,1,1,3
14711876,4,1,1,3,3,2,4,2,1,1,2,2,2,2,2,2,1,1,1,3
14748814,4,1,1,3,1,2,4,2,1,1,2,2,2,1,2,3,1,1,1,3
14888580,4,1,1,2,1,2,3,2,4,1,2,1,2,1,2,1,1,1,2,3
14662232,4,1,2,3,1,2,4,2,4,1,2,2,2,1,2,2,1,1,1,3
14901162,4,1,2,3,2,2,2,2,4,1,2,2,2,1,2,2,1,1,1,3
14801124,4,1,2,3,1,2,3,2,4,1,3,2,2,2,2,2,1,1,1,3
14772648,4,1,1,2,5,2,4,2,1,1,2,2,2,2,2,1,1,1,3,3
14774126,4,1,1,3,4,2,2,1,1,1,1,1,2,1,2,1,1,1,1,2
14880861,4,1,1,3,1,2,3,1,1,2,2,2,2,2,2,2,1,1,1,3
14768676,4,1,1,2,1,2,1,2,1,1,2,2,2,1,2,2,1,1,1,3
14747701,4,1,1,3,1,2,3,2,1,1,3,2,2,2,2,2,1,1,1,3
14807761,4,1,1,3,1,2,4,2,1,1,2,2,2,2,2,1,1,1,1,3
14783408,4,1,1,3,1,2,2,2,1,1,2,1,2,1,2,2,1,1,3,3
14832743,4,1,1,2,1,2,3,2,1,1,2,2,2,1,2,2,1,1,3,3
14703983,4,1,1,3,1,2,4,2,1,1,2,2,2,2,2,2,1,1,2,3
14727030,4,1,1,3,1,2,4,2,1,1,2,1,2,2,2,2,1,2,1,3
14768623,4,1,3,2,2,2,3,2,4,1,2,1,2,2,2,2,1,1,1,3
14739716,4,1,2,3,5,2,4,2,3,1,1,1,2,2,2,2,1,1,1,3
14655252,4,1,1,2,1,2,3,2,4,1,3,2,2,2,2,3,1,2,1,3
14892647,4,1,1,2,2,2,2,2,1,1,2,2,2,2,2,1,1,1,1,3
14777179,4,1,1,3,3,2,2,2,1,1,2,2,2,1,2,2,1,1,3,3
14706423,4,1,1,3,1,2,4,2,1,1,2,1,2,2,2,1,2,2,1,3
14818283,4,1,1,3,1,2,3,2,1,1,2,2,2,2,2,1,1,2,1,3
14768610,4,1,1,3,2,2,1,2,1,1,2,2,2,1,2,2,1,1,1,3
14772635,4,1,1,2,3,2,4,2,1,1,2,2,2,2,2,2,1,1,3,3
14880855,4,1,1,3,1,2,3,2,1,1,2,2,2,2,2,2,1,1,1,3
14739710,4,1,3,2,3,2,4,2,4,1,2,2,2,2,2,2,1,2,3,3
14703979,4,1,3,3,1,2,4,2,4,1,2,2,2,2,2,2,1,1,1,3
14772493,4,1,2,2,3,2,3,2,4,1,2,2,2,1,2,2,1,1,3,3
14749976,4,1,1,3,2,2,1,2,4,1,2,2,2,2,2,2,3,1,1,3
14656768,4,1,1,2,4,2,4,1,4,2,1,1,2,2,2,2,1,1,1,3
14667863,4,1,1,2,2,2,1,2,1,2,2,2,2,1,2,2,1,1,1,3
14656767,4,1,1,2,4,2,4,1,1,2,1,2,2,2,2,3,1,1,1,3
14703975,4,1,3,3,3,2,4,1,3,2,2,2,2,2,2,1,1,1,3,3
14703984,4,2,2,3,3,2,4,2,4,1,2,2,2,2,2,2,1,1,1,3
14665964,4,2,1,3,4,2,2,2,1,1,1,2,2,2,2,2,1,1,1,3
14785205,4,2,3,2,4,2,4,2,3,1,1,2,2,1,2,3,1,1,1,3
14916639,4,1,2,3,1,2,4,2,3,1,2,2,2,2,2,2,1,2,1,3
14703972,4,1,2,2,3,2,2,2,2,1,2,2,2,2,2,2,1,1,2,3
14703971,4,1,1,3,4,2,4,2,4,1,1,2,2,2,2,2,1,2,1,3
14783404,4,1,1,3,3,2,3,2,3,1,2,1,2,2,2,2,1,1,1,3
14657550,4,1,1,2,3,2,3,1,1,1,2,2,2,2,2,2,1,1,2,3
14657549,4,1,1,2,3,2,3,2,1,1,2,2,2,1,2,1,1,2,1,3
14807734,4,1,1,2,1,2,3,2,1,1,2,2,2,2,2,2,1,1,2,3
14756370,4,1,1,2,1,1,4,2,1,1,2,2,2,1,2,2,1,1,3,3
14747547,4,1,1,2,3,2,1,2,1,1,2,2,2,1,2,2,1,1,3,3
14731570,4,1,2,3,3,2,4,2,4,1,2,2,2,2,2,3,1,1,3,3
14849860,4,1,1,3,3,2,4,2,4,1,2,2,2,2,2,2,1,1,1,3
14791222,4,1,1,2,2,2,3,2,4,1,2,2,2,2,2,2,1,1,1,3
14655755,4,1,1,2,1,2,4,2,1,1,2,2,2,2,2,3,1,1,1,3
14655756,4,1,1,2,1,2,4,2,1,1,3,2,2,2,2,3,1,1,1,3
14916633,4,1,3,3,4,2,4,2,4,1,1,2,1,1,2,2,1,1,2,3
14929687,4,1,2,2,3,2,1,2,4,1,2,2,2,1,2,2,1,1,1,3
14712851,4,1,1,2,1,2,4,2,4,1,2,2,2,2,2,3,1,1,1,3
14880847,4,1,1,3,3,2,3,2,4,1,2,2,2,2,2,2,1,1,3,3
14880846,4,1,1,3,1,2,3,2,4,1,2,2,2,2,2,2,1,1,1,3
14772632,4,1,1,2,1,2,4,2,1,1,2,1,2,2,2,2,1,1,3,3
14678441,4,1,1,3,5,2,4,2,1,1,1,1,2,1,2,1,1,1,1,3
14783398,4,1,1,3,1,2,3,2,1,1,2,1,2,1,2,1,1,1,1,3
14838159,4,1,1,3,1,2,4,2,1,2,2,2,1,2,2,3,1,1,2,3
14761967,4,1,1,2,2,2,3,1,1,1,2,2,2,2,2,1,1,1,2,3
14752136,4,1,1,3,1,2,1,2,1,2,2,2,2,1,2,2,1,1,1,3
14757618,4,1,1,2,4,2,1,2,1,2,1,2,2,2,2,2,1,1,3,3
14768460,4,1,2,2,2,2,3,1,4,2,2,2,2,1,2,2,1,1,1,3
14703964,4,1,1,3,1,2,4,2,4,1,2,2,2,2,2,2,1,1,2,3
14762174,4,1,1,2,3,2,4,2,1,1,2,2,2,2,2,2,1,1,3,3
14826783,4,1,2,3,1,2,4,2,4,1,2,2,2,2,2,1,1,1,1,3
14756456,4,1,2,3,3,2,4,2,4,1,2,2,2,2,2,2,1,1,2,3
14826782,4,1,2,3,1,2,4,2,3,1,3,2,2,2,2,2,1,1,1,3
14783395,4,1,2,3,3,2,3,2,3,1,2,1,2,1,2,2,1,1,1,3
14805664,4,1,2,2,3,2,4,2,3,1,2,2,2,1,2,2,1,1,3,3
14703963,4,1,1,2,1,2,2,2,4,1,2,2,2,2,2,2,1,1,1,3
14901098,4,1,1,2,1,2,2,2,2,1,2,2,2,2,2,2,1,1,1,3
14768428,4,1,1,2,3,2,3,2,1,1,2,2,2,2,2,2,1,2,2,3
14656766,4,1,1,2,1,2,4,2,1,1,2,1,2,1,2,2,1,1,2,3
14873608,4,1,1,2,2,2,3,1,1,2,2,2,2,2,2,1,3,1,2,3
14761957,4,1,1,2,1,2,3,1,1,2,2,2,2,2,2,2,1,1,1,3
14733545,4,1,1,2,1,2,1,2,1,2,2,2,2,2,2,2,1,1,1,3
14814257,4,1,3,3,4,2,2,2,4,1,1,2,2,1,2,2,1,1,1,2
14818273,4,2,1,3,1,2,3,2,4,1,2,2,2,2,2,2,1,1,1,3
14866536,4,2,1,3,3,2,3,2,2,1,2,2,2,2,2,2,1,2,1,3
14807704,4,2,1,2,1,2,3,2,1,1,2,1,2,1,2,2,1,1,1,3
14818280,4,2,1,3,4,2,3,2,1,1,1,2,2,2,2,2,1,1,1,3
14739674,4,2,3,3,3,2,4,2,4,1,2,2,1,1,2,2,2,1,2,3
14656765,4,2,1,2,1,2,4,2,4,1,2,2,2,2,2,2,1,1,1,3
14818267,4,2,1,3,1,2,3,2,4,1,3,1,2,2,2,1,1,1,1,3
14866526,4,2,1,3,3,2,3,2,1,1,2,2,2,2,2,1,1,1,1,3
14731553,4,2,3,3,1,2,4,2,3,1,3,2,2,1,2,2,1,1,1,3
14818274,4,1,2,3,3,2,3,2,4,1,2,2,2,2,2,2,1,1,1,3
14852338,4,1,2,3,3,2,4,2,3,1,2,2,1,1,1,2,1,1,1,3
14658261,4,1,2,2,1,2,3,2,4,1,2,2,2,1,2,3,1,1,2,3