Crash ID,Date,Day of Week,Time,Lane Count,Crash Type,Functional Class,Speed Limit,Environmental Conditions,Light Conditions,Surface Condition,Total Vehicles Involved,Curve Related,Alcohol Involved,Distracted Driving Involved,Drugged Driver Involved,Older Driver Involved,Temp Traffic Control Zone,Traffic Controls Present,Vehicle Type,Severity
14856729,4,1,1,3,1,2,4,2,3,1,2,2,2,2,2,3,1,1,1,3
14818265,4,1,1,3,1,2,3,2,2,1,3,2,2,2,2,1,1,1,1,3
14703959,4,1,1,2,1,2,2,2,4,1,2,2,2,2,2,2,1,1,3,3
14703958,4,1,1,2,1,2,4,2,1,1,2,2,2,2,2,2,1,1,2,3
14872098,4,1,1,2,1,2,3,2,1,1,2,2,2,2,2,1,1,1,2,3
14747353,4,1,1,2,1,2,1,2,1,1,2,2,2,2,2,2,1,1,1,3
14683861,4,1,1,2,1,2,1,2,1,1,2,2,2,1,2,2,1,1,1,3
14719246,4,1,1,2,1,2,4,2,1,1,2,2,2,1,2,3,1,1,2,3
14680705,4,1,1,3,1,2,3,2,3,1,2,2,2,2,2,1,1,1,2,3
14789222,4,1,1,2,1,2,3,2,4,1,2,1,2,1,2,2,1,1,1,3
14856117,4,1,1,2,5,2,4,2,1,2,2,2,2,2,2,2,2,1,3,3
14727010,4,1,1,3,3,2,4,2,1,1,2,2,2,2,2,3,1,1,1,3
14791961,3,1,2,2,1,2,2,1,4,2,2,2,2,2,2,2,1,1,2,3
14807682,3,1,2,2,1,2,3,1,4,2,2,2,2,1,2,3,1,1,1,3
14783390,3,1,2,3,3,2,3,1,4,2,2,2,2,1,2,2,1,1,1,3
14684950,3,1,1,3,3,2,1,1,4,2,2,2,2,2,2,2,1,1,1,3
14694631,3,1,1,3,1,2,3,1,1,2,2,2,2,2,2,2,1,1,1,3
14747296,3,1,1,3,1,2,2,1,1,2,2,2,2,2,2,2,1,1,1,3
14791204,3,1,1,1,1,2,3,1,1,2,2,2,2,1,2,2,1,1,1,3
14703953,3,1,1,3,3,2,4,2,1,1,2,2,2,2,2,2,1,1,1,3
14694285,3,1,2,2,1,2,2,1,3,2,2,2,2,1,2,3,3,1,1,3
14711864,3,1,1,3,1,2,4,1,4,2,2,2,2,2,2,1,1,1,1,3
14663889,3,1,1,2,2,2,1,1,4,2,2,2,2,1,2,3,1,1,1,3
14711865,3,1,1,3,1,2,4,1,4,2,2,2,2,2,2,2,1,1,1,3
14772627,3,1,1,2,3,2,4,2,1,1,2,2,2,2,2,2,1,1,3,3
14747252,3,1,1,2,3,2,3,1,1,2,2,2,2,1,2,2,1,1,1,3
14703949,3,1,2,3,3,2,4,2,4,1,2,2,2,2,2,2,1,1,3,3
14655747,3,1,2,2,1,2,4,2,4,1,2,2,2,2,2,3,1,1,2,3
14863360,3,1,2,2,1,2,2,2,4,1,2,2,2,2,2,1,1,1,1,3
14791952,3,1,2,3,3,2,2,2,4,1,2,2,2,1,2,1,1,1,1,3
14703948,3,1,1,3,3,2,4,2,4,1,2,2,2,2,2,2,1,1,3,3
14880821,3,1,1,3,2,2,3,2,1,1,2,2,2,2,2,2,1,1,2,3
14874974,3,1,1,2,5,2,4,2,1,1,2,2,2,2,2,2,1,1,3,3
14783388,3,1,1,3,1,2,3,2,1,1,2,2,2,1,2,2,1,1,1,3
14735906,3,1,1,2,3,2,1,2,1,1,2,2,2,1,2,2,1,1,1,3
14747214,3,1,1,3,2,2,1,2,1,1,2,2,2,1,2,2,1,1,1,3
14892533,3,1,1,2,3,2,2,2,1,1,2,2,2,2,2,2,1,1,2,3
14674868,3,2,1,2,1,2,4,2,1,1,2,2,2,1,2,2,1,1,1,3
14739649,3,2,1,3,4,2,4,2,1,1,1,2,2,2,2,2,1,1,1,3
14703945,3,2,1,3,1,2,4,2,1,1,2,2,2,2,2,3,1,1,2,3
14768280,3,2,2,2,3,2,1,2,4,1,2,2,2,1,2,3,1,1,1,3
14703944,3,2,1,3,4,2,4,2,1,1,1,2,2,2,2,2,1,1,1,3
14678432,3,2,1,3,1,2,4,2,4,1,2,1,2,2,2,2,1,1,3,3
14763896,3,2,1,2,3,2,1,2,1,1,2,2,2,1,2,2,1,1,3,3
14678429,3,1,2,3,1,2,4,2,3,2,2,2,2,2,2,2,1,1,1,3
14781078,3,1,2,3,3,2,1,2,2,2,2,2,2,2,2,2,1,1,3,3
14763215,3,1,1,1,1,2,1,2,3,2,2,2,2,1,2,2,1,1,1,3
14658251,3,1,1,2,4,2,3,2,1,1,1,2,2,1,2,2,1,1,1,3
14761921,3,1,1,2,3,2,3,1,1,1,2,2,2,2,2,1,1,1,1,3
14840765,3,1,1,3,1,2,4,2,1,1,3,2,2,2,2,2,1,1,2,3
14771109,3,1,2,2,3,2,3,2,4,1,2,2,2,2,2,2,1,1,1,3
14765686,3,1,1,2,3,2,2,2,4,1,2,2,2,1,2,2,1,1,3,3
14703943,3,1,1,3,1,2,4,2,1,1,2,2,2,2,2,3,1,1,1,3
14703942,3,1,1,3,1,2,4,2,1,1,3,2,2,2,2,2,1,1,2,3
14711967,3,1,1,3,1,2,4,2,1,1,2,2,2,2,2,2,1,1,2,3
14783432,3,1,1,3,2,2,2,2,1,1,2,2,2,2,2,2,1,1,1,3
14712664,3,1,1,1,2,2,1,2,1,1,2,2,2,2,2,1,1,1,1,3
14771096,3,1,1,2,1,2,3,2,1,1,2,2,2,1,2,2,1,1,1,3
14703941,3,1,1,2,3,2,2,2,1,1,2,1,2,2,2,2,1,1,3,3
14783385,3,1,1,3,3,2,3,2,1,1,2,1,2,2,2,2,1,1,1,3
14703940,3,1,1,2,3,2,2,2,1,1,2,2,2,2,2,2,1,1,1,3
14730908,3,1,2,3,1,2,4,2,3,1,2,2,2,1,2,3,1,1,1,3
14668039,3,1,1,2,1,2,2,2,2,1,2,2,2,1,2,2,1,1,1,3
14783382,3,1,1,3,3,2,3,2,1,1,2,1,2,2,2,1,1,1,1,3
14840760,3,1,1,3,1,2,4,2,1,1,2,2,2,2,2,2,1,1,1,3
14703935,3,1,1,3,3,2,4,2,4,1,2,2,2,2,2,2,1,1,1,3
14655746,3,1,1,2,1,2,4,2,1,1,2,1,2,2,2,2,1,1,1,3
14783381,3,1,1,3,3,2,3,2,1,1,2,1,2,2,2,1,1,1,1,3
14739623,3,1,1,2,3,2,4,2,1,1,2,2,2,2,2,2,1,1,3,3
14735895,3,1,1,2,2,2,1,2,1,1,2,2,2,1,2,2,1,1,3,3
14703933,3,1,1,2,3,2,2,2,1,2,2,2,2,2,2,2,1,1,1,3
14716389,3,2,2,3,5,2,3,2,4,1,1,2,2,2,2,2,1,1,1,3
14655745,3,2,1,2,5,2,4,1,1,1,1,2,2,2,2,2,1,1,1,3
14783379,3,2,1,3,3,2,3,2,1,2,2,1,2,2,2,1,1,2,1,3
14703931,3,2,1,3,1,2,4,2,1,1,2,2,2,2,2,2,1,1,1,3
14712848,3,2,1,2,3,2,4,2,2,1,2,2,2,2,2,2,1,1,3,3
14772617,3,2,3,2,2,2,4,1,4,2,2,2,2,2,2,2,1,1,1,3
14916587,3,2,2,3,3,2,4,1,4,2,2,1,2,2,2,2,1,1,1,3
14735894,3,2,2,2,2,2,1,1,4,2,2,2,2,2,2,2,1,1,1,3
14762276,3,2,1,3,3,2,1,2,2,1,2,2,2,2,2,2,1,1,1,3
14768223,3,2,1,2,1,2,1,2,1,1,2,2,2,1,2,2,1,1,1,3
14703926,3,2,1,3,3,2,4,2,1,1,2,2,2,2,2,2,1,1,2,3
14880079,3,2,1,2,1,2,2,2,1,1,2,2,2,1,2,2,1,1,1,3
14920686,3,2,3,3,3,2,4,2,4,1,2,2,2,2,2,2,1,1,3,3
14920302,3,1,2,3,3,2,3,2,4,1,2,2,2,2,2,2,1,1,1,3
14661058,3,1,1,2,4,2,1,2,1,1,1,2,2,1,2,2,1,1,3,3
14778271,3,1,1,3,3,2,3,2,1,1,3,2,2,1,2,2,1,2,3,3
14655743,3,1,1,2,1,2,4,2,1,1,2,2,2,2,2,2,1,1,1,3
14893923,3,1,1,3,1,2,3,2,1,1,2,2,2,2,2,2,1,1,3,3
14826740,3,1,1,3,3,2,4,2,1,1,2,2,2,2,2,1,1,1,2,3
14703922,3,1,1,3,1,2,4,2,1,1,2,2,2,2,2,2,1,1,3,3
14703921,3,1,1,3,1,2,4,2,1,1,2,2,2,2,2,2,1,1,3,3
14712846,3,1,1,2,1,2,4,2,1,1,2,2,2,2,2,2,1,1,1,3
14774035,3,1,2,2,3,2,3,2,4,1,2,2,2,2,2,2,1,1,2,3
14678202,3,1,2,3,4,2,3,2,4,1,1,2,1,2,2,2,1,1,1,3
14739608,3,1,2,3,1,2,4,2,4,1,2,2,2,2,2,2,1,1,1,3
14733437,3,1,2,2,2,2,1,2,4,1,2,2,2,2,2,3,1,1,1,3
14836002,3,1,1,2,5,2,2,2,1,1,1,2,2,1,2,1,1,1,1,3
14659488,3,1,1,2,3,2,3,2,1,1,2,2,2,2,2,1,1,1,3,3
14761881,3,1,1,3,4,2,1,2,1,1,1,2,2,2,2,2,1,2,3,3
14854172,3,1,1,3,3,2,4,2,1,1,2,2,2,2,2,2,2,1,3,3
14738033,3,1,1,2,1,2,3,2,1,1,2,2,2,1,2,2,1,1,1,3
14783377,3,1,1,3,3,2,3,2,1,1,2,1,2,1,2,2,1,1,1,3
14908942,3,1,1,2,2,1,1,2,1,1,2,2,2,1,2,1,1,1,3,3
14889153,3,1,1,3,3,2,4,2,1,1,2,2,2,1,2,2,1,1,3,3
14824495,3,1,1,3,3,2,2,2,1,1,2,2,2,1,2,1,1,1,1,3
14703918,3,1,1,3,3,2,4,2,1,1,2,1,2,2,2,2,1,1,1,3
14866367,3,1,1,3,3,2,3,2,1,1,2,2,2,1,2,1,1,1,1,3
14842385,3,1,1,3,1,2,4,2,1,1,2,1,2,2,2,2,1,1,1,3
14655740,3,1,3,2,1,2,4,2,4,2,2,2,2,2,2,2,1,1,1,3
14808150,3,1,2,3,1,2,4,2,3,1,2,2,2,2,2,2,1,1,1,3
14710518,3,1,1,3,1,2,4,2,1,1,2,2,2,2,2,2,1,1,2,3
14654061,3,1,1,2,3,1,3,2,1,1,2,2,2,1,2,2,1,1,1,3
14756357,3,1,1,2,1,1,4,2,1,1,2,2,2,2,2,2,1,1,1,3
14703917,3,1,1,3,3,2,4,2,1,1,2,2,2,2,2,2,1,1,2,3
14712844,3,1,1,3,3,2,4,2,1,1,3,2,2,2,2,2,1,1,2,2
14716372,3,1,1,2,2,2,3,2,1,1,2,2,2,2,2,3,1,1,1,3
14746875,3,1,1,2,2,2,1,1,1,2,2,2,2,1,2,1,1,1,2,3
14680609,3,1,1,3,4,2,3,1,1,2,1,2,2,1,2,2,1,1,3,3
14655742,3,1,1,2,1,2,4,2,1,1,2,1,2,1,2,2,1,1,1,3
14772610,3,1,1,2,3,2,4,1,1,2,2,2,2,2,2,2,1,1,3,3
14910858,3,1,2,3,1,2,4,2,4,1,2,2,2,2,2,3,1,1,1,3
14874948,3,1,1,2,1,2,4,2,4,1,2,2,2,1,2,3,1,1,1,3
14880788,3,1,1,3,1,2,3,2,4,1,2,2,2,2,2,3,1,1,1,3
14866351,3,1,1,2,1,2,2,1,1,1,2,2,2,1,2,3,2,1,1,3
14655739,3,1,1,2,4,2,4,2,1,1,1,2,2,2,2,2,1,1,1,3
14768138,3,1,1,2,2,2,1,2,1,1,2,1,2,2,2,2,1,1,2,3
14753562,3,1,1,2,4,2,2,2,1,1,1,2,2,1,2,1,4,1,1,3
14818251,3,1,1,3,1,2,3,2,1,1,3,2,2,2,2,2,1,2,2,2
14655738,3,1,1,2,3,2,4,2,1,1,3,2,2,1,2,2,1,1,1,3
14655737,3,1,1,2,1,2,4,2,1,1,2,2,2,2,2,2,1,1,1,3
14805638,3,1,1,2,3,2,4,2,1,1,2,2,2,2,2,2,1,1,3,3
14805639,3,1,1,2,1,2,4,2,1,1,3,2,2,2,2,2,1,1,1,3
14703913,3,2,1,3,3,2,4,2,4,1,2,2,2,2,2,2,1,1,1,3
14703915,3,2,1,3,1,2,4,2,4,1,2,2,2,2,2,2,1,2,1,3
14665892,3,2,1,2,1,2,4,2,1,1,2,2,2,1,2,2,1,1,1,3
14768105,3,2,3,2,1,2,3,2,4,1,2,2,2,1,2,2,1,1,1,3
14791907,3,2,3,2,1,2,2,2,3,1,2,2,1,1,2,2,1,1,1,3
14818229,3,2,1,3,3,2,3,2,1,1,2,2,2,2,2,2,1,2,1,3
14657853,3,2,1,2,1,2,3,2,1,1,2,2,2,1,2,2,1,2,1,3
14826727,3,2,1,3,3,2,4,2,1,1,2,2,2,2,2,1,1,1,3,3
14680588,3,2,1,3,1,2,3,2,1,1,2,2,2,1,2,1,1,1,1,3
14826729,3,2,1,3,1,2,4,2,1,1,2,2,2,2,2,2,1,1,1,3
14826725,3,2,1,3,3,2,3,2,1,1,2,2,2,2,2,1,1,1,1,3
14916571,3,2,1,3,1,2,4,2,1,1,2,2,2,1,2,2,1,1,1,3
14925090,3,1,2,3,3,2,4,2,4,1,2,2,2,1,2,2,1,1,1,3
14726966,3,1,2,3,1,2,4,2,3,1,2,2,2,2,2,2,1,1,1,3
14804363,3,1,2,3,2,2,2,2,4,1,2,2,2,1,2,2,1,1,1,3
14746794,3,1,2,3,1,2,3,2,3,1,3,2,2,1,2,2,1,1,2,3
14703909,3,1,1,2,1,2,4,2,4,1,2,2,2,1,2,2,1,1,1,3
14783372,3,1,1,3,3,2,3,2,4,1,2,2,2,2,2,2,1,1,1,3
14768083,3,1,1,2,2,2,2,2,2,1,2,2,2,1,2,2,1,1,1,3
14726961,3,1,1,3,1,2,4,2,1,1,3,2,2,2,2,2,1,1,3,3
14759758,3,1,1,3,1,2,4,2,1,1,2,2,2,1,2,2,1,1,3,3
14765669,3,1,1,2,1,2,1,2,1,1,2,2,2,2,2,2,3,1,1,3
14826742,3,1,2,3,1,2,4,2,4,1,2,2,2,2,2,2,1,1,1,3
14918295,3,1,1,3,1,2,4,2,4,1,2,1,2,1,2,2,1,1,1,3
14880774,3,1,1,3,3,2,3,2,4,1,2,2,2,2,2,1,1,2,1,3
14910465,3,1,1,2,1,2,2,2,4,1,2,2,2,1,2,2,1,1,1,3
14757693,3,1,1,3,1,2,4,2,1,1,2,2,2,2,2,3,2,1,1,3
14703908,3,1,1,2,1,2,4,2,1,1,2,1,2,1,2,2,1,1,1,3
14826720,3,1,1,3,1,2,4,2,1,1,2,2,2,2,2,3,2,1,1,3
14889140,3,1,1,3,1,2,4,2,1,1,2,2,2,2,2,2,1,1,1,3
14663882,3,1,1,2,1,2,1,2,1,1,2,2,2,1,2,1,1,1,1,3
14826717,3,1,1,3,1,2,4,2,1,1,2,2,2,2,2,2,1,1,2,3
14739584,3,1,1,3,3,2,4,2,1,1,2,1,2,2,2,2,1,1,3,3
14703907,3,1,1,3,3,2,4,2,1,1,2,2,2,2,2,1,1,1,3,3
14655735,3,1,3,2,4,2,4,2,3,1,1,1,2,2,2,2,1,1,1,3
14853846,3,1,2,3,3,2,4,2,4,1,2,2,2,2,2,2,1,1,3,3
14850025,3,1,2,3,3,2,4,2,3,2,2,2,2,2,2,2,1,1,3,3
14805632,3,1,2,2,4,2,4,1,4,2,1,1,2,1,2,2,1,1,1,3
14768063,3,1,1,2,3,2,2,1,4,2,2,2,2,2,2,2,1,2,1,3
14719146,3,1,1,2,1,2,2,1,1,1,2,2,2,1,2,2,1,1,1,3
14812738,3,1,1,3,3,2,3,1,1,2,2,2,2,1,2,1,1,1,3,3
14684922,3,1,1,3,1,2,1,1,1,2,2,2,2,2,2,1,1,1,2,3
14866302,3,1,1,3,1,2,3,1,1,2,2,2,2,2,2,3,1,1,2,3
14780330,3,1,1,3,3,2,1,2,1,1,2,1,2,1,2,2,1,1,3,3
14703903,3,1,1,3,3,2,4,1,1,2,2,2,2,1,2,2,1,1,3,3
14931022,3,1,2,3,1,1,4,2,3,1,2,2,2,1,2,2,1,1,3,3
14896007,3,1,2,3,1,2,4,2,3,1,2,2,2,2,2,1,1,1,3,3
14925087,3,1,3,3,3,2,4,2,3,1,2,2,2,2,2,2,1,1,3,3
14791875,3,1,1,2,1,2,3,2,4,1,3,2,2,1,2,3,1,1,1,3
14746678,3,1,1,3,2,2,1,2,1,1,2,2,2,2,2,1,3,1,1,3
14918290,3,1,1,3,1,2,4,2,1,1,2,2,2,2,2,3,2,1,1,3
14702919,3,1,1,2,1,2,1,2,1,1,2,2,2,2,2,1,1,1,1,3
14898391,3,1,1,2,1,2,4,2,1,1,2,2,2,2,2,2,1,1,1,3
14692271,3,1,1,3,2,2,3,2,1,1,2,2,2,1,2,1,3,1,1,3
14770909,3,1,1,2,1,2,3,2,1,1,2,2,2,1,2,1,1,1,1,3
14738019,3,2,2,3,4,2,2,2,4,1,1,2,2,1,2,2,1,1,1,3
14808147,3,2,1,3,1,2,4,2,2,1,3,2,2,2,2,2,1,1,1,3
14712843,3,2,1,2,3,2,4,2,1,1,2,1,2,2,2,2,1,1,2,3
14826112,3,2,1,3,1,2,4,2,1,1,2,2,2,2,2,1,1,1,1,3
14685459,3,2,1,3,4,2,4,2,1,1,1,2,2,1,2,2,1,1,1,3
14852314,3,2,2,3,1,2,4,2,3,1,2,2,2,2,2,2,1,1,1,3
14703891,3,2,2,2,3,2,2,2,4,1,2,1,2,2,2,2,1,1,1,3
14703890,3,2,1,3,1,2,4,2,1,1,2,2,2,2,2,2,1,1,1,3
14656758,3,2,1,2,4,2,4,2,1,1,1,1,2,2,2,3,1,1,1,3
14704450,3,2,3,2,4,2,2,2,4,1,1,1,1,1,2,2,1,2,1,3
14659425,3,1,2,2,4,1,4,2,2,1,1,2,2,2,2,2,1,1,1,3
14925085,3,1,2,2,1,2,4,2,4,1,2,1,2,2,2,2,1,1,1,3
14760517,3,1,2,2,1,1,4,2,3,1,3,2,2,2,2,1,1,1,1,3
14849806,3,1,2,3,1,2,4,2,4,1,2,2,2,1,2,2,1,1,1,3
14783369,3,1,1,3,3,2,3,2,1,1,2,1,2,1,2,2,1,1,1,3
14770870,3,1,1,2,2,2,3,2,1,1,2,2,2,1,2,2,1,1,1,3
14784149,3,1,1,3,3,2,3,2,1,1,2,2,2,1,2,2,1,1,3,3
14655731,3,1,1,2,3,2,4,2,1,1,2,2,2,2,2,1,1,1,2,3
14772182,3,1,1,2,3,2,1,2,1,1,2,2,2,1,2,2,1,1,3,3
14826705,3,1,1,3,4,2,4,2,1,1,1,2,2,1,2,2,2,1,1,3
14760656,3,1,3,2,4,2,3,2,4,1,1,2,2,2,2,2,1,1,1,3
14757692,3,1,3,3,3,2,4,2,4,1,2,2,2,2,2,2,1,1,3,3
14731508,3,1,1,3,1,2,4,2,1,1,2,2,2,2,2,2,1,1,1,3
14874935,3,1,1,2,5,2,4,2,1,1,1,2,2,2,2,1,1,1,1,3
14874933,3,1,1,2,5,2,4,2,1,1,1,2,2,2,2,2,1,2,1,3
14719238,3,1,1,2,3,2,4,2,1,1,2,2,2,2,2,2,4,1,2,3
14748733,3,1,1,3,1,2,4,2,1,1,3,2,2,1,2,2,1,1,3,2
14738022,3,1,3,2,1,2,3,2,3,1,3,2,2,2,2,2,1,1,1,3
14726937,3,1,2,3,1,2,4,2,4,1,2,2,2,2,2,2,1,1,1,3
14701016,3,1,2,3,1,2,4,2,3,1,2,2,1,2,2,2,1,1,1,3
14701015,3,1,2,3,1,2,4,2,3,1,2,2,2,2,2,2,1,3,1,3
14896004,3,1,2,3,1,2,4,2,3,1,3,1,2,2,2,2,1,1,3,3
14703882,3,1,1,3,1,2,4,2,1,1,2,2,2,2,2,2,1,1,1,3
14882562,3,1,1,3,1,2,4,2,1,1,3,2,2,1,2,1,1,1,2,3
14911833,3,1,1,3,4,2,4,2,1,1,1,2,2,1,2,2,1,1,1,3
14704205,3,1,1,2,5,2,3,2,1,1,2,2,2,2,2,1,1,1,3,3
14752014,3,1,1,2,2,2,2,2,1,1,2,2,2,1,2,2,1,1,1,3
14918283,3,1,1,3,4,2,4,2,1,1,1,2,2,1,2,2,1,1,1,3
14801391,3,1,1,2,3,2,4,2,1,1,2,2,2,2,2,2,1,1,3,3
14768007,3,1,1,2,1,2,3,2,1,1,2,2,2,1,2,1,1,1,1,3
14703880,3,1,1,2,1,2,2,2,1,1,3,2,2,2,2,2,1,1,1,3
14746508,3,1,1,2,1,2,3,2,1,1,2,2,2,1,2,2,1,1,1,3
14703881,3,1,1,2,1,2,4,2,2,1,2,2,2,2,2,2,1,1,1,3
14746497,3,1,1,2,3,2,1,2,1,1,2,2,2,1,2,2,1,1,3,3
14703879,3,1,1,3,3,2,4,2,1,1,2,2,2,2,2,2,1,1,3,3
14882553,3,1,1,3,1,2,4,2,1,1,2,2,2,1,2,2,1,1,1,3
14658218,3,1,1,2,2,2,3,2,1,1,2,2,2,2,2,2,2,1,1,3
14795098,3,1,1,2,1,2,2,2,1,1,2,1,2,1,2,2,1,2,3,3
14746483,3,1,1,2,3,2,1,2,1,1,2,2,2,1,2,2,1,1,1,3
14704448,3,1,1,2,1,2,2,2,1,1,2,1,2,1,2,1,1,1,1,3
14895813,3,1,3,3,4,2,4,2,4,1,1,2,2,1,2,2,1,1,1,3
14880742,3,1,1,3,1,2,3,2,4,1,3,2,2,2,2,2,1,1,2,3
14690409,3,1,1,2,1,2,3,2,1,1,2,2,2,1,2,2,1,1,2,3
14655729,3,1,1,2,1,2,3,2,1,1,3,2,2,2,2,2,1,1,2,3
14703878,3,1,1,3,3,2,4,2,1,1,2,2,2,1,2,2,1,1,3,3
14767971,3,1,1,2,2,2,2,2,1,1,2,2,2,2,2,2,1,1,2,3
14758806,3,1,1,2,1,2,3,2,1,1,2,2,2,2,2,2,2,2,1,3
14815546,3,1,1,2,1,2,3,2,1,1,2,2,2,2,2,2,1,1,3,3
14692267,3,1,1,3,1,2,3,2,1,1,2,2,2,1,2,2,1,1,2,3
14680460,3,1,1,2,1,2,2,2,1,1,3,2,2,1,2,3,1,1,1,3
14686040,3,1,1,2,1,2,3,2,1,1,3,2,2,2,2,2,3,1,1,3
14671432,3,1,1,3,3,2,3,2,1,1,2,2,2,2,2,2,1,1,1,3
14783365,3,2,2,3,1,2,3,1,4,2,2,2,2,2,2,2,1,1,2,3
14783366,3,2,1,3,3,2,3,1,1,2,2,2,2,1,2,2,1,2,1,3
14826690,3,2,1,3,1,2,4,2,1,1,2,2,2,2,2,2,1,1,1,3
14726933,3,2,1,3,1,2,4,1,2,2,2,2,2,2,2,2,1,1,1,3
14678409,3,2,1,3,5,2,4,2,1,1,1,2,2,2,2,2,1,1,1,3
14866218,3,2,1,3,1,2,3,2,1,1,2,2,2,1,2,2,1,1,1,3
14826688,3,2,1,3,1,2,4,2,1,1,2,2,2,2,2,3,1,1,1,3
14826687,3,2,1,3,1,2,4,2,1,1,3,2,2,2,2,3,1,1,1,3
14826686,3,2,1,3,3,2,4,2,1,1,2,2,2,2,2,2,1,1,1,3
14826689,3,2,1,3,1,2,4,2,1,1,3,2,2,2,2,2,1,1,1,3
14828280,3,2,3,2,4,2,2,2,3,1,1,1,2,1,2,2,4,1,1,3
14701013,3,2,2,3,1,2,4,2,3,1,2,2,2,2,2,2,1,1,3,3
14703876,3,2,2,3,3,2,4,2,2,1,2,2,2,2,2,2,1,1,1,3
14665850,3,2,1,2,1,2,4,2,1,1,3,2,2,1,2,3,1,2,1,3
14783362,3,2,1,3,3,2,3,2,1,1,2,1,2,1,2,3,1,1,1,3
14657518,3,2,1,2,1,2,3,2,1,1,2,2,2,1,2,1,1,1,1,3
14783364,3,1,2,2,1,2,3,2,4,1,3,1,2,1,2,2,1,1,3,3
14909783,3,1,2,3,4,2,3,2,4,1,1,2,2,1,2,2,1,1,3,3
14708562,3,1,2,2,4,2,2,2,4,1,1,2,2,1,2,1,1,1,1,3
14756341,3,1,2,2,1,1,4,2,4,1,2,2,2,1,2,2,1,1,1,3
14655728,3,1,1,2,3,2,4,2,1,1,2,2,2,2,2,2,1,1,1,3
14818209,3,1,1,3,4,2,3,2,1,1,1,2,1,1,2,2,1,1,1,3
14703874,3,1,1,3,1,2,4,2,1,1,3,2,2,2,2,1,1,1,1,3
14667677,3,1,1,3,2,2,1,2,1,1,2,2,2,2,2,2,1,1,1,3
14696084,3,1,1,2,1,2,2,2,1,1,2,2,2,1,2,2,1,1,1,3
14800925,3,1,1,3,2,2,3,2,1,1,2,2,2,1,2,2,1,1,1,3
14703873,3,1,1,2,1,2,2,2,1,1,2,2,2,2,2,2,1,1,1,3
14855779,3,1,2,2,1,2,2,1,4,2,2,2,2,1,2,3,1,1,2,3
14684907,3,1,1,3,3,2,1,1,2,2,2,2,2,2,2,2,1,1,1,3
14746358,3,1,1,2,1,2,3,1,4,2,2,2,2,2,2,2,1,1,2,3
14705900,3,1,1,3,3,2,3,1,1,2,2,2,2,2,2,2,1,1,1,3
14772598,3,1,1,2,4,2,4,1,1,2,1,2,2,2,2,2,1,1,1,3
14684906,3,1,1,3,1,2,1,1,1,2,2,2,2,1,2,1,1,1,1,3
14783361,3,1,1,3,3,2,3,1,2,2,2,2,2,2,2,2,1,1,1,3
14712841,3,1,1,2,3,2,4,2,4,1,2,2,2,2,2,2,1,1,1,3
14839494,3,1,2,2,1,2,1,2,1,1,2,2,2,1,2,1,1,1,2,3
14798930,3,1,1,2,3,2,1,2,2,1,2,1,2,2,2,2,1,1,1,3
14712658,3,1,1,2,1,2,1,2,1,1,2,2,2,1,2,1,1,1,1,3
14767857,3,1,1,2,1,2,2,2,1,1,2,2,2,1,2,2,1,1,1,3
14703867,3,1,1,3,3,2,4,2,1,1,2,2,2,2,2,2,1,1,1,3
14708535,3,1,1,3,3,2,1,2,1,1,2,2,2,2,2,2,2,1,1,3
14917169,3,1,1,2,3,2,1,2,1,1,2,1,2,2,2,2,1,1,3,3
14772596,3,1,1,2,3,2,4,2,1,1,2,1,2,2,2,1,1,1,3,3
14800915,3,1,1,3,1,2,3,2,1,1,3,2,2,2,2,2,1,1,1,3
14767847,3,1,3,2,1,2,2,2,4,1,2,2,2,1,2,2,1,1,1,3
14807484,3,1,1,3,1,2,4,2,1,1,2,2,2,2,2,1,1,1,1,3
14767838,3,1,1,2,1,2,1,2,1,1,2,2,2,1,2,2,1,1,1,3
14703864,3,1,1,3,3,2,4,2,1,1,2,2,2,2,2,1,1,1,1,3
14767832,3,1,1,3,3,2,1,2,1,1,2,2,2,2,2,2,1,1,1,3
14826677,3,1,1,3,5,2,4,2,1,1,1,2,2,2,2,2,1,1,1,3
14703863,3,1,1,3,4,2,4,2,1,1,1,2,2,1,2,2,1,1,1,3