Crash ID,Date,Day of Week,Time,Lane Count,Crash Type,Functional Class,Speed Limit,Environmental Conditions,Light Conditions,Surface Condition,Total Vehicles Involved,Curve Related,Alcohol Involved,Distracted Driving Involved,Drugged Driver Involved,Older Driver Involved,Temp Traffic Control Zone,Traffic Controls Present,Vehicle Type,Severity
14703861,3,1,1,2,1,2,2,2,1,1,2,2,2,2,2,2,1,1,3,3
14738005,3,1,1,3,1,2,2,2,1,1,2,2,2,2,2,2,1,1,1,3
14805616,3,1,1,2,3,2,4,2,1,1,2,1,2,1,2,2,1,1,1,3
14800909,3,1,2,3,1,2,3,2,4,1,3,2,2,1,2,3,1,1,1,3
14726924,3,1,1,3,1,2,4,2,1,1,2,2,2,1,2,2,1,2,2,3
14866161,3,1,1,3,1,2,3,2,1,1,2,2,2,1,2,3,2,1,1,3
14664029,3,1,1,3,3,2,3,1,2,1,2,1,2,2,2,2,1,1,1,3
14911823,3,1,1,3,3,2,4,2,1,1,2,2,2,1,2,1,2,1,1,3
14910830,3,1,1,3,1,2,4,2,1,1,2,2,2,1,2,2,1,1,1,3
14762166,3,1,1,2,5,2,4,2,1,1,2,2,2,2,2,2,1,1,2,2
14767801,3,1,3,2,3,2,3,2,4,1,2,2,2,2,2,2,1,1,1,3
14655726,3,1,3,2,3,2,4,2,4,1,2,1,2,1,2,2,1,1,1,3
14767784,3,2,1,3,1,2,3,2,1,1,2,2,2,1,2,2,1,1,1,3
14710486,3,2,1,3,3,2,4,2,1,1,2,2,2,2,2,2,1,2,1,2
14703858,3,2,1,3,1,2,4,2,1,1,2,2,2,2,2,2,1,1,2,3
14800902,3,2,1,3,1,2,3,2,1,1,3,2,2,2,2,2,1,1,1,3
14703857,3,2,1,3,1,2,4,2,1,1,3,2,2,2,2,1,1,1,2,3
14703855,3,2,1,3,1,2,4,2,1,1,2,2,2,2,2,2,1,1,3,3
14703859,3,2,2,2,1,2,4,2,4,1,3,2,2,2,2,3,1,1,1,3
14710485,3,2,2,3,3,2,4,2,2,1,2,2,2,2,2,2,1,1,2,3
14710482,3,2,1,3,1,2,4,2,1,1,2,2,2,2,2,2,1,1,3,3
14703854,3,2,1,2,3,2,2,1,1,1,2,2,2,2,2,2,1,1,1,3
14655725,3,2,1,2,4,2,4,1,1,2,1,1,2,2,2,1,1,1,1,2
14703853,3,2,3,2,4,2,2,1,1,2,1,1,2,2,2,2,1,1,1,3
14657504,3,1,2,2,1,2,3,2,4,1,2,1,2,1,2,2,1,2,1,3
14695083,3,1,2,2,3,2,3,2,4,1,2,2,2,1,2,1,1,1,2,3
14703850,3,1,2,3,1,2,4,2,4,1,2,2,2,2,2,2,1,1,1,3
14706383,3,1,1,3,1,2,4,2,1,1,2,2,2,1,2,2,1,1,2,3
14703847,3,1,1,2,1,2,2,2,1,1,2,2,2,2,2,2,1,1,3,3
14710475,3,1,1,3,1,2,4,2,1,1,2,1,2,2,2,1,1,1,1,3
14856606,3,1,1,3,3,2,4,1,1,2,2,2,2,2,2,1,1,1,3,3
14655724,3,1,1,2,3,2,4,2,1,2,2,2,2,2,2,1,1,1,1,3
14856605,3,1,1,3,3,2,4,1,1,2,2,2,2,2,2,2,1,2,3,3
14703846,3,1,1,3,1,2,4,2,2,1,2,2,2,2,2,2,1,1,1,3
14682783,3,1,2,3,1,2,4,2,4,1,3,2,2,2,2,2,1,1,1,3
14657502,3,1,2,2,2,2,3,2,4,1,2,1,2,1,2,2,1,1,1,3
14703843,3,1,2,3,3,2,4,2,1,1,2,2,2,2,2,2,1,1,3,3
14703842,3,1,1,3,1,2,4,2,1,1,3,2,2,1,2,2,1,1,3,3
14776716,3,1,1,2,5,2,1,2,1,1,2,2,2,2,2,1,1,1,1,3
14807459,3,1,1,2,3,1,3,1,1,1,2,2,2,2,2,1,1,1,1,3
14719234,3,1,1,2,1,2,3,2,1,1,3,2,2,1,2,2,1,1,1,3
14712839,3,1,2,3,3,2,4,2,2,1,2,2,2,2,2,2,1,1,3,3
14703021,3,1,2,3,1,2,4,2,2,1,3,2,2,2,2,2,1,1,2,3
14726911,3,1,1,3,1,2,4,2,1,1,2,2,2,2,2,2,1,1,1,3
14655721,3,1,1,2,4,2,4,2,1,1,1,2,2,2,2,2,1,1,1,3
14878217,3,1,1,2,3,2,2,2,1,1,2,1,2,1,2,2,1,1,1,3
14767685,3,1,1,2,1,2,2,2,1,1,2,2,2,1,2,2,1,1,1,3
14746136,3,1,1,3,2,2,1,2,1,1,2,2,2,2,2,2,3,1,1,3
14895804,3,1,3,3,4,2,4,2,3,1,1,2,2,1,2,2,1,1,3,3
14672906,3,1,3,2,5,2,1,2,4,1,1,2,2,1,2,2,3,1,3,3
14770770,3,1,3,2,1,2,3,2,4,1,3,2,2,2,2,2,1,1,1,3
14737997,3,1,2,2,3,2,3,2,4,1,2,2,2,2,2,2,1,1,3,3
14657494,3,1,1,2,1,2,3,2,1,1,2,1,2,1,2,3,1,1,1,3
14859166,3,1,1,3,3,2,4,2,1,1,2,2,2,2,2,2,1,1,3,3
14910417,3,1,1,3,3,2,4,2,1,1,2,1,2,1,2,2,3,1,1,3
14735816,3,1,1,3,3,2,2,2,1,1,2,2,2,2,2,1,1,1,1,3
14710471,3,1,1,3,3,2,4,2,1,1,2,2,2,2,2,1,1,1,3,3
14849775,3,1,1,3,5,2,4,2,1,1,2,2,2,1,2,2,1,1,3,3
14792383,3,1,1,3,3,2,4,2,1,1,2,2,2,2,2,1,2,1,3,3
14746121,3,1,1,2,3,2,3,2,1,1,2,1,2,2,2,2,1,1,1,3
14704440,3,1,1,3,1,2,2,2,1,1,2,2,2,1,2,2,1,1,1,3
14807445,3,1,1,3,1,2,3,2,1,1,2,2,2,1,2,2,1,1,1,3
14856626,3,1,1,3,1,2,4,2,1,1,2,1,2,2,2,2,1,1,1,3
14856625,3,1,1,3,1,2,4,2,1,1,2,1,2,2,2,3,1,1,1,3
14726906,3,1,2,3,3,2,4,2,3,1,2,2,2,2,2,3,1,1,2,3
14657492,3,1,1,3,1,2,3,2,1,1,2,2,2,2,2,1,1,1,2,3
14659487,3,1,1,2,1,2,3,2,1,1,2,2,2,2,2,1,1,1,1,3
14826666,3,1,1,3,3,2,4,2,1,1,2,2,2,2,2,1,1,1,1,3
14703834,3,1,1,2,1,2,2,1,1,1,2,2,2,2,2,2,1,1,1,3
14659486,3,1,1,2,1,2,3,2,1,1,3,2,2,2,2,2,1,1,1,3
14658829,3,1,3,2,1,2,2,2,4,1,2,2,2,2,2,2,1,1,1,3
14703833,3,2,2,3,1,2,4,2,2,1,3,2,2,2,2,2,1,1,1,3
14657485,3,2,1,2,1,2,3,2,1,1,2,1,2,1,2,2,1,1,1,3
14809622,3,2,1,2,3,1,4,2,1,1,2,2,2,1,2,1,1,1,2,3
14703832,3,2,1,3,3,2,4,2,1,1,2,2,2,2,2,2,1,1,3,3
14815482,3,2,1,3,4,2,2,2,1,1,1,2,2,1,2,2,1,1,3,3
14737995,3,2,3,2,1,2,3,2,4,1,2,2,2,2,2,2,1,1,2,3
14880709,3,1,2,3,1,2,3,2,4,1,3,2,2,2,2,2,1,1,1,3
14655718,3,1,1,2,1,2,4,2,1,1,2,2,2,2,2,2,1,1,2,3
14826661,3,1,1,3,1,2,4,2,1,1,2,2,2,2,2,1,1,1,1,3
14719232,3,1,1,2,1,2,3,2,1,1,3,2,2,2,2,2,1,1,2,3
14708491,3,1,1,2,4,2,2,2,1,1,1,2,2,1,2,2,1,1,1,3
14798915,3,1,3,2,2,2,1,2,4,1,2,2,2,2,2,2,1,1,3,3
14880707,3,1,2,3,1,2,3,2,4,1,2,2,2,2,2,2,1,1,1,3
14763765,3,1,2,3,1,2,1,2,4,1,2,2,2,1,2,2,1,1,3,3
14849355,3,1,1,2,3,2,3,1,1,2,2,2,2,2,2,2,1,1,1,3
14892273,3,1,1,2,3,2,2,1,1,2,2,2,2,2,2,3,1,2,1,3
14896263,3,1,1,2,1,2,3,2,1,1,2,2,2,1,2,2,1,1,1,3
14745999,3,1,1,2,1,2,3,2,1,1,2,2,2,2,2,2,1,1,1,3
14826660,3,1,1,3,1,2,3,2,1,1,2,2,2,2,2,2,1,1,1,3
14772496,3,1,1,2,3,2,3,2,1,1,2,2,2,1,2,2,1,1,2,3
14657476,3,1,2,2,1,2,3,2,4,1,2,2,2,1,2,2,1,1,1,3
14703827,3,1,1,3,3,2,4,2,1,1,2,2,2,2,2,2,1,2,2,3
14817519,3,1,1,2,2,2,2,2,1,1,2,2,2,2,2,2,1,1,1,3
14859157,3,1,1,2,1,2,4,2,1,1,2,2,2,1,2,3,1,1,1,3
14753435,3,1,1,2,3,2,3,2,1,1,2,2,2,1,2,1,2,1,3,3
14703825,3,1,1,3,1,2,4,2,1,1,2,2,2,2,2,2,1,1,2,3
14703824,3,1,1,3,1,2,4,2,2,1,2,2,2,2,2,1,1,1,1,2
14767596,3,1,2,2,1,2,2,2,4,1,2,2,2,1,2,2,1,1,1,3
14895979,3,1,2,3,3,2,4,2,3,1,2,2,2,2,2,2,1,1,3,3
14657472,3,1,2,2,1,2,3,2,4,1,2,2,2,1,2,2,1,1,1,3
14782977,3,1,1,2,4,1,3,2,1,1,1,1,2,2,2,2,1,2,3,3
14719231,3,1,1,2,4,2,4,2,1,1,1,2,1,1,1,2,1,1,1,3
14892260,3,1,1,2,1,2,2,2,1,1,2,2,2,1,2,1,1,1,1,3
14857841,3,1,1,2,1,2,2,2,1,1,2,2,2,1,2,2,1,1,1,3
14712652,3,1,1,2,2,2,1,2,1,1,2,2,2,1,2,1,1,1,1,3
14735796,3,1,1,2,3,2,1,2,1,1,2,2,2,2,2,2,1,1,1,3
14708466,3,1,1,3,3,2,2,2,1,1,2,2,2,2,2,2,1,1,3,3
14745944,3,1,1,3,3,2,2,2,1,1,2,2,2,2,2,1,1,1,3,3
14657469,3,1,2,2,1,2,3,2,4,1,2,1,2,1,2,2,1,1,1,3
14782429,3,1,2,3,1,2,4,2,3,1,2,2,2,2,2,2,1,1,3,2
14754302,3,1,1,2,1,2,3,2,1,1,3,2,2,1,2,1,1,1,2,3
14791094,3,1,1,2,5,2,3,2,1,1,1,2,2,2,2,2,1,1,1,3
14832476,3,1,1,2,3,2,3,2,1,1,2,2,2,1,2,2,1,1,3,3
14767565,3,1,1,2,1,2,1,2,1,1,2,2,2,2,2,2,1,1,1,3
14655716,3,1,1,2,3,2,4,2,1,1,2,2,2,1,2,1,1,1,1,3
14858699,3,1,1,3,1,2,4,2,1,1,3,2,2,1,2,1,1,1,2,3
14704435,3,1,1,1,3,2,2,2,1,1,2,2,2,1,2,2,1,1,3,3
14659482,3,1,1,2,4,2,3,2,1,1,1,1,2,1,2,2,1,1,1,2
14772577,3,1,1,2,3,2,4,2,1,1,2,2,2,2,2,2,1,1,3,3
14767562,3,1,1,2,1,2,1,2,1,1,2,2,2,2,2,2,1,1,3,3
14731152,3,2,1,3,3,2,4,2,1,1,2,2,2,2,2,2,1,1,1,3
14656752,3,2,1,2,4,2,4,1,1,2,1,2,2,2,2,2,1,1,1,3
14655715,3,2,1,2,3,2,4,1,1,2,2,2,2,2,2,2,1,1,3,3
14703819,3,2,1,3,1,2,4,2,1,1,3,2,2,2,2,2,1,1,1,3
14655714,3,2,1,2,4,2,4,1,1,2,1,2,2,2,2,2,1,1,1,3
14656751,3,2,1,2,4,2,4,1,1,2,1,2,2,2,2,2,1,1,1,3
14656750,3,2,3,2,3,2,4,1,3,2,2,2,2,2,2,2,1,1,1,3
14703817,3,2,2,2,4,2,2,1,4,2,1,1,2,2,2,2,1,1,1,3
14836422,3,2,2,3,3,2,4,1,3,2,2,2,2,2,2,1,1,1,1,3
14772575,3,2,1,2,1,2,4,1,1,2,2,2,2,2,2,2,1,1,1,3
14703816,3,2,1,2,4,2,2,1,1,2,1,1,2,2,2,2,1,1,1,3
14656749,3,2,1,2,4,2,4,1,1,1,1,2,2,2,2,2,1,1,1,3
14703814,3,2,1,3,1,2,4,2,1,1,2,2,2,2,2,2,1,1,1,2
14808135,3,2,1,3,1,2,4,1,1,1,2,2,2,1,2,2,1,1,2,3
14715574,3,2,1,3,1,2,2,1,1,1,2,2,2,2,2,2,1,1,1,3
14712837,3,2,1,3,1,2,4,2,1,1,2,2,2,2,2,2,1,1,1,3
14703815,3,2,1,3,1,2,4,2,1,1,2,2,2,1,2,1,1,1,2,3
14712836,3,2,1,2,3,2,4,2,1,1,2,2,2,2,2,2,1,1,1,3
14915989,3,2,1,3,3,2,3,2,1,1,2,1,2,2,2,2,1,1,3,3
14914876,3,2,3,3,1,2,2,2,4,1,2,2,2,2,2,2,1,1,1,3
14656748,3,1,2,2,3,2,4,2,1,1,2,2,2,2,2,2,1,1,1,3
14815430,3,1,1,2,1,2,3,2,1,1,2,2,2,2,2,2,1,1,2,3
14703822,3,1,1,2,1,2,2,2,1,1,2,1,2,2,2,2,1,1,1,3
14681445,3,1,1,2,1,2,2,2,1,1,2,2,2,1,2,1,1,1,1,3
14726881,3,1,1,3,1,2,4,2,1,1,3,1,2,2,2,2,1,1,1,3
14767499,3,1,1,2,1,2,1,2,1,1,2,2,2,2,2,3,1,1,1,3
14892235,3,1,2,3,1,2,4,2,4,1,3,2,2,1,2,2,1,1,1,3
14703810,3,1,1,3,3,2,4,2,1,1,2,2,2,2,2,3,1,1,1,3
14761713,3,1,1,2,3,2,3,2,1,1,2,2,2,2,2,2,1,1,1,3
14772574,3,1,1,2,1,2,4,2,1,1,2,2,2,2,2,1,1,1,3,3
14872804,3,1,1,3,2,2,3,2,1,1,2,2,2,2,2,1,1,2,1,3
14745822,3,1,3,2,2,2,1,2,4,1,2,2,2,2,2,2,1,2,1,3
14818184,3,1,3,3,4,2,3,2,3,1,1,2,2,1,2,2,1,1,1,2
14892230,3,1,2,3,2,2,4,2,4,1,3,2,2,1,2,1,1,1,1,3
14819806,3,1,1,2,1,2,4,2,1,1,2,2,2,2,2,2,1,1,1,3
14926961,3,1,1,3,1,2,4,2,1,1,2,2,2,2,2,1,1,1,2,2
14666122,3,1,1,3,3,2,2,2,1,1,2,2,2,1,2,1,1,1,3,3
14880686,3,1,1,3,1,2,3,2,1,1,2,2,2,1,2,2,1,1,2,3
14880685,3,1,1,3,1,2,3,2,1,1,3,2,2,1,2,2,1,1,2,3
14726060,3,1,1,2,1,2,1,2,1,1,2,2,2,1,2,3,1,1,2,3
14678394,3,1,1,3,1,2,4,2,1,1,2,2,2,2,2,2,1,1,1,3
14703809,3,1,1,3,3,2,4,2,1,1,2,1,2,1,2,2,1,2,1,3
14826644,3,1,2,3,1,2,3,2,4,1,2,2,2,2,2,2,1,1,1,3
14907290,3,1,2,3,3,1,2,2,3,1,2,2,2,2,2,2,1,1,3,3
14731070,3,1,2,3,1,2,1,2,1,1,2,2,2,1,2,2,1,1,1,3
14700876,3,1,1,2,2,2,4,2,1,1,3,2,2,1,2,1,1,1,2,3
14842818,3,1,1,2,1,2,2,2,1,1,2,2,2,1,2,1,2,1,1,3
14748675,3,1,1,3,1,2,4,2,1,1,2,2,2,1,2,2,1,1,1,3
14745787,3,1,1,2,3,2,1,2,1,1,2,2,2,1,2,2,1,1,1,3
14805604,3,1,3,2,1,2,4,1,2,2,2,2,2,2,2,2,1,1,3,3
14657443,3,1,2,2,1,2,3,2,4,1,2,1,2,1,2,2,1,1,1,3
14763153,3,1,1,3,1,2,3,2,1,1,2,2,2,2,2,2,1,1,1,3
14899028,3,1,1,3,1,2,4,2,1,1,2,2,2,2,2,2,1,1,1,3
14655023,3,1,1,3,1,2,2,2,1,1,2,2,2,1,2,2,1,1,1,3
14849345,3,1,1,3,3,2,2,2,1,1,2,2,2,2,2,2,1,1,1,3
14772587,3,1,1,2,3,2,4,2,1,1,2,2,2,2,2,2,1,1,3,3
14824103,3,1,1,3,1,2,3,2,2,1,2,2,2,1,2,2,1,1,1,3
14657440,3,2,1,2,1,2,3,1,1,1,2,1,2,1,2,2,1,1,1,3
14726874,3,2,1,3,3,2,4,2,1,1,2,2,2,2,2,2,1,1,1,3
14703803,3,2,1,2,3,2,2,2,3,1,2,2,2,2,2,1,1,1,2,3
14772491,3,2,3,2,4,2,3,2,4,2,1,2,1,1,2,2,1,1,1,3
14914787,3,1,1,3,3,2,2,1,1,2,2,1,2,2,2,1,1,1,1,3
14931628,3,1,1,2,3,1,3,1,1,2,2,1,2,1,2,2,1,1,3,3
14826634,3,1,3,3,1,2,4,1,4,2,2,2,2,2,2,2,1,1,1,3
14680209,3,1,2,3,3,2,3,1,4,2,2,2,2,1,2,2,1,1,3,3
14655707,3,1,2,2,4,2,4,1,4,2,1,2,2,2,2,3,1,3,1,3
14930729,3,1,2,3,1,2,4,2,2,1,3,2,2,2,2,1,1,2,1,3
14761688,3,1,1,2,4,2,1,1,1,1,1,2,2,1,2,2,1,1,3,3
14703796,3,1,1,2,1,2,2,1,1,2,2,2,2,2,2,2,1,1,2,3
14655705,3,1,2,2,4,2,4,1,3,2,1,1,2,1,2,2,1,1,3,3
14840233,3,1,1,3,3,2,2,2,1,1,2,2,2,1,2,2,1,2,1,3
14703795,3,1,1,3,1,2,4,2,1,1,3,2,2,2,2,2,1,1,1,3
14780181,3,1,1,3,3,2,1,2,1,1,2,2,2,1,2,2,1,2,1,3
14706363,3,1,1,3,4,2,4,1,1,2,1,1,2,2,2,3,1,1,1,3
14800848,3,1,1,3,1,2,3,2,1,1,2,2,2,2,2,2,1,1,2,3
14727505,3,1,1,3,3,2,2,2,1,1,2,2,2,2,2,2,2,1,1,3
14933354,3,1,1,3,1,2,4,2,1,1,2,2,2,1,2,2,1,1,1,3
14880667,3,1,2,3,3,2,3,2,2,1,2,2,2,2,2,2,1,1,2,3
14703793,3,1,2,3,1,2,4,2,1,1,2,2,2,2,2,2,1,1,2,3
14892174,3,1,1,3,3,2,4,2,1,1,2,2,2,2,2,2,1,1,1,3
14800846,3,1,1,3,1,2,3,2,1,1,3,2,2,1,2,3,1,1,2,3
14658180,3,1,1,2,4,2,3,2,1,1,1,2,2,1,2,2,1,1,1,3
14807355,3,1,1,3,1,2,4,2,1,1,2,2,2,2,2,2,1,1,1,3
14767268,3,1,1,2,1,2,1,2,1,1,2,2,2,1,2,2,1,1,1,3
14767265,3,1,1,2,1,2,3,2,1,1,2,2,2,1,2,3,1,1,1,3
14863035,3,1,1,2,1,2,2,1,1,2,2,2,2,2,2,1,1,1,1,3
14680185,3,1,2,3,3,2,3,2,4,1,2,2,2,2,2,2,1,1,3,3
14710449,3,1,2,3,4,2,4,2,4,1,1,2,2,2,2,2,1,1,1,3
14918237,3,1,2,3,3,2,4,2,3,1,2,2,2,1,2,3,1,1,1,3
14711839,3,1,1,3,1,2,4,2,1,1,2,2,2,2,2,2,1,1,1,3
14770631,3,1,1,2,1,2,2,2,1,1,2,1,2,1,2,2,1,1,3,3
14756320,3,1,1,2,3,1,4,2,1,1,2,2,2,1,2,2,1,1,3,3
14895443,3,1,1,2,1,1,3,2,1,1,2,2,2,1,2,3,1,1,1,3
14710447,3,1,1,3,1,2,4,2,1,1,2,2,2,2,2,2,1,1,1,3
14840686,3,1,1,3,1,2,4,2,1,1,2,2,2,1,2,2,1,1,1,3
14826633,3,2,2,3,3,2,4,2,4,1,2,2,2,1,2,2,1,1,1,3
14710445,3,2,2,3,1,2,4,2,4,1,2,2,2,2,2,2,1,1,1,3
14745572,3,2,2,3,3,2,3,2,3,1,2,1,2,2,2,2,1,1,1,3
14818159,3,2,2,3,3,2,3,2,2,1,2,2,2,1,2,2,1,1,1,3
14655704,3,2,1,2,4,2,4,2,1,1,1,1,2,2,2,2,1,1,1,3
14770622,3,2,1,2,1,2,3,2,1,1,2,2,2,1,2,3,1,1,1,3
14933352,3,2,1,3,3,2,4,2,1,1,2,2,2,2,2,2,1,1,1,3
14931181,3,2,2,3,3,1,4,2,4,1,2,2,2,2,2,2,1,1,3,3
14826631,3,2,1,3,1,2,4,2,1,1,3,2,2,2,2,2,1,1,1,3
14685288,3,2,1,3,1,2,4,2,1,1,2,1,2,2,2,2,1,1,1,3
14726878,3,2,1,3,1,2,4,2,1,1,2,2,2,1,2,3,1,1,1,3
14845471,3,2,3,3,3,2,4,2,3,1,3,2,2,2,2,2,1,1,1,3
14910797,3,1,2,3,1,2,4,2,4,1,2,2,2,2,2,2,1,1,1,3
14690365,3,1,1,2,1,2,3,2,1,1,2,2,2,2,2,2,1,1,1,3
14904178,3,1,1,3,1,2,3,2,1,1,2,2,2,1,2,3,1,1,1,3
14654990,3,1,1,2,3,2,4,2,1,1,2,2,2,1,2,1,1,1,1,3
14767217,3,1,1,2,1,2,3,2,1,1,2,2,2,2,2,2,1,1,1,3
14748920,3,1,1,3,1,2,4,2,1,1,2,2,2,1,2,2,1,1,1,3
14826630,3,1,1,3,1,2,4,2,1,1,2,2,2,2,2,1,1,1,1,3
14893919,3,1,1,3,1,2,3,2,1,1,3,2,2,1,2,2,1,1,1,3
14706360,3,1,1,3,1,2,4,2,1,1,2,1,2,2,2,2,1,1,1,3
14733124,3,1,1,2,3,2,1,2,1,1,2,2,2,1,2,2,1,1,3,3
14908891,3,1,1,2,5,2,2,2,1,1,1,1,2,2,2,2,1,1,3,3
14772490,3,1,2,2,3,2,3,2,4,1,2,2,2,1,2,2,1,1,1,3
14805290,3,1,2,3,3,2,4,2,3,1,2,2,2,2,2,1,1,2,3,3
14767210,3,1,2,3,1,2,3,2,4,1,2,2,2,2,2,2,1,1,1,3
14911795,3,1,2,3,4,2,4,2,4,1,1,2,1,1,2,2,1,1,1,3
14880657,3,1,2,3,1,2,3,2,1,1,2,2,2,2,2,2,1,1,1,3
14690363,3,1,1,2,1,2,3,2,1,1,2,2,2,1,2,3,1,1,1,3
14706356,3,1,1,3,1,2,4,2,1,1,2,2,2,1,2,3,1,1,1,3
14929191,3,1,1,2,1,2,3,2,1,1,2,1,2,1,2,2,1,1,1,3
14745481,3,1,1,2,3,2,3,2,1,1,2,2,2,2,2,2,1,1,3,3
14656389,3,1,1,3,1,2,3,2,1,1,2,2,2,2,2,2,1,1,1,3
14703783,3,1,2,3,1,2,4,2,1,1,3,2,2,2,2,2,1,1,1,3
14690361,3,1,1,2,1,2,3,2,1,1,3,2,2,1,2,2,1,1,1,3
14733111,3,1,1,2,1,2,1,2,1,1,3,2,2,1,2,2,1,1,1,3
14658177,3,1,1,2,1,2,3,2,1,1,2,2,2,1,2,1,1,1,1,3
14933349,3,1,1,3,1,2,4,2,1,1,2,2,2,2,2,2,1,1,1,3
14773869,3,1,1,2,1,2,1,2,1,2,2,1,2,1,2,2,1,1,3,3
14805285,3,1,2,3,1,2,4,2,3,1,2,2,2,1,2,2,1,1,1,3
14708331,3,1,1,2,1,2,3,2,1,1,2,2,2,1,2,2,1,1,1,3
14861428,3,1,1,2,2,2,3,2,1,1,2,2,2,1,2,2,2,1,3,3
14797010,3,1,1,2,2,2,3,2,1,1,2,2,2,2,2,1,1,1,2,2
14770567,3,1,1,2,3,2,3,2,1,1,2,2,2,1,2,2,1,1,3,3
14840682,3,1,1,3,4,2,4,2,1,1,1,2,2,1,2,2,1,1,1,3
14756646,3,1,1,2,4,2,3,2,1,1,1,2,2,2,2,2,1,1,3,3
14703782,3,1,1,3,1,2,4,2,1,1,2,2,2,2,2,2,1,1,2,3
14745427,3,1,1,2,3,2,3,2,1,1,2,2,2,2,2,2,1,1,3,3
14655701,3,1,2,2,4,2,4,1,1,2,1,1,2,2,2,2,1,1,1,3
14703781,3,1,1,2,1,2,2,2,1,1,2,1,2,2,2,2,1,1,1,3
14726848,3,1,1,3,1,2,4,2,1,2,2,2,2,2,2,2,1,1,1,3
14807322,3,1,1,3,1,2,3,1,1,2,2,2,2,1,2,2,1,1,1,3
14655700,3,1,1,2,4,2,4,1,1,2,1,1,2,1,2,2,1,1,1,3
14844750,3,1,1,2,5,1,4,1,1,2,1,1,2,2,2,2,1,1,1,3
14678388,3,1,1,3,1,2,4,1,1,2,2,1,2,1,2,2,1,1,1,3
14745399,3,1,1,3,3,2,1,1,1,2,2,2,2,1,2,2,3,1,1,3
14826617,3,1,1,3,4,2,4,1,1,2,1,2,2,2,2,2,1,1,1,3
14844746,3,1,1,2,4,1,4,1,1,2,1,1,2,2,2,2,1,1,2,2
14703779,3,2,2,2,3,2,2,2,3,1,2,2,2,2,2,1,1,2,2,3
14657391,3,2,1,2,3,2,3,2,1,1,2,1,2,1,2,2,1,1,1,3
14758668,3,2,1,2,1,2,3,2,1,1,3,2,2,2,2,2,1,1,1,3
14726844,3,2,1,3,1,2,4,2,1,1,3,2,2,2,2,1,1,1,1,3
14658174,3,2,1,2,4,2,3,2,1,1,1,2,2,1,2,2,1,1,1,3
14865917,3,2,1,3,2,2,3,1,1,1,3,2,2,2,2,2,1,1,1,3
14807313,3,2,3,3,2,2,3,2,4,1,2,2,2,2,2,2,1,1,1,3
14719225,3,2,1,2,1,2,4,2,1,1,2,1,2,1,2,1,1,1,1,3
14709849,3,2,1,3,1,2,3,2,1,1,2,2,2,2,2,2,1,2,2,3
14862992,3,2,1,2,1,2,2,2,1,1,2,2,2,2,2,1,1,1,1,3
14656744,3,2,3,2,4,2,4,2,1,1,1,1,2,2,2,2,1,1,1,3
14726835,3,1,2,3,5,2,4,2,4,1,1,2,2,2,2,2,1,1,1,3
14892113,3,1,2,3,1,2,4,2,4,1,2,2,2,1,2,3,1,1,1,3
14782281,3,1,2,3,1,1,4,2,3,1,2,2,2,2,2,1,1,1,1,3
14880643,3,1,1,3,1,2,3,2,1,1,2,2,2,2,2,1,1,1,2,3
14880642,3,1,1,3,1,2,3,2,1,1,2,2,2,1,2,3,1,1,1,3
14657386,3,1,1,2,3,2,3,2,1,1,2,2,2,2,2,2,1,1,3,3
14680123,3,1,1,3,3,2,3,2,1,1,2,2,2,1,2,2,1,1,2,3
14900588,3,1,2,3,2,2,3,2,4,1,2,2,2,2,2,2,3,1,1,3
14801360,3,1,2,2,4,2,4,2,4,1,1,1,2,2,2,2,2,1,1,3
14710436,3,1,2,3,3,2,4,2,4,1,2,2,2,2,2,2,1,1,1,3
14831565,3,1,2,3,1,2,4,2,4,1,2,2,2,2,2,2,1,2,1,3
14682837,3,1,2,3,1,2,4,2,4,1,3,2,2,1,2,3,2,1,1,3
14800798,3,1,1,3,3,2,3,2,1,1,2,2,2,2,2,2,1,1,1,3
14893929,3,1,1,3,3,2,3,2,1,1,2,2,2,2,2,2,1,1,3,3
14931796,3,1,1,3,1,1,4,2,1,1,2,2,2,2,2,1,2,1,3,3
14805271,3,1,2,3,1,2,4,2,3,1,2,2,2,2,2,3,2,1,1,3