Crash ID,Date,Day of Week,Time,Lane Count,Crash Type,Functional Class,Speed Limit,Environmental Conditions,Light Conditions,Surface Condition,Total Vehicles Involved,Curve Related,Alcohol Involved,Distracted Driving Involved,Drugged Driver Involved,Older Driver Involved,Temp Traffic Control Zone,Traffic Controls Present,Vehicle Type,Severity
14748919,3,1,2,3,1,2,4,2,4,1,2,2,2,2,2,3,1,1,1,3
14807293,3,1,2,3,1,2,4,2,2,1,2,2,2,1,2,3,1,1,1,3
14817414,3,1,1,3,1,2,3,2,1,1,2,2,2,1,2,3,1,2,1,3
14652422,3,1,1,2,1,2,2,2,1,1,2,2,1,1,1,2,1,1,1,3
14817412,3,1,1,3,1,2,3,2,1,1,3,2,2,1,2,2,1,1,1,3
14763668,3,1,1,2,3,2,1,2,1,1,2,2,2,1,2,1,1,1,3,3
14659479,3,1,1,2,3,2,3,2,1,1,2,2,2,2,2,2,1,1,1,3
14826605,3,1,1,3,1,2,4,2,1,1,3,2,2,2,2,2,1,1,2,3
14655697,3,1,3,2,4,2,4,2,3,1,1,2,2,1,2,2,1,1,3,2
14892099,3,1,2,3,1,2,4,2,4,1,2,2,2,1,2,1,1,1,1,3
14657382,3,1,2,2,3,2,3,2,4,1,3,2,2,1,2,1,1,1,3,2
14783352,3,1,2,3,1,2,3,2,4,1,2,2,2,1,2,2,1,1,1,3
14772564,3,1,1,2,2,2,4,2,1,1,3,2,2,2,2,2,1,1,3,3
14892097,3,1,1,3,1,2,4,2,1,1,2,2,2,1,2,2,1,1,1,3
14759825,3,1,1,3,5,2,4,2,1,1,1,2,2,2,2,2,1,1,2,2
14817408,3,1,1,3,1,2,2,2,1,1,2,2,2,1,2,3,1,1,1,3
14849321,3,1,1,2,3,2,3,2,1,1,2,2,2,1,2,2,1,1,3,3
14772563,3,1,1,2,3,2,4,2,1,1,2,2,2,2,2,2,1,1,3,3
14918223,3,1,1,3,1,2,4,2,1,1,2,2,2,2,2,2,1,1,2,3
14761635,3,1,1,2,3,2,3,2,1,1,3,2,2,2,2,2,1,1,3,3
14929134,3,1,3,3,4,2,1,2,4,1,1,2,1,1,1,3,1,1,1,3
14745286,3,1,2,3,2,2,2,2,4,1,3,2,2,1,2,2,1,1,2,2
14772561,3,1,1,2,1,2,4,2,1,1,2,2,2,2,2,2,1,1,3,3
14703763,3,1,1,3,1,2,4,2,1,1,2,2,2,2,2,1,1,1,1,3
14772560,3,1,1,2,3,2,4,2,1,1,2,2,2,2,2,2,1,1,3,3
14882277,3,1,1,2,4,2,1,2,1,1,1,2,2,1,2,2,1,1,3,3
14853988,3,1,1,2,1,2,2,2,1,1,2,2,2,2,2,1,1,2,1,3
14692645,3,1,1,2,1,2,2,2,1,1,2,2,2,1,2,2,1,1,3,3
14826608,3,1,1,3,1,2,4,2,1,1,3,2,2,2,2,1,1,1,1,3
14708280,3,1,1,2,1,2,3,2,1,1,3,2,2,2,2,3,1,1,1,2
14818143,3,1,1,3,5,2,3,2,1,2,1,2,2,2,2,2,1,1,3,3
14767126,3,2,2,2,1,2,2,2,3,1,2,2,2,2,2,2,1,1,1,3
14791273,3,2,1,3,1,2,2,2,1,1,2,2,2,2,2,2,1,1,1,3
14705717,3,2,1,2,3,2,1,2,1,1,3,2,2,1,2,2,4,1,1,2
14838114,3,2,2,3,1,2,4,2,2,1,2,2,2,2,2,2,1,2,1,3
14765564,3,2,1,2,3,2,2,2,1,1,2,2,2,1,2,2,1,1,1,3
14766973,3,2,1,2,1,2,3,2,1,1,2,2,2,1,2,2,1,1,1,3
14930727,3,2,1,3,2,2,4,2,1,1,2,1,2,2,2,2,1,1,1,2
14892082,3,1,2,3,1,2,4,1,4,2,2,2,2,1,2,2,1,1,2,3
14907278,3,1,2,2,4,1,2,2,3,1,1,2,2,1,2,2,1,1,3,3
14907277,3,1,2,2,4,1,3,2,4,1,1,2,2,1,2,2,1,1,3,3
14745224,3,1,2,3,1,2,2,1,3,2,2,1,2,1,2,2,1,1,1,3
14783351,3,1,2,3,3,2,3,2,2,1,2,1,2,1,2,2,1,1,1,3
14703760,3,1,1,3,1,2,4,2,1,1,2,2,2,2,2,2,1,1,1,3
14655435,3,1,1,2,1,2,4,2,1,1,2,2,2,2,2,2,1,1,1,3
14655694,3,1,1,2,1,2,4,2,1,1,2,2,2,2,2,2,1,1,1,3
14809561,3,1,1,2,1,1,2,2,1,1,2,2,2,1,2,2,1,1,1,3
14653337,3,1,1,1,3,2,1,2,1,1,2,2,2,1,2,1,2,1,1,3
14783350,3,1,1,3,3,2,3,2,1,1,2,1,2,1,2,2,1,1,2,3
14910772,3,1,1,3,3,2,4,2,1,1,2,2,1,1,1,3,2,1,1,3
14837508,3,1,1,2,3,2,3,2,1,1,2,2,2,2,2,2,1,1,1,3
14805581,3,1,1,2,3,2,4,2,1,1,2,1,2,2,2,2,1,2,3,3
14859660,3,1,2,3,4,2,3,2,4,1,1,1,2,1,2,2,1,1,3,3
14766940,3,1,2,2,3,2,3,2,4,1,2,2,2,2,2,2,1,1,2,3
14685141,3,1,2,3,1,2,4,2,3,1,3,2,2,1,2,2,1,1,1,3
14856530,3,1,2,3,1,2,4,2,4,1,2,2,2,2,2,2,2,1,3,3
14791723,3,1,2,2,3,2,3,2,1,1,2,2,2,1,2,2,1,1,1,3
14766932,3,1,1,2,3,2,2,2,1,1,2,1,2,1,2,2,1,1,3,3
14905408,3,1,1,2,1,2,1,2,1,1,2,2,2,1,2,2,1,2,1,3
14772556,3,1,1,2,1,2,4,2,1,1,2,2,2,2,2,2,1,1,3,3
14836595,3,1,1,2,2,2,2,2,1,1,3,2,2,1,2,1,1,1,1,3
14800766,3,1,1,3,1,2,3,2,1,1,2,2,2,2,2,3,1,1,1,3
14772555,3,1,1,2,3,2,4,2,1,1,2,2,2,2,2,2,1,1,3,3
14791722,3,1,1,3,3,2,2,2,1,1,2,2,2,1,2,2,1,1,1,3
14717635,3,1,1,3,1,2,4,2,1,1,2,2,2,2,2,1,1,1,1,3
14865832,3,1,1,3,1,2,3,2,1,1,2,2,2,1,2,1,2,1,2,3
14773839,3,1,1,2,4,2,1,2,1,1,1,1,2,1,2,2,1,1,3,3
14751814,3,1,1,3,2,2,1,2,1,1,3,2,2,1,2,1,1,1,1,2
14745184,3,1,1,2,3,2,1,2,1,1,2,2,2,2,2,2,1,1,3,3
14704650,3,1,2,3,3,2,4,2,4,1,2,2,2,1,2,1,4,1,3,3
14782141,3,1,2,3,1,1,4,2,3,1,2,1,2,1,2,2,1,1,1,3
14783349,3,1,1,3,3,2,3,2,1,1,2,1,2,2,2,3,1,1,1,3
14696001,3,1,1,3,3,2,2,2,1,1,2,1,2,2,2,2,1,1,3,3
14662930,3,1,1,3,3,2,4,2,1,1,2,2,2,2,2,2,1,1,3,3
14823874,3,1,1,3,1,2,3,2,1,1,2,1,2,1,2,2,1,1,3,3
14681413,3,1,1,2,4,2,2,2,1,1,1,2,2,2,2,1,1,1,1,3
14800762,3,1,1,3,1,2,3,2,1,1,2,2,2,1,2,2,1,1,1,3
14933344,3,1,1,3,3,2,4,2,1,1,2,2,2,2,2,2,1,1,1,3
14759824,3,1,2,3,3,2,4,2,4,1,2,2,2,2,2,2,1,1,1,3
14703752,3,1,1,2,1,2,2,2,1,1,3,2,2,2,2,2,1,1,2,3
14710431,3,1,1,3,1,2,4,2,1,1,2,2,2,1,2,2,1,1,1,3
14863665,3,1,1,3,1,2,4,1,1,2,3,2,2,2,2,2,1,1,2,3
14792487,3,1,1,2,1,2,3,2,1,1,2,2,2,1,2,2,1,1,3,3
14826598,3,1,1,3,1,2,4,2,1,1,2,2,2,2,2,1,1,1,1,3
14708241,3,1,1,2,1,2,2,2,1,1,2,2,2,2,2,1,1,1,2,3
14880613,3,1,1,3,1,2,3,2,1,1,2,2,2,2,2,2,1,1,2,3
14659237,3,1,1,2,2,2,2,2,1,1,3,2,2,1,2,2,4,1,2,3
14745168,3,1,3,3,3,2,2,2,1,1,2,2,2,2,2,1,1,1,2,3
14657362,3,1,1,3,1,2,3,2,1,1,2,2,2,1,2,3,1,1,1,3
14799321,3,1,1,2,2,2,4,2,1,1,2,2,2,2,2,1,1,1,1,3
14761602,3,2,2,2,2,2,3,2,4,1,2,2,2,1,2,2,1,1,1,3
14861406,3,2,1,2,3,2,2,2,1,1,2,2,2,2,2,1,1,1,1,3
14666073,3,2,1,2,4,2,1,2,1,1,1,2,2,2,2,2,1,1,1,3
14653322,3,2,1,2,1,2,1,2,1,1,2,2,2,1,2,2,1,1,2,3
14655692,3,2,2,2,4,2,4,2,4,1,1,1,2,1,2,3,1,1,1,3
14667476,3,2,1,2,1,2,1,2,1,1,2,1,2,2,2,2,1,1,3,3
14745090,3,2,1,2,2,2,1,2,2,1,2,2,2,2,2,2,2,1,1,3
14807230,3,1,1,2,1,2,2,2,1,1,2,1,2,1,2,2,1,1,1,3
14856528,3,1,1,3,3,2,4,2,1,1,2,2,2,2,2,2,1,2,1,3
14703751,3,1,1,3,4,2,4,2,1,1,1,2,2,2,2,2,1,1,1,3
14745062,3,1,1,3,3,2,1,2,1,1,2,2,2,1,2,2,1,1,3,3
14703750,3,1,1,3,3,2,4,2,1,1,3,2,2,2,2,2,1,1,3,3
14766839,3,1,1,2,3,2,3,2,1,1,2,2,2,2,2,2,1,1,1,3
14766835,3,1,3,2,3,2,3,1,4,2,2,2,2,2,2,1,1,1,2,3
14889015,3,1,2,3,1,2,4,2,3,1,2,2,2,2,2,3,1,1,1,3
14752355,3,1,2,3,3,2,4,2,4,1,3,2,2,1,2,2,2,1,3,3
14933342,3,1,1,3,3,2,4,1,1,2,2,2,2,2,2,2,1,1,1,3
14798226,3,1,1,2,1,2,1,1,1,1,2,2,2,1,2,3,1,1,1,3
14735721,3,1,1,2,1,2,1,2,1,1,2,2,2,1,2,1,1,1,1,3
14791696,3,1,1,2,2,2,3,1,1,1,2,2,2,2,2,2,1,1,2,3
14735720,3,1,1,2,1,2,1,1,1,2,2,2,2,1,2,3,1,1,1,3
14662927,3,1,1,3,3,2,4,2,1,1,2,2,2,2,2,2,1,1,3,3
14910767,3,1,1,3,1,2,4,1,1,2,2,2,2,2,2,3,1,1,1,3
14910766,3,1,1,3,1,2,4,1,1,2,3,2,2,1,2,3,1,1,1,2
14711832,3,1,1,3,1,2,4,2,1,1,2,2,2,1,2,1,1,1,1,3
14737940,3,1,3,2,3,2,3,1,3,2,2,2,2,2,2,2,1,1,3,3
14690333,2,1,1,2,1,2,3,2,1,1,3,2,2,1,2,2,1,1,1,3
14655690,2,1,1,2,3,2,4,2,1,1,2,2,2,2,2,2,1,1,1,3
14863668,2,1,1,3,1,2,4,2,1,1,2,1,2,1,2,1,1,1,1,3
14703747,2,1,1,2,3,2,2,2,1,1,2,2,2,2,2,2,1,1,1,3
14830948,2,1,1,2,4,2,1,2,1,1,1,2,2,1,2,1,1,1,1,3
14703746,2,1,1,3,3,2,4,2,2,1,2,2,2,2,2,2,1,1,3,3
14780964,2,1,1,2,1,2,1,2,1,1,2,2,2,1,2,2,1,1,1,3
14660491,2,1,1,2,4,2,1,2,1,1,1,2,2,1,2,2,1,1,3,3
14655688,2,1,2,2,1,2,4,2,1,1,3,2,2,2,2,2,1,1,1,3
14766794,2,1,1,2,1,2,2,2,1,1,2,2,2,1,2,2,1,1,1,3
14826582,2,1,1,3,1,2,4,2,1,1,2,2,2,2,2,1,1,1,1,3
14919871,2,1,1,2,1,2,1,2,1,1,2,1,2,2,2,2,1,1,1,3
14655687,2,1,1,2,1,2,4,2,1,1,2,1,2,1,2,2,1,1,1,3
14703743,2,1,1,2,1,2,2,2,1,1,2,1,2,2,2,2,1,1,2,3
14721185,2,1,1,2,1,2,3,2,1,1,2,2,2,1,2,2,1,1,3,3
14670484,2,1,1,3,1,2,2,2,2,1,2,2,2,2,2,2,3,1,1,3
14712833,2,1,1,2,1,2,4,2,1,1,2,2,2,2,2,1,1,1,3,3
14818125,2,2,2,3,3,2,3,2,4,1,2,2,2,2,2,1,1,1,1,3
14914522,2,2,1,3,1,2,2,2,1,1,2,2,2,1,2,2,1,1,1,3
14666063,2,2,1,2,2,2,2,2,1,1,2,2,2,1,2,1,1,1,1,3
14655685,2,2,1,2,1,2,4,2,1,1,3,2,2,2,2,2,1,1,2,3
14657347,2,2,1,2,1,2,3,2,1,1,2,1,2,1,2,2,1,1,1,3
14712832,2,2,1,3,1,2,4,2,1,1,2,2,2,2,2,2,1,1,1,2
14703742,2,2,1,3,1,2,4,2,1,1,2,2,2,2,2,2,1,1,1,3
14655434,2,2,1,2,1,2,4,2,1,1,2,2,2,2,2,3,1,2,1,3
14679997,2,2,1,3,1,2,3,2,1,1,2,2,2,2,2,2,1,1,1,3
14826578,2,2,1,3,3,2,4,2,1,1,2,2,2,2,2,2,1,2,2,3
14892019,2,2,2,2,1,2,2,2,3,1,2,2,2,1,2,1,3,1,3,3
14770305,2,2,2,2,3,2,1,2,4,1,2,2,2,2,2,2,1,1,1,3
14657346,2,2,1,2,1,2,3,2,1,1,2,2,2,1,2,2,1,1,2,3
14710422,2,2,1,3,3,2,4,2,1,1,2,2,2,2,2,2,1,2,1,3
14703739,2,2,1,3,3,2,4,2,1,1,2,2,2,2,2,2,1,2,2,3
14731420,2,2,1,3,1,2,4,2,1,1,2,2,2,1,2,2,1,1,1,3
14783345,2,2,1,3,3,2,2,2,1,1,2,2,2,1,2,2,1,1,2,3
14712831,2,2,1,3,3,2,4,2,1,1,2,2,2,2,2,2,1,1,1,3
14874875,2,2,1,2,1,2,4,2,1,1,2,2,2,1,2,2,1,1,1,3
14770296,2,2,1,2,3,2,3,2,1,1,2,2,2,1,2,2,1,1,1,3
14773790,2,2,1,2,1,2,3,2,1,1,3,2,2,1,2,2,1,1,2,3
14703740,2,1,2,3,1,2,4,2,4,1,2,2,2,2,2,1,1,1,1,3
14685736,2,1,2,3,1,2,4,2,3,1,2,2,2,2,2,2,1,1,1,3
14799318,2,1,2,2,3,2,4,2,4,1,2,2,2,1,2,2,1,1,2,3
14657345,2,1,2,2,1,2,3,2,1,1,2,1,2,1,2,2,1,1,1,3
14812612,2,1,1,3,1,2,3,2,1,1,3,2,2,1,2,2,1,1,1,3
14931988,2,1,1,3,3,1,4,2,1,1,2,2,2,2,2,2,1,1,1,1
14761571,2,1,1,2,3,2,3,2,1,1,2,2,2,2,2,3,1,1,1,3
14729806,2,1,1,3,1,2,4,2,1,1,2,2,2,1,2,2,1,1,1,3
14678370,2,1,1,3,4,2,4,2,1,1,1,1,2,1,2,2,1,1,2,3
14865743,2,1,1,2,4,2,2,2,1,1,2,2,2,2,2,3,1,1,1,3
14656741,2,1,1,2,5,2,4,2,1,1,1,2,2,2,2,3,1,1,1,3
14805571,2,1,1,2,3,2,4,2,1,1,2,2,2,2,2,2,1,1,1,3
14805573,2,1,1,2,3,2,4,2,1,1,2,2,2,2,2,2,1,1,1,3
14770283,2,1,1,2,1,2,3,2,1,1,3,2,2,1,2,2,1,1,1,3
14657344,2,1,1,3,1,2,3,2,1,1,2,2,2,1,2,2,1,1,1,3
14670472,2,1,1,2,2,2,2,2,1,1,2,2,2,1,2,1,1,1,1,3
14702400,2,1,1,2,5,2,2,2,1,1,1,2,2,2,2,2,2,1,1,3
14805572,2,1,1,2,3,2,4,2,1,1,2,2,2,2,2,2,1,1,3,3
14703736,2,1,1,3,3,2,4,2,1,1,2,2,2,2,2,2,1,1,1,3
14880592,2,1,1,3,3,2,3,2,2,1,2,2,2,2,2,2,1,1,1,3
14928803,2,1,3,3,2,2,1,2,4,1,2,2,1,1,2,2,1,1,3,3
14685735,2,1,2,3,3,2,4,2,3,1,2,2,2,2,2,2,2,1,3,3
14726789,2,1,2,3,1,2,4,2,3,1,2,2,2,2,2,2,1,2,1,3
14889005,2,1,2,3,1,2,4,2,4,1,2,2,2,2,2,2,1,1,1,3
14712830,2,1,2,2,3,2,4,2,2,1,2,2,2,2,2,2,1,1,1,3
14761568,2,1,2,2,2,2,1,2,4,1,2,2,2,2,2,2,1,1,1,3
14657340,2,1,1,2,1,2,3,2,1,1,2,2,2,1,2,3,1,1,1,3
14656739,2,1,1,2,5,2,4,2,1,1,1,2,2,2,2,2,1,1,1,3
14840656,2,1,1,3,3,2,4,2,1,1,2,2,2,2,2,1,1,1,1,3
14783344,2,1,1,3,3,2,3,2,1,1,2,2,2,1,2,2,1,1,1,3
14920549,2,1,1,3,1,2,4,2,1,1,3,2,2,2,2,3,1,1,1,3
14725895,2,1,1,2,1,2,1,2,1,1,2,2,2,2,2,2,1,3,1,3
14835497,2,1,2,2,3,2,4,2,4,1,2,2,2,1,2,3,1,1,2,3
14694207,2,1,2,2,2,2,2,2,1,1,2,2,2,1,2,3,1,1,1,3
14796921,2,1,1,2,1,2,3,2,1,1,2,2,2,1,2,2,1,1,1,3
14657335,2,1,1,2,1,2,1,2,1,1,3,1,2,1,2,2,2,1,1,3
14901480,2,1,1,3,1,2,4,2,1,1,2,2,2,2,2,3,1,1,1,3
14678366,2,1,1,3,1,2,4,2,1,1,2,2,2,1,2,2,1,1,1,3
14703732,2,1,1,2,3,2,2,2,1,1,2,1,2,2,2,3,1,1,2,3
14852006,2,1,1,3,3,2,2,2,1,1,2,2,2,1,2,2,1,1,1,3
14877698,2,1,2,2,1,2,1,2,1,1,2,2,2,1,2,2,1,2,1,3
14703730,2,1,1,3,1,2,4,2,1,1,3,2,2,1,2,2,1,1,2,3
14711829,2,1,1,3,3,2,4,2,1,1,2,2,2,2,2,2,1,1,3,3
14660714,2,1,1,2,4,2,1,2,1,1,1,2,2,1,2,2,1,1,3,3
14931991,2,1,1,2,1,1,4,2,1,1,2,2,2,1,2,2,1,1,3,3
14816031,2,1,1,3,1,2,4,2,1,1,2,2,2,2,2,2,2,1,3,3
14825379,2,1,1,2,1,2,4,2,1,1,3,1,2,2,2,1,1,1,1,3
14787160,2,1,1,3,1,2,2,2,1,1,2,2,2,2,2,2,3,1,1,3
14805567,2,1,1,2,3,2,4,2,1,1,2,2,2,2,2,2,1,1,3,3
14710418,2,2,1,3,4,2,4,1,1,2,1,2,2,2,2,2,1,1,1,2
14783341,2,2,1,2,3,2,3,2,1,1,2,1,2,1,2,1,1,1,1,3
14655681,2,2,1,2,3,2,4,2,1,1,2,2,2,2,2,2,1,1,3,3
14770207,2,2,1,2,2,2,1,2,1,1,2,2,2,1,2,1,1,1,1,3
14770206,2,2,1,3,1,2,2,2,1,1,2,2,2,2,2,2,1,1,1,3
14655680,2,2,1,2,1,2,4,2,1,1,2,2,2,2,2,2,1,1,1,3
14739284,2,2,2,2,1,2,4,2,4,1,3,2,2,2,2,2,1,1,1,3
14655679,2,2,1,2,3,2,4,2,1,1,2,2,2,2,2,2,1,1,1,3
14807164,2,2,1,2,1,1,2,2,1,1,2,1,2,1,2,2,1,1,1,3
14770180,2,2,1,2,1,2,3,2,1,1,3,2,2,2,2,2,1,1,1,3
14762144,2,2,1,2,1,2,4,2,1,1,3,2,2,1,2,2,1,1,2,1
14782852,2,1,2,3,3,2,4,2,4,1,2,2,2,1,2,2,1,1,3,3
14930725,2,1,2,3,2,2,4,2,4,1,2,1,2,2,2,1,1,1,1,3
14685121,2,1,2,3,1,2,4,2,4,1,3,2,2,1,2,2,1,1,1,3
14807161,2,1,1,3,1,2,3,2,1,1,2,2,2,1,2,1,1,2,1,3
14679941,2,1,1,2,2,2,1,2,1,1,2,2,2,1,2,2,1,1,1,3
14770169,2,1,1,2,3,2,3,2,1,1,2,2,2,1,2,2,1,1,3,3
14783342,2,1,1,2,3,2,3,2,1,1,2,1,2,1,2,2,1,1,3,3
14783337,2,1,1,2,3,2,3,2,1,1,2,1,2,2,2,1,1,1,2,3
14754498,2,1,1,2,4,1,3,2,1,1,1,2,2,1,2,2,1,1,3,3
14893084,2,1,3,2,3,2,2,2,2,1,2,2,2,1,2,2,1,1,2,3
14679932,2,1,3,2,4,2,2,2,4,1,1,2,2,2,2,2,1,1,3,3
14703718,2,1,3,3,3,2,4,2,3,1,2,2,2,2,2,3,1,1,1,3
14914395,2,1,2,3,3,2,2,2,4,1,2,2,2,1,2,2,1,1,1,3
14655677,2,1,1,2,1,2,4,2,1,1,2,2,2,2,2,2,1,1,1,3
14679928,2,1,1,3,3,2,2,2,1,1,2,2,2,2,2,1,1,1,1,3
14710414,2,1,1,3,3,2,4,2,1,1,2,2,2,2,2,2,1,1,1,3
14729799,2,1,1,3,1,2,4,2,1,1,2,2,2,1,2,1,1,1,1,3
14849683,2,1,1,3,3,2,4,2,1,1,3,2,2,1,2,1,1,1,1,3
14657326,2,1,1,2,1,2,3,2,1,1,2,1,2,1,2,2,1,1,1,3
14712504,2,1,1,3,2,2,2,2,1,1,2,2,2,1,2,2,1,1,1,3
14850740,2,1,1,3,3,2,1,2,1,1,2,2,2,1,2,1,1,1,3,3
14708225,2,1,1,3,1,2,2,2,1,2,2,2,2,2,2,1,1,1,1,3
14763126,2,1,2,3,1,2,2,2,4,1,2,2,2,2,2,2,1,1,1,3
14825914,2,1,2,3,1,2,4,2,3,1,2,2,2,1,2,2,1,2,1,3
14739267,2,1,2,2,1,2,4,2,4,1,2,1,2,2,2,2,1,1,1,3
14849682,2,1,2,3,3,2,4,2,1,1,2,2,2,2,2,2,1,1,3,3
14807154,2,1,1,3,3,2,3,2,1,1,2,1,2,2,2,2,1,1,1,3
14798510,2,1,1,2,3,2,2,2,1,1,2,2,2,1,2,2,1,1,3,3
14930724,2,1,1,3,1,2,4,2,1,1,3,1,2,2,2,2,1,1,2,3
14708110,2,1,1,3,1,2,3,2,1,1,2,2,2,1,2,2,1,1,1,3
14731410,2,1,1,3,1,2,4,2,1,1,2,2,2,2,2,1,1,1,1,3
14725873,2,1,1,3,1,2,1,2,1,1,2,2,2,1,2,2,1,1,1,3
14874850,2,1,1,2,1,2,4,2,1,1,3,2,2,2,2,3,1,1,1,3
14744787,2,1,3,3,2,2,1,2,4,2,3,2,2,1,2,2,1,1,1,3
14683740,2,1,2,3,1,2,4,2,4,1,3,2,2,1,2,2,1,2,1,3
14737922,2,1,2,2,1,2,3,2,4,1,2,2,2,2,2,2,1,1,1,3
14783334,2,1,2,2,3,2,3,2,1,1,2,1,2,2,2,2,1,1,1,3
14790991,2,1,1,2,1,1,2,2,1,1,2,2,2,1,2,2,1,1,1,3
14761530,2,1,1,2,3,2,3,2,1,1,2,2,2,2,2,3,1,1,1,3
14766649,2,1,1,2,1,2,2,2,1,1,2,2,2,1,2,2,1,1,1,3
14800680,2,1,1,2,4,2,2,2,1,1,1,1,2,1,2,2,1,1,1,3
14726770,2,1,2,3,4,2,4,2,4,1,1,2,2,1,2,2,1,1,1,3
14687112,2,1,2,3,3,2,1,2,1,1,2,2,2,1,2,2,1,1,3,3
14880571,2,1,1,3,1,2,3,2,1,1,2,2,2,2,2,2,1,1,1,3
14853983,2,1,1,2,1,2,2,2,1,1,2,1,2,1,2,2,1,1,1,3
14703709,2,1,1,2,3,2,2,2,1,1,2,2,2,2,2,3,1,1,3,3
14731409,2,2,2,3,1,2,4,2,4,1,2,2,2,2,2,2,1,1,1,3
14655671,2,2,2,2,1,2,4,2,4,1,2,2,2,1,2,2,1,1,1,3
14726763,2,2,1,3,1,2,4,2,1,1,2,1,2,2,2,2,1,1,1,3
14726768,2,2,1,3,3,2,4,2,1,1,2,2,2,2,2,2,1,1,2,3
14770125,2,2,2,2,1,2,3,2,3,1,2,2,2,1,2,2,1,1,1,3
14732917,2,2,1,1,3,2,1,2,1,1,2,2,2,1,2,2,1,1,1,3
14692476,2,2,1,3,1,2,3,2,1,1,2,2,2,1,2,2,3,1,1,3
14826551,2,2,1,3,1,2,4,2,1,1,3,2,2,2,2,2,1,1,1,3
14773755,2,2,1,2,2,2,3,2,1,1,2,2,2,1,2,2,1,1,2,3
14931973,2,2,1,2,1,1,4,2,1,1,2,2,2,1,2,2,1,1,1,3
14712827,2,1,1,2,1,2,4,2,1,1,2,2,2,2,2,1,1,1,1,3
14726767,2,1,1,3,1,2,4,2,1,1,2,2,2,2,2,2,1,1,1,3
14788417,2,1,1,3,1,2,2,2,1,1,2,2,2,2,2,3,3,1,2,3
14788411,2,1,3,2,2,2,1,2,2,1,2,1,2,2,2,2,1,1,2,3
14880565,2,1,2,3,1,2,3,2,4,1,2,2,2,1,2,2,1,1,1,3
14765520,2,1,2,2,1,2,3,2,2,1,2,2,2,2,2,2,1,1,1,3
14685435,2,1,1,3,3,2,2,2,1,1,2,2,2,1,2,1,1,1,3,3
14930787,2,1,1,2,1,1,2,2,1,1,2,2,2,1,2,2,1,1,2,3
14737918,2,1,1,2,3,2,3,2,1,1,2,2,2,1,2,2,1,1,1,3
14662916,2,1,1,3,3,2,4,1,1,1,2,2,2,2,2,2,1,2,3,3
14679865,2,1,1,3,1,2,3,2,1,1,2,2,2,2,2,1,1,1,1,3
14852518,2,1,1,2,1,2,3,2,1,1,2,2,2,1,2,2,1,1,1,3
14703705,2,1,1,2,1,2,2,2,1,1,2,1,2,1,2,2,1,1,3,3
14703704,2,1,1,2,3,2,2,2,1,1,2,2,2,2,2,2,1,1,3,3
14726755,2,1,2,3,1,2,4,2,3,1,2,2,2,2,2,2,1,1,1,3
14933333,2,1,2,3,3,2,4,2,4,1,2,2,2,2,2,2,1,1,1,3
14866978,2,1,1,3,1,2,4,2,1,1,2,2,2,1,2,2,1,1,1,3
14690747,2,1,1,2,3,2,3,2,1,1,2,2,2,1,2,2,1,1,3,3
14662920,2,1,1,3,3,2,4,2,1,1,2,2,2,2,2,1,1,1,3,3
14874835,2,1,1,2,1,2,4,2,1,1,3,2,2,2,2,1,1,1,1,3
14712645,2,1,1,2,3,2,1,2,1,1,2,2,2,1,2,2,1,1,2,3
14773737,2,1,1,2,2,2,3,2,1,1,2,2,2,2,2,2,1,1,1,3
14918191,2,1,2,3,1,2,4,2,4,1,2,2,2,2,2,2,1,1,2,3
14737916,2,1,2,2,5,2,3,2,1,1,1,2,2,2,2,2,1,1,1,3
14737915,2,1,2,3,5,2,3,2,1,1,1,2,2,2,2,2,1,1,1,3
14703699,2,1,2,3,1,2,4,2,1,1,2,2,2,2,2,1,1,1,2,3
14773732,2,1,1,3,1,2,3,2,1,1,2,2,2,1,2,2,1,1,1,3
14654851,2,1,1,2,3,2,3,2,1,1,2,2,2,1,2,2,1,1,1,3
14909730,2,1,1,2,4,2,2,2,1,1,1,1,2,1,2,2,1,1,1,2
14786617,2,1,1,3,3,2,2,2,1,1,2,2,2,2,2,1,1,1,1,3
14800655,2,1,1,3,3,2,3,2,1,1,2,2,2,2,2,2,1,1,1,3