Crash ID,Date,Day of Week,Time,Lane Count,Crash Type,Functional Class,Speed Limit,Environmental Conditions,Light Conditions,Surface Condition,Total Vehicles Involved,Curve Related,Alcohol Involved,Distracted Driving Involved,Drugged Driver Involved,Older Driver Involved,Temp Traffic Control Zone,Traffic Controls Present,Vehicle Type,Severity
14743221,2,1,1,2,1,2,3,2,1,1,3,2,2,1,2,2,1,1,1,3
14772540,2,1,1,2,3,2,4,2,1,1,2,2,2,2,2,3,1,1,3,3
14911687,2,1,2,3,1,2,4,2,4,1,2,2,2,2,2,2,1,1,1,3
14764674,2,1,2,2,1,2,3,2,1,1,2,2,2,1,2,2,1,1,1,3
14784409,2,1,1,3,1,2,3,2,1,1,2,2,2,2,2,2,1,1,1,3
14844294,2,1,1,2,1,2,4,2,1,1,2,2,2,1,2,3,3,1,1,3
14773452,2,1,1,2,3,2,1,2,1,1,2,1,2,2,2,2,1,1,3,3
14743209,2,1,1,3,2,2,2,2,1,1,2,2,2,2,2,1,1,1,1,3
14694738,2,1,1,2,4,2,3,2,1,1,1,1,2,2,2,2,1,1,3,3
14666389,2,1,1,3,3,2,2,2,1,1,2,2,2,2,2,2,1,1,3,3
14877101,2,1,1,2,2,2,1,2,1,1,2,2,2,1,2,2,1,1,1,3
14743197,2,1,1,3,2,2,2,2,1,1,3,2,2,2,2,1,1,1,2,3
14703573,2,2,2,2,4,2,2,1,2,2,1,1,2,2,2,2,1,1,1,3
14921846,2,2,1,2,1,2,2,1,1,2,2,2,2,1,2,2,1,1,1,3
14703572,2,2,2,2,3,2,2,2,4,1,2,1,2,2,2,2,1,2,2,3
14764643,2,2,1,2,2,2,3,2,1,1,2,2,2,2,2,3,1,2,1,3
14810670,2,2,1,3,3,2,3,2,1,1,2,2,2,1,2,1,1,1,1,3
14826417,2,2,1,3,1,2,4,2,1,1,2,2,2,2,2,2,1,1,1,3
14766006,2,2,1,2,3,2,3,2,1,1,2,2,2,1,2,1,1,1,1,3
14731305,2,2,1,3,3,2,4,2,1,1,2,2,2,2,2,2,1,1,1,3
14764629,2,2,3,2,3,2,3,1,4,2,2,2,2,2,2,2,1,1,1,3
14901738,2,1,2,2,3,2,4,2,4,1,2,2,2,2,2,2,1,1,1,3
14703570,2,1,1,3,4,2,4,2,1,1,1,1,2,2,2,3,1,1,1,3
14791455,2,1,1,2,1,2,4,2,1,1,2,2,2,1,2,2,1,1,1,3
14703571,2,1,1,2,1,2,2,2,1,1,2,1,2,2,2,1,1,1,1,3
14732540,2,1,1,2,1,2,1,2,1,1,2,2,2,2,2,2,1,1,1,3
14838005,2,1,1,3,3,2,4,1,1,2,2,2,2,2,2,1,1,1,1,3
14664504,2,1,1,2,1,2,1,2,1,1,3,2,2,1,2,2,4,1,1,3
14713411,2,1,1,3,1,2,2,1,1,2,2,2,2,1,2,2,1,1,1,3
14913514,2,1,2,3,1,2,2,2,4,1,2,2,2,2,2,2,1,2,1,3
14904003,2,1,2,3,3,2,3,2,3,1,2,2,2,2,2,2,1,1,1,3
14812325,2,1,2,2,1,2,4,2,4,1,2,2,2,1,2,2,1,1,1,3
14854121,2,1,2,3,3,2,4,2,3,1,2,1,2,2,2,2,1,1,1,3
14757590,2,1,2,2,3,2,3,2,3,1,2,1,2,2,2,1,1,1,1,3
14765451,2,1,2,2,1,2,3,2,1,1,2,1,2,1,2,3,1,1,1,3
14810409,2,1,1,3,1,2,2,2,1,1,2,1,2,1,2,2,1,1,1,3
14911162,2,1,1,2,3,2,1,2,1,1,2,2,2,1,2,2,1,1,2,3
14737837,2,1,1,2,4,2,3,2,1,1,1,2,2,1,2,2,1,1,1,3
14654621,2,1,1,2,1,2,3,2,1,1,2,2,2,1,2,1,1,1,1,3
14709624,2,1,1,3,1,2,2,2,1,1,2,1,2,2,2,1,2,1,1,3
14851921,2,1,1,2,1,2,3,2,1,1,2,2,2,1,2,2,1,1,1,3
14840531,2,1,3,3,4,2,4,2,2,1,1,2,2,1,2,2,1,1,1,3
14864926,2,1,3,3,3,2,3,2,4,1,2,2,2,2,2,3,1,1,2,3
14705284,2,1,2,2,2,2,3,2,4,1,2,2,2,2,2,2,1,1,1,3
14726616,2,1,2,3,1,2,4,2,3,1,2,2,2,2,2,2,1,2,1,3
14674559,2,1,2,3,1,2,4,2,4,1,2,2,2,1,2,1,1,1,3,3
14785609,2,1,2,3,1,1,4,2,4,1,2,2,2,1,2,2,1,1,1,3
14862403,2,1,1,2,2,2,2,2,1,1,2,2,2,2,2,3,1,1,1,3
14801296,2,1,1,2,3,2,4,2,1,1,2,2,2,1,2,2,1,1,3,3
14828141,2,1,1,2,3,2,3,2,1,1,2,2,2,1,2,1,1,1,1,3
14801295,2,1,1,2,3,2,4,2,1,1,2,2,2,1,2,2,1,1,3,3
14697273,2,1,1,2,1,2,1,2,1,1,2,2,2,1,2,2,1,1,1,3
14726614,2,1,1,3,1,2,4,2,1,1,2,2,2,2,2,2,1,1,1,3
14910666,1,1,2,3,4,2,4,2,4,1,1,2,2,1,2,2,1,1,1,3
14710334,1,1,1,3,3,2,4,2,1,1,2,2,2,2,2,2,1,1,2,3
14786333,1,1,1,2,3,2,4,2,1,1,2,2,2,1,2,2,1,1,1,3
14712817,1,1,1,3,3,2,4,2,1,1,2,2,2,2,2,3,1,2,1,3
14791441,1,1,1,2,3,2,2,2,1,1,2,2,2,2,2,2,1,1,1,3
14893914,1,1,1,3,3,2,3,2,1,1,2,2,2,2,2,1,1,1,3,3
14759868,1,1,1,2,3,2,1,2,1,1,2,2,2,1,2,1,1,1,1,3
14814980,1,1,1,2,1,2,3,2,1,2,2,2,2,2,2,2,1,1,3,3
14826409,1,1,1,3,1,2,4,2,1,1,2,2,2,2,2,2,1,2,1,3
14933301,1,1,1,3,3,2,4,2,1,1,2,2,2,2,2,2,1,1,1,3
14933302,1,1,1,3,1,2,4,2,1,1,2,2,2,2,2,2,1,1,1,3
14764546,1,1,1,2,1,2,3,2,1,1,2,2,2,1,2,2,1,1,1,3
14655575,1,1,3,2,4,2,4,1,3,2,1,1,2,2,2,3,1,1,1,3
14800304,1,1,2,3,1,2,3,2,4,1,2,2,2,1,2,2,1,1,1,3
14655576,1,1,2,2,1,2,4,1,4,2,3,2,2,2,2,3,1,1,1,3
14655577,1,1,2,2,3,2,4,1,4,2,2,2,2,2,2,1,1,1,2,3
14655574,1,1,1,2,1,2,4,1,1,2,2,2,2,2,2,2,1,1,1,3
14726604,1,2,2,3,1,2,4,1,3,2,2,2,2,2,2,2,1,1,1,3
14765953,1,2,1,2,2,2,3,2,1,1,2,2,2,2,2,2,1,1,1,3
14826407,1,2,1,3,1,2,4,2,1,1,2,2,2,2,2,3,1,1,1,3
14656708,1,2,1,2,4,2,4,2,2,1,1,1,1,1,2,2,1,1,1,2
14719197,1,2,2,2,4,2,4,2,3,1,2,2,1,2,2,3,1,1,1,3
14844263,1,2,2,2,4,2,4,2,3,1,1,1,2,2,2,2,3,1,1,3
14783272,1,2,2,2,3,2,3,2,1,1,2,1,2,1,2,2,1,1,2,3
14703561,1,2,2,3,3,2,4,2,1,1,2,2,2,2,2,2,1,1,1,3
14659465,1,2,1,2,3,2,4,2,1,1,2,2,2,2,2,2,1,2,1,3
14810626,1,1,2,3,1,2,3,2,4,1,2,2,1,2,2,2,1,2,1,3
14655569,1,1,2,2,3,2,4,2,3,1,2,2,2,1,2,1,1,1,1,3
14810621,1,1,1,3,3,2,2,2,1,1,2,2,2,1,2,2,1,1,3,3
14656707,1,1,1,2,4,2,4,2,1,1,1,2,1,1,1,2,1,1,1,2
14732487,1,1,1,3,3,2,1,2,1,1,2,2,2,2,2,2,1,2,1,3
14814969,1,1,1,2,3,2,3,2,1,1,2,2,2,2,2,2,1,1,3,3
14674547,1,1,3,3,1,2,4,2,4,1,2,2,2,1,2,3,1,1,3,3
14765939,1,1,3,2,1,2,3,2,4,1,2,2,2,2,2,2,1,1,1,3
14796605,1,1,2,2,2,2,3,2,4,1,2,2,2,2,2,3,1,1,1,3
14864861,1,1,2,3,1,2,3,2,4,1,2,2,2,1,2,2,1,1,1,3
14732482,1,1,2,3,3,2,1,2,4,1,2,2,2,1,2,2,1,1,1,3
14775644,1,1,2,2,3,2,1,2,1,1,2,2,2,1,2,2,1,1,1,3
14783269,1,1,1,2,3,2,3,2,1,1,2,1,2,2,2,2,1,1,2,3
14712816,1,1,1,2,1,2,4,2,1,1,2,2,2,2,2,2,1,1,1,3
14670045,1,1,1,2,3,2,1,2,1,1,2,2,2,2,2,2,1,1,1,3
14729154,1,1,1,3,1,2,4,2,1,1,2,1,2,2,2,3,1,1,1,3
14703557,1,1,1,3,1,2,4,2,1,1,2,2,2,2,2,3,1,1,1,3
14847642,1,1,1,3,1,2,4,2,1,1,2,2,2,1,2,2,2,1,3,3
14800288,1,1,1,3,1,2,3,2,1,1,3,2,2,2,2,1,1,1,1,3
14814965,1,1,1,2,1,2,3,2,1,1,2,2,2,1,2,2,1,2,2,3
14716926,1,1,1,2,4,2,3,2,1,1,1,2,2,1,2,2,1,2,2,3
14862370,1,1,1,2,5,2,2,2,1,1,1,2,2,2,2,2,1,1,1,3
14761186,1,1,2,2,3,2,3,2,1,1,2,2,2,2,2,2,1,1,1,3
14703555,1,1,1,3,1,2,4,2,1,1,2,2,2,2,2,2,1,1,3,3
14717598,1,1,1,3,5,2,4,2,1,1,1,2,2,2,2,2,1,1,3,3
14872563,1,1,1,3,1,2,2,2,1,1,2,2,2,1,2,1,1,1,1,3
14926754,1,1,1,3,3,2,4,2,1,1,2,2,2,1,2,1,2,1,1,3
14665455,1,1,1,2,1,2,4,2,1,1,2,2,2,1,2,2,1,1,1,3
14858965,1,1,1,2,1,1,2,2,1,1,2,2,2,1,2,2,1,1,1,3
14906089,1,1,2,3,3,2,3,2,4,1,2,2,2,1,2,2,1,1,3,3
14928491,1,1,1,2,4,2,1,2,1,1,1,2,2,2,2,2,1,1,3,3
14717597,1,1,1,3,5,2,4,2,1,1,1,2,2,2,2,2,1,1,2,3
14773407,1,1,1,2,4,2,3,2,1,1,1,2,2,2,2,2,1,1,3,3
14777967,1,1,1,3,1,2,3,1,1,2,2,1,2,1,2,1,1,1,1,3
14712459,1,1,1,3,1,2,2,2,1,1,2,2,2,1,2,1,1,1,1,2
14791418,1,1,1,3,1,2,2,2,1,1,2,2,2,1,2,2,1,1,1,3
14679416,1,1,1,3,3,2,2,1,1,2,2,2,2,2,2,2,1,1,1,3
14918111,1,1,1,3,1,2,4,1,1,2,2,2,2,2,2,2,1,1,1,3
14880427,1,1,1,3,1,2,3,1,1,2,2,2,2,2,2,3,1,1,1,3
14772537,1,1,1,2,3,2,4,2,1,1,2,2,2,2,2,2,1,1,3,3
14800269,1,1,1,3,3,2,2,2,1,1,2,2,2,2,2,1,1,1,3,3
14681486,1,1,1,3,1,2,2,2,1,1,2,2,2,1,2,2,2,1,1,3
14681485,1,1,1,3,3,2,2,2,1,1,2,2,2,2,2,2,1,1,3,3
14756256,1,1,1,2,2,2,3,2,1,1,2,2,2,2,2,2,1,1,3,3
14799263,1,1,1,2,1,2,4,2,1,1,3,2,2,1,2,3,1,1,1,3
14764420,1,1,1,2,1,2,3,2,1,1,2,1,2,1,2,2,1,1,1,2
14661126,1,2,2,3,3,2,4,2,4,1,2,2,2,2,2,2,1,1,3,3
14661128,1,2,1,3,3,2,4,2,1,1,2,2,2,2,2,1,1,1,3,3
14858086,1,2,1,2,1,2,2,2,1,1,2,2,2,1,2,2,1,1,2,3
14862353,1,2,1,2,3,2,2,2,1,1,2,2,2,1,2,2,1,1,1,3
14661125,1,2,1,3,3,2,4,2,1,1,2,2,2,2,2,2,1,1,3,3
14661124,1,2,1,3,3,2,4,1,1,1,2,1,2,2,2,1,1,2,3,3
14764437,1,2,1,3,1,2,3,1,1,2,2,2,2,2,2,2,1,1,3,3
14661123,1,2,1,3,3,2,4,2,1,1,2,2,2,2,2,2,1,1,3,3
14703551,1,2,1,2,4,2,2,1,1,2,1,1,2,2,2,2,1,1,1,3
14719014,1,2,2,2,4,1,1,1,4,2,1,1,2,2,2,2,1,1,1,3
14783266,1,2,2,2,3,2,3,1,3,2,2,1,2,2,2,2,1,1,1,3
14703550,1,2,2,3,3,2,4,1,1,2,2,2,2,2,2,3,1,1,1,3
14710323,1,2,1,3,1,2,4,1,1,2,2,2,2,2,2,3,1,1,1,3
14732446,1,2,1,3,1,2,1,2,1,1,3,2,2,2,2,1,1,1,2,3
14661122,1,2,1,3,3,2,4,2,1,1,2,2,2,2,2,2,1,1,3,3
14783265,1,2,1,2,3,2,3,2,1,1,2,1,2,2,2,2,1,1,1,3
14778562,1,1,2,3,3,2,4,2,4,1,2,2,1,2,2,2,1,1,1,3
14880423,1,1,2,3,1,2,3,2,4,1,2,2,2,2,2,3,1,1,1,3
14814951,1,1,2,2,1,2,3,2,4,1,3,2,2,2,2,2,1,1,1,3
14801288,1,1,2,2,3,2,4,2,4,1,2,2,2,2,2,2,1,1,1,3
14732441,1,1,1,3,2,2,1,2,1,1,2,2,2,1,2,1,1,1,1,3
14703547,1,1,1,3,1,2,4,2,1,1,2,2,2,2,2,2,1,1,1,3
14710322,1,1,1,3,3,2,4,2,1,1,2,2,2,2,2,2,1,1,1,3
14678309,1,1,1,3,1,2,4,2,1,1,2,1,2,2,2,1,1,1,1,3
14678308,1,1,1,3,3,2,4,2,1,1,2,1,2,1,2,2,1,1,2,3
14703543,1,1,1,2,1,2,4,2,1,1,3,2,2,2,2,2,1,1,1,2
14800255,1,1,1,3,3,2,3,2,1,1,2,2,2,2,2,2,1,1,1,3
14703542,1,1,1,3,1,2,4,2,1,1,2,2,2,2,2,2,1,1,1,3
14703548,1,1,1,3,3,2,4,2,1,1,2,2,1,1,2,2,1,1,3,3
14679386,1,1,1,3,4,2,3,2,1,1,1,2,2,2,2,2,1,2,1,3
14751741,1,1,1,2,3,2,2,2,1,1,2,2,2,2,2,1,1,1,1,3
14693007,1,1,1,2,3,2,3,2,1,1,2,2,2,2,2,1,2,1,1,3
14810581,1,1,1,3,3,2,2,2,1,1,2,2,2,1,2,2,1,1,3,3
14864796,1,1,1,2,1,2,2,2,1,1,2,2,2,1,2,2,1,1,1,3
14703541,1,1,1,2,1,2,4,2,1,1,2,2,2,1,2,2,1,1,1,3
14812282,1,1,3,3,1,2,3,2,4,1,2,2,2,1,2,2,1,1,3,3
14710321,1,1,2,3,1,2,4,2,3,1,2,2,1,1,2,2,1,1,1,3
14667068,1,1,2,2,1,2,3,2,4,1,2,1,2,1,2,1,1,1,3,3
14739833,1,1,2,3,1,2,4,2,4,1,2,2,2,2,2,2,1,1,1,3
14817943,1,1,2,3,1,2,4,2,4,1,2,2,2,1,2,1,1,1,1,3
14825747,1,1,2,3,1,2,4,2,4,1,2,2,2,1,2,2,1,1,1,3
14880420,1,1,1,3,1,2,3,2,1,1,2,2,2,2,2,2,1,1,2,3
14795712,1,1,1,3,1,2,3,2,1,1,2,2,2,1,2,2,1,1,2,3
14862332,1,1,1,2,1,2,2,2,1,1,2,2,2,1,2,1,1,1,1,3
14703549,1,1,1,3,3,2,4,2,1,1,2,2,2,2,2,2,1,2,1,3
14783263,1,1,1,3,3,2,3,2,1,1,2,1,2,2,2,2,1,1,1,3
14779653,1,1,1,2,1,2,1,2,1,1,2,2,2,2,2,2,1,1,2,3
14778558,1,1,1,3,1,2,4,2,1,1,2,2,2,2,2,2,1,1,1,3
14783261,1,1,1,2,1,2,3,2,1,1,2,1,2,1,2,2,1,1,1,3
14841922,1,1,2,2,1,2,3,1,4,2,3,2,1,1,2,3,1,1,2,2
14748891,1,1,2,3,1,2,4,2,3,1,2,2,2,1,2,2,1,1,1,3
14748892,1,1,2,3,1,2,4,2,3,1,2,2,2,2,2,3,1,1,1,3
14742780,1,1,2,3,2,2,1,2,1,1,3,2,2,2,2,2,3,1,1,3
14707467,1,1,2,3,1,2,2,2,1,1,3,1,2,2,2,3,1,1,1,3
14783260,1,1,1,3,3,2,3,2,1,1,2,1,2,1,2,3,1,1,1,3
14723851,1,1,1,2,1,2,4,2,1,2,2,2,2,2,2,2,1,1,1,3
14703538,1,1,1,2,3,2,2,2,1,1,2,1,2,2,2,2,1,1,3,3
14880413,1,1,2,3,3,2,3,2,4,1,2,2,2,2,2,1,1,1,3,3
14710324,1,1,1,3,3,2,4,1,1,2,2,2,2,2,2,1,1,1,3,3
14707454,1,1,1,3,3,2,2,1,1,2,2,2,2,1,2,3,1,1,2,3
14899930,1,1,1,3,3,2,3,2,1,1,2,2,2,1,2,2,1,1,2,3
14679369,1,1,1,3,3,2,2,2,1,1,2,2,2,2,2,1,1,1,3,3
14678305,1,1,1,3,3,2,4,1,1,1,2,1,2,2,2,1,1,2,2,3
14783258,1,1,1,3,2,2,3,2,1,1,2,1,2,2,2,1,1,1,2,3
14933295,1,1,2,3,4,2,4,2,3,1,1,2,2,2,2,2,1,1,1,3
14707444,1,1,2,3,1,2,2,2,4,1,3,2,2,1,2,2,3,1,1,3
14661372,1,1,1,2,3,2,1,2,1,1,2,2,2,1,2,2,1,1,2,3
14784371,1,1,1,3,1,2,3,2,1,1,2,2,2,1,2,2,1,1,2,3
14838932,1,1,1,3,1,2,3,2,1,1,2,2,2,1,2,2,3,1,3,3
14873423,1,1,1,3,5,2,2,2,1,1,2,1,2,2,2,1,1,1,3,3
14801283,1,1,1,2,3,2,4,2,1,1,2,2,2,2,2,2,1,1,3,3
14851579,1,1,1,2,1,2,2,2,1,1,2,2,2,2,2,1,1,1,1,3
14678303,1,1,1,3,1,2,4,2,1,1,2,2,2,1,2,2,1,2,1,3
14810553,1,1,1,3,3,2,2,2,1,1,2,1,2,1,2,2,1,1,3,3
14916213,1,1,3,3,4,2,4,2,1,1,1,2,2,2,2,2,1,1,3,3
14655560,1,1,3,2,5,2,4,2,3,1,1,2,1,1,2,2,1,1,1,2
14659411,1,2,2,2,3,1,4,2,2,1,2,2,2,2,2,2,1,1,2,3
14783257,1,2,1,2,1,2,3,2,1,1,2,1,2,2,2,2,1,1,1,3
14655558,1,2,1,2,1,2,4,2,1,1,2,2,2,2,2,1,1,2,1,2
14764282,1,2,1,2,1,2,3,2,1,1,3,2,2,1,2,2,1,1,1,3
14761137,1,2,1,3,1,2,3,2,1,1,2,2,2,1,2,2,1,1,1,3
14765859,1,2,1,2,3,2,3,2,1,1,2,1,2,1,2,2,1,1,1,3
14783256,1,2,1,3,1,2,2,2,1,1,2,1,2,2,2,1,1,1,1,3
14655568,1,2,1,2,1,2,4,2,1,1,2,1,2,2,2,2,1,1,1,3
14710318,1,2,1,3,1,2,4,2,1,1,2,2,2,1,2,1,1,1,1,3
14737825,1,1,2,2,1,2,3,2,4,1,2,2,2,2,2,2,1,2,3,3
14663154,1,1,2,3,3,2,4,2,4,2,2,1,2,1,2,3,1,1,1,3
14663153,1,1,2,3,1,2,4,2,4,2,2,2,2,2,2,2,1,1,1,3
14764263,1,1,2,2,3,2,3,2,2,1,2,2,2,2,2,2,1,1,1,3
14791387,1,1,1,2,2,2,2,2,1,2,2,2,2,1,2,2,1,1,1,2
14773356,1,1,1,1,1,2,2,1,1,2,2,1,2,1,2,2,1,1,2,3
14772533,1,1,1,2,3,2,4,1,1,2,2,2,2,2,2,2,1,1,3,3
14791384,1,1,1,1,5,2,2,1,1,2,1,2,1,2,2,2,1,1,1,2
14706267,1,1,1,3,1,2,4,1,1,2,2,2,2,2,2,2,1,1,1,3
14655557,1,1,1,2,3,2,4,2,1,1,2,2,2,2,2,2,1,1,2,3
14772534,1,1,1,2,3,2,4,1,1,1,2,2,2,2,2,2,1,1,3,3
14726584,1,1,1,3,3,2,4,2,1,1,2,2,2,1,2,1,1,1,2,3
14731267,1,1,2,3,3,2,4,2,4,1,2,1,2,1,2,1,1,1,1,3
14874641,1,1,2,2,1,2,4,2,4,1,2,2,2,2,2,3,1,1,1,3
14808714,1,1,2,2,4,2,2,2,1,1,1,2,2,2,2,2,1,1,1,3
14765838,1,1,2,2,3,2,3,2,1,1,2,2,2,1,2,2,1,1,1,3
14655556,1,1,2,2,5,2,4,2,1,1,2,2,2,2,2,2,1,1,2,3
14862294,1,1,2,2,1,2,2,2,1,1,2,2,2,1,2,3,1,1,1,3
14798754,1,1,1,2,1,2,1,2,1,1,2,2,2,1,2,2,1,1,1,3
14656136,1,1,1,2,2,2,3,2,1,1,2,2,2,2,2,3,1,1,2,3
14669199,1,1,1,2,3,2,1,2,1,1,2,2,2,1,2,1,1,1,1,3
14822839,1,1,1,2,4,2,1,2,1,1,1,2,2,2,2,2,1,1,3,3
14838915,1,1,1,3,1,2,2,2,1,1,2,2,2,1,2,2,1,1,2,3
14864716,1,1,1,2,1,2,2,2,1,1,2,2,2,1,2,1,1,2,1,3
14662431,1,1,1,2,1,2,2,2,1,1,3,2,2,1,2,2,1,2,2,3
14838913,1,1,1,3,1,2,2,2,1,1,2,2,2,1,2,2,1,1,1,3
14678299,1,1,1,3,4,2,4,2,1,1,2,2,2,2,2,2,1,1,2,3
14847225,1,1,1,3,5,2,3,2,1,1,2,2,2,1,2,3,1,1,3,2
14783254,1,1,1,2,1,2,3,2,1,1,2,2,2,2,2,1,1,1,1,3
14674529,1,1,2,3,1,2,4,2,4,1,2,2,2,2,2,2,1,1,3,3
14675006,1,1,2,2,3,2,4,2,4,1,2,2,2,2,2,2,1,1,3,3
14705189,1,1,1,2,2,2,1,1,2,1,2,2,2,1,2,1,1,1,1,3
14659462,1,1,1,2,3,2,3,2,1,1,2,2,2,1,2,1,1,1,1,3
14703526,1,1,1,3,1,2,4,2,1,1,3,2,2,2,2,2,1,1,1,3
14673994,1,1,1,2,3,2,2,2,1,1,2,2,2,1,2,1,1,1,1,3
14702194,1,1,1,3,1,2,3,2,1,1,2,2,2,1,2,1,1,1,1,3
14712815,1,1,1,2,3,2,4,2,1,1,2,2,2,2,2,2,1,1,1,3
14655845,1,1,1,2,3,2,4,2,1,1,2,2,2,1,2,2,1,1,2,3
14673918,1,1,1,2,2,2,2,2,1,1,2,2,2,1,2,2,1,1,1,3
14783253,1,1,1,2,3,2,3,2,1,1,2,1,2,2,2,1,1,2,2,3
14669198,1,1,1,2,1,2,4,2,1,1,2,2,2,2,2,3,1,1,2,3
14801280,1,1,1,2,3,2,4,2,1,1,2,1,2,2,2,2,1,2,3,3
14655555,1,1,1,2,4,2,4,2,1,1,1,2,2,2,2,2,1,1,3,3
14764214,1,1,2,2,1,2,3,2,4,1,2,2,2,2,2,2,1,1,1,3
14737819,1,1,2,2,1,2,3,2,3,1,2,2,2,1,2,3,1,1,1,3
14681914,1,1,2,3,1,2,4,2,4,1,3,2,2,2,2,2,1,1,1,3
14764210,1,1,2,2,3,2,3,2,1,1,2,1,2,2,2,2,1,1,1,3
14784364,1,1,1,3,1,2,3,1,1,2,2,2,2,1,2,2,1,1,2,3
14682303,1,1,1,3,1,2,2,2,1,1,2,2,2,1,2,3,1,1,3,3
14851971,1,1,1,3,3,2,2,2,1,1,2,2,2,2,2,2,1,1,2,3
14717277,1,1,1,3,3,2,3,1,1,1,2,2,2,2,2,1,1,1,2,3
14669196,1,1,1,2,1,2,4,2,1,1,3,2,2,2,2,1,1,1,1,3
14772530,1,1,1,2,3,2,4,2,1,1,2,2,2,2,2,2,1,1,3,3
14678297,1,1,1,3,4,2,4,2,1,1,1,2,2,1,2,2,1,1,1,3
14658924,1,1,1,2,1,2,2,2,1,1,2,2,2,1,2,3,1,3,1,3
14782216,1,1,1,3,3,1,4,2,1,1,2,2,2,2,2,2,1,1,1,2
14703521,1,1,1,3,1,2,4,2,1,1,2,2,2,1,2,2,1,1,1,3
14703522,1,1,1,3,1,2,4,2,1,1,2,2,2,2,2,3,1,2,2,3
14764271,1,1,1,2,3,2,3,2,1,1,2,2,2,2,2,2,1,1,2,3
14773326,1,2,2,2,3,2,1,2,2,1,2,2,1,1,2,2,1,1,1,3
14808707,1,2,2,2,4,2,2,2,1,1,1,2,2,2,2,2,1,1,1,3
14783251,1,2,1,2,3,2,3,2,1,1,2,1,2,2,2,1,1,1,1,3
14800193,1,2,1,3,3,2,3,1,1,2,2,2,2,1,2,2,1,1,3,3
14930706,1,2,1,3,5,2,4,1,1,2,2,1,2,2,2,2,1,1,1,3
14714587,1,2,2,3,1,2,4,2,4,1,2,2,1,1,2,2,1,1,2,3
14764157,1,2,1,2,1,2,3,2,1,2,2,2,2,1,2,2,1,1,1,3
14864671,1,2,3,3,2,2,3,1,4,2,2,2,2,2,2,2,1,1,1,3
14710314,1,1,2,3,1,2,4,2,4,2,2,1,2,2,2,2,1,1,2,3
14712814,1,1,2,3,3,2,4,1,4,2,2,1,1,2,2,2,1,1,1,3
14655554,1,1,1,2,3,2,4,2,1,1,2,2,2,2,2,1,1,1,1,3
14703517,1,1,1,3,1,2,4,1,1,2,2,2,2,2,2,2,1,1,1,3
14864665,1,1,1,3,1,2,2,1,1,1,2,2,2,2,2,3,3,1,1,3
14880381,1,1,1,2,1,2,1,1,1,2,2,1,2,1,2,3,1,1,1,3
14658008,1,1,1,2,4,2,3,1,1,2,1,2,2,1,2,1,1,1,1,3
14710315,1,1,1,3,4,2,4,1,1,2,1,2,2,2,2,2,1,1,1,3
14711796,1,1,1,3,4,2,4,1,1,2,1,2,2,2,2,2,1,1,3,3
14720914,1,1,1,2,4,2,1,1,1,2,1,2,2,2,2,3,1,1,1,3
14656704,1,1,1,2,4,2,4,1,1,2,1,2,2,1,2,2,1,2,1,3
14800180,1,1,1,3,3,2,3,1,1,2,2,2,2,2,2,2,1,1,3,3
14656701,1,1,1,2,4,2,4,1,1,2,1,2,2,1,2,2,1,1,1,3
14656703,1,1,1,2,3,2,4,1,2,2,2,2,2,1,2,2,1,1,1,3
14777930,1,1,1,3,1,2,3,1,1,2,2,1,2,1,2,1,1,1,1,3
14656702,1,1,1,2,4,2,4,1,2,2,1,2,2,1,2,2,1,1,1,3
14682994,1,1,2,3,1,2,4,2,4,1,2,2,2,1,2,2,1,1,3,3
14703514,1,1,1,3,1,2,4,2,1,1,2,2,2,2,2,2,1,1,2,3
14814897,1,1,1,2,2,2,3,2,1,1,2,2,2,2,2,2,1,1,1,3
14933392,1,1,1,2,4,2,2,2,1,1,1,2,2,1,2,2,1,1,3,3
14728742,1,1,1,3,2,2,2,2,1,1,2,2,2,1,2,2,2,1,1,3
14748889,1,1,3,3,4,2,4,1,4,2,1,2,1,1,2,2,1,1,1,2
14664086,1,1,2,3,3,2,4,2,3,1,2,2,2,2,2,2,1,1,3,3