Crash ID,Date,Day of Week,Time,Lane Count,Crash Type,Functional Class,Speed Limit,Environmental Conditions,Light Conditions,Surface Condition,Total Vehicles Involved,Curve Related,Alcohol Involved,Distracted Driving Involved,Drugged Driver Involved,Older Driver Involved,Temp Traffic Control Zone,Traffic Controls Present,Vehicle Type,Severity
14763078,1,1,2,3,3,2,3,2,4,1,2,2,2,2,2,2,1,1,3,3
14893494,1,1,1,2,1,2,1,1,2,2,2,2,2,1,2,3,1,1,1,3
14765771,1,1,1,2,1,2,3,1,1,2,3,2,2,1,2,2,1,1,1,3
14655552,1,1,1,2,3,2,4,2,1,2,2,2,2,2,2,1,1,1,1,2
14888833,1,1,1,3,1,2,4,1,1,2,2,2,2,1,2,2,2,1,1,3
14653555,1,1,1,2,4,2,4,1,1,2,1,2,2,2,2,2,1,1,1,3
14874628,1,1,1,2,1,2,4,1,1,2,3,2,2,2,2,1,1,1,3,3
14719194,1,1,1,2,4,2,4,2,1,2,1,2,2,2,2,2,1,1,1,3
14679268,1,1,1,3,4,2,2,2,1,1,2,2,2,2,2,2,1,1,3,3
14703511,1,1,1,3,3,2,4,2,1,1,2,2,2,2,2,1,1,1,3,3
14657676,1,1,1,2,4,2,4,1,1,2,1,2,2,2,2,2,1,2,2,3
14769592,1,1,1,2,3,2,2,2,1,1,2,1,2,2,2,1,1,1,1,3
14913178,1,1,1,2,1,2,1,2,1,1,2,2,2,1,2,2,1,1,1,3
14765767,1,1,1,2,1,2,2,2,1,1,2,2,2,1,2,2,1,1,3,3
14717270,1,1,1,2,1,2,4,1,1,2,2,1,2,1,2,2,1,1,1,3
14772480,1,1,2,2,4,2,3,1,4,2,1,1,2,1,2,2,1,2,3,3
14810501,1,1,2,3,1,2,2,1,2,2,2,1,2,1,2,1,1,2,3,3
14674512,1,1,1,2,4,2,1,1,1,2,1,2,2,1,2,2,1,1,3,3
14653938,1,1,1,2,4,1,4,2,1,1,1,2,2,1,2,1,1,1,1,3
14854384,1,1,1,3,2,2,3,1,1,2,2,2,2,2,2,2,4,1,3,3
14814885,1,1,1,2,3,2,3,1,1,2,2,2,2,2,2,3,1,1,1,3
14703509,1,1,1,3,1,2,4,2,1,1,2,2,2,2,2,2,1,1,1,3
14655549,1,1,1,2,3,2,4,1,1,1,2,2,2,2,2,2,1,2,3,3
14778526,1,1,1,3,1,2,4,2,1,1,2,2,2,2,2,1,1,2,1,3
14710311,1,1,1,3,3,2,4,1,1,1,2,2,2,2,2,2,1,1,3,3
14703507,1,1,1,3,3,2,4,2,1,1,2,2,2,2,2,1,1,1,1,3
14876804,1,2,2,2,4,2,1,1,4,2,1,2,2,2,2,2,1,1,1,3
14748887,1,2,1,3,1,2,4,1,1,2,2,2,2,1,2,1,1,1,1,3
14703505,1,2,1,3,3,2,4,1,1,2,2,2,2,2,2,2,1,1,1,3
14791344,1,2,1,3,1,2,2,1,1,2,2,2,2,1,2,2,1,1,1,3
14810472,1,2,1,3,3,2,3,1,1,2,2,2,2,2,2,3,1,1,3,3
14703503,1,2,1,3,3,2,4,1,1,2,2,2,2,2,2,2,1,1,3,3
14791341,1,2,1,3,3,2,2,1,1,2,2,2,2,1,2,1,1,2,1,3
14783246,1,2,1,2,4,2,3,1,1,2,2,1,2,1,2,2,1,1,2,3
14731253,1,2,3,3,3,2,4,2,4,1,2,2,1,1,2,1,1,1,1,2
14761073,1,2,3,2,1,2,3,2,4,1,3,1,2,1,2,2,1,1,2,3
14655548,1,2,3,2,4,2,4,2,3,1,1,2,2,1,2,2,1,1,2,3
14707315,1,2,1,3,1,2,3,2,1,1,2,2,2,2,2,3,1,1,1,3
14707314,1,2,1,2,1,2,3,2,1,1,2,2,2,2,2,2,1,1,2,3
14717133,1,2,1,2,5,2,4,2,1,1,1,2,2,2,2,2,4,1,1,3
14783245,1,2,3,3,3,2,3,2,2,1,2,2,2,2,2,2,1,1,2,3
14775461,1,2,3,3,1,2,3,1,4,2,2,2,2,1,2,2,1,1,1,3
14813336,1,1,1,2,1,2,1,1,1,2,2,2,2,1,2,2,2,1,2,3
14656699,1,1,1,2,1,2,4,2,1,1,2,2,2,2,2,1,1,1,1,3
14800146,1,1,3,3,1,2,3,2,1,1,2,2,2,1,2,2,1,1,1,3
14703499,1,1,1,3,1,2,4,1,1,2,2,2,2,2,2,2,1,1,1,3
14703498,1,1,1,2,1,2,4,2,1,2,2,2,2,2,2,1,1,2,2,3
14806582,1,1,1,2,1,2,2,1,1,1,3,1,2,2,2,2,1,1,1,3
14864596,1,1,1,3,3,2,3,1,1,2,2,2,2,2,2,1,1,1,3,3
14784345,1,1,1,3,3,2,3,1,1,1,2,2,2,2,2,2,1,1,1,3
14663617,1,1,1,3,1,2,2,2,1,1,2,2,2,1,2,1,1,1,1,3
14800141,1,1,2,3,1,2,2,2,1,1,3,2,2,2,2,2,1,1,2,3
14930770,1,1,1,2,4,1,2,2,1,1,1,1,2,2,2,2,1,1,3,3
14761053,1,1,1,1,4,2,1,2,1,1,1,2,2,2,2,2,1,1,3,3
14772383,1,1,1,2,4,2,3,2,1,1,1,2,2,2,2,2,1,1,1,3
14876751,1,1,1,2,1,2,4,2,1,1,2,1,2,2,2,2,1,1,1,3
14864587,1,1,1,3,1,2,3,1,1,1,3,2,2,1,2,2,1,1,2,3
14659409,1,1,2,2,4,1,4,2,3,1,1,2,2,1,2,2,1,1,3,3
14703495,1,1,2,2,3,2,2,2,4,1,2,2,2,2,2,2,1,2,1,3
14703497,1,1,2,3,3,2,4,1,1,2,2,2,2,2,2,2,1,1,1,3
14655842,1,1,1,2,2,2,4,2,1,1,2,2,2,2,2,2,1,1,1,3
14734738,1,1,1,2,1,2,1,2,1,1,2,2,2,1,2,1,1,1,2,3
14751689,1,1,1,3,3,2,2,1,1,2,2,1,2,1,2,1,1,1,3,3
14655543,1,1,1,2,1,2,4,2,1,1,2,2,2,2,2,3,1,1,2,3
14783240,1,1,1,2,3,2,3,2,1,2,2,1,2,2,2,2,1,1,1,3
14737810,1,1,1,3,1,2,2,2,1,1,2,2,2,2,2,2,1,1,1,3
14703494,1,1,1,3,3,2,4,2,1,1,2,2,2,2,2,2,1,1,1,3
14822694,1,1,1,2,3,2,1,2,1,1,2,2,2,2,2,1,1,1,1,3
14726563,1,1,1,3,1,2,4,2,1,1,2,1,2,2,2,2,1,1,1,3
14659460,1,1,1,2,3,2,3,2,1,1,2,2,2,1,2,2,1,1,3,3
14655542,1,1,1,2,3,2,4,2,1,1,2,2,2,2,2,2,1,1,3,3
14657054,1,1,1,2,1,2,3,2,1,2,3,2,2,1,2,2,1,1,1,2
14682420,1,1,3,3,2,2,2,2,4,1,2,2,1,2,2,2,1,1,1,3
14879261,1,1,2,3,3,2,4,2,3,1,2,2,2,2,2,2,1,2,2,3
14701908,1,1,2,3,3,2,4,2,3,1,2,2,2,1,2,2,1,2,3,3
14814861,1,1,1,2,3,2,3,2,1,1,2,2,2,2,2,1,1,3,1,3
14738958,1,1,1,3,4,2,4,2,1,1,2,2,2,2,2,3,1,1,1,3
14806564,1,1,1,2,1,2,2,2,1,1,2,2,2,1,2,2,1,1,1,3
14703492,1,1,1,3,1,2,4,2,1,1,2,2,2,2,2,1,1,1,1,3
14875501,1,1,1,2,1,2,4,2,1,1,2,2,2,1,2,2,1,2,3,3
14742198,1,1,1,3,1,2,2,2,1,1,2,2,2,1,2,2,1,1,1,3
14678288,1,1,1,3,1,2,4,2,1,1,2,2,2,2,2,2,1,1,1,3
14772332,1,2,1,3,1,2,3,2,1,1,2,2,2,2,2,2,1,1,1,3
14707257,1,2,1,2,3,2,3,2,1,1,2,2,2,2,2,2,1,1,1,3
14816947,1,2,1,2,1,2,3,2,1,1,2,2,2,1,2,2,1,1,1,3
14656696,1,2,3,2,4,2,4,2,3,1,1,2,2,2,2,2,1,1,1,3
14659407,1,2,3,2,4,1,4,2,3,1,1,2,1,1,2,2,1,1,2,3
14686187,1,2,2,3,3,2,4,2,4,1,2,2,2,2,2,2,1,1,2,3
14652578,1,2,2,3,3,2,2,2,4,1,2,2,2,1,2,2,2,1,1,3
14864562,1,2,2,3,3,2,3,2,4,1,2,2,2,2,2,2,1,1,1,3
14800130,1,2,1,3,1,2,3,2,1,1,3,2,2,2,2,1,1,1,1,3
14772316,1,2,1,2,1,2,3,2,1,1,2,2,2,2,2,2,1,1,1,3
14742157,1,2,1,2,2,2,1,2,1,1,2,2,2,2,2,1,3,1,1,3
14784339,1,2,1,3,1,2,3,2,1,1,3,2,2,2,2,2,1,1,1,3
14808103,1,2,1,3,1,2,4,2,1,1,2,2,2,2,2,2,1,1,1,3
14808102,1,2,1,3,1,2,4,1,1,2,2,2,2,2,2,1,1,1,2,3
14748888,1,2,1,3,1,2,4,1,1,1,2,2,2,1,2,2,1,1,1,3
14808101,1,2,1,3,1,2,4,1,1,2,3,2,2,2,2,2,1,1,1,3
14703491,1,2,1,2,4,2,2,1,2,2,1,1,2,2,2,2,1,1,1,3
14769499,1,2,1,2,4,2,2,1,2,2,1,2,2,2,2,2,1,2,1,3
14710304,1,2,3,3,4,2,4,1,4,2,1,2,1,1,2,2,1,1,1,3
14897605,1,2,3,2,3,2,4,1,4,2,2,2,2,2,2,2,1,1,1,3
14674491,1,1,2,3,3,2,4,2,4,1,2,2,1,1,2,1,1,1,2,3
14726556,1,1,2,3,4,2,4,2,4,1,1,2,2,1,2,2,1,1,1,3
14726557,1,1,2,3,1,2,4,2,4,1,2,2,2,1,2,2,1,1,1,3
14772295,1,1,1,2,4,2,3,2,1,1,1,2,2,2,2,2,1,1,1,3
14772294,1,1,1,2,1,2,3,2,1,1,2,2,2,1,2,3,1,1,2,3
14726554,1,1,1,3,1,2,4,2,1,1,2,1,2,2,2,2,1,2,1,3
14772292,1,1,1,2,3,2,1,2,1,1,2,2,2,2,2,2,1,1,3,3
14727367,1,1,1,3,1,2,2,2,1,1,3,2,2,1,2,1,3,1,1,3
14772287,1,1,1,2,2,2,3,2,1,1,2,2,2,2,2,2,1,1,1,3
14772284,1,1,1,2,1,2,3,2,1,1,3,2,2,1,2,2,1,1,1,3
14712812,1,1,1,3,1,2,4,2,1,1,3,2,2,2,2,2,1,1,1,3
14656695,1,1,1,2,1,2,4,2,1,1,2,1,2,2,2,2,1,1,1,3
14800125,1,1,2,3,1,2,3,2,4,1,3,2,2,1,2,2,1,1,1,3
14859932,1,1,2,3,1,2,4,2,3,1,2,2,2,2,2,1,1,1,1,3
14687904,1,1,2,3,1,2,4,2,4,1,2,2,2,1,2,2,1,1,1,3
14738952,1,1,2,3,3,2,4,2,4,1,2,2,2,2,2,2,1,1,1,3
14855697,1,1,2,2,1,2,3,2,3,1,2,2,2,2,2,1,1,1,1,3
14930904,1,1,1,2,2,1,2,2,1,1,2,2,2,1,2,1,4,1,2,3
14703490,1,1,1,3,1,2,4,2,1,1,3,2,2,1,2,3,1,1,1,2
14717168,1,1,1,2,1,2,1,2,1,1,2,1,2,1,2,2,1,1,1,3
14772271,1,1,1,3,1,2,3,2,1,1,3,2,2,2,2,2,1,1,1,3
14693562,1,1,1,2,4,2,2,2,1,1,1,2,2,1,2,2,1,1,3,3
14810406,1,1,1,3,5,2,2,2,1,1,1,2,2,1,2,2,1,1,1,3
14703134,1,1,1,2,3,2,1,2,1,1,2,2,2,2,2,2,1,1,3,3
14717259,1,1,3,2,4,2,3,2,4,1,1,1,1,1,2,2,1,1,1,3
14879259,1,1,2,3,1,2,4,2,4,1,2,2,2,2,2,2,1,1,1,3
14679193,1,1,2,3,1,2,3,2,1,1,2,2,2,2,2,3,1,1,1,3
14678284,1,1,1,3,3,2,4,2,1,1,2,2,2,2,2,2,1,1,3,3
14707234,1,1,1,2,3,2,3,2,1,1,2,2,2,1,2,1,1,1,1,3
14891377,1,1,1,2,3,2,2,2,1,1,2,1,2,1,2,3,1,1,3,3
14698097,1,1,1,2,2,2,2,2,1,1,2,2,2,1,2,2,1,1,1,3
14851549,1,1,1,2,4,2,2,2,1,1,1,2,1,2,2,2,1,1,1,3
14919360,1,1,1,2,4,2,1,2,1,1,1,2,2,2,2,2,1,1,3,3
14800117,1,1,1,3,1,2,3,2,1,1,2,2,2,2,2,2,1,1,1,3
14800115,1,1,1,3,3,2,3,2,1,1,3,1,2,2,2,2,1,1,3,3
14742081,1,1,1,2,1,2,1,2,1,1,2,2,2,1,2,2,1,1,2,3
14734027,1,1,1,2,1,2,2,2,1,1,2,2,2,1,2,2,1,1,1,3
14756170,1,1,1,2,1,2,3,2,1,1,3,2,2,1,2,1,2,1,3,3
14656694,1,1,2,2,4,2,4,2,3,1,1,2,2,2,2,2,1,1,1,3
14703488,1,1,2,3,1,2,4,2,1,1,3,2,2,2,2,2,1,1,1,3
14674484,1,1,1,2,1,2,3,2,1,1,2,2,2,1,2,2,1,1,1,3
14710303,1,1,1,3,3,2,4,2,1,1,2,2,2,2,2,2,1,1,3,3
14786587,1,1,1,3,3,2,4,2,1,1,2,2,2,2,2,1,1,1,3,3
14898821,1,1,1,3,3,2,4,2,1,1,2,2,2,2,2,1,1,1,3,3
14679179,1,1,1,3,1,2,3,2,1,1,2,2,2,1,2,2,1,1,1,3
14710302,1,1,1,3,1,2,4,2,1,1,2,2,2,2,2,2,1,1,1,3
14769466,1,1,1,2,1,2,3,2,1,1,3,2,2,2,2,1,1,1,1,3
14772222,1,1,1,3,3,2,1,2,1,1,2,2,2,2,2,1,1,1,3,3
14784330,1,1,1,3,1,2,3,2,2,1,2,2,2,2,2,2,1,1,2,3
14817908,1,1,1,3,1,2,3,2,1,1,2,2,2,2,2,2,1,1,1,3
14678283,1,1,2,3,3,2,4,2,3,1,2,2,2,2,2,2,1,2,1,3
14806531,1,1,1,3,1,2,3,2,1,1,2,2,2,1,2,2,1,1,1,3
14806530,1,1,1,3,1,2,3,2,1,1,3,2,2,1,2,2,1,1,1,3
14809290,1,1,1,2,1,1,4,2,1,1,2,2,2,1,2,2,3,1,1,3
14784329,1,1,1,3,1,2,3,2,1,1,3,2,2,2,2,1,1,1,1,3
14658478,1,1,1,2,5,2,1,2,1,1,2,2,2,1,2,1,4,1,1,3
14678289,1,1,1,3,1,2,4,2,1,1,2,2,2,2,2,2,1,1,1,3
14841862,1,1,1,2,1,2,3,2,1,1,2,2,2,2,2,1,1,1,1,3
14800104,1,1,1,3,1,2,3,2,1,1,3,2,2,2,2,2,1,1,2,3
14679170,1,1,1,3,1,2,3,2,1,1,2,2,2,2,2,2,1,1,3,3
14703487,1,1,1,3,1,2,4,2,1,1,2,2,2,2,2,2,1,1,1,3
14800101,1,1,1,3,1,2,3,2,1,1,2,2,2,1,2,1,1,1,1,3
14694122,1,1,1,2,3,2,3,2,2,1,2,2,2,2,2,2,1,1,1,3
14816915,1,1,3,2,4,2,2,2,4,1,1,1,2,2,2,1,1,1,1,3
14703485,1,2,1,2,4,2,2,2,1,1,1,1,1,1,2,2,1,1,1,3
14778498,1,2,1,3,1,2,4,2,1,1,2,2,2,2,2,1,1,1,1,3
14656693,1,2,3,2,4,2,4,2,3,1,1,2,1,2,2,2,1,1,1,3
14817906,1,2,2,3,1,2,3,2,4,1,2,2,2,2,2,1,1,1,1,3
14727124,1,2,1,2,1,2,1,2,1,1,2,2,2,1,2,2,3,1,2,3
14783234,1,2,1,3,1,2,2,2,1,1,2,2,2,1,2,3,1,1,2,3
14772484,1,2,1,2,1,2,3,2,1,1,2,2,2,2,2,2,1,1,1,3
14703483,1,2,1,3,1,2,4,2,1,1,3,2,2,2,2,2,1,1,1,3
14769382,1,2,1,2,1,2,3,2,1,1,2,2,2,1,2,2,1,1,2,3
14703484,1,2,1,2,3,2,4,2,1,1,2,1,2,2,2,2,1,1,1,3
14663111,1,2,1,3,3,2,4,2,1,1,2,2,2,1,2,2,1,1,1,3
14739811,1,2,3,3,4,2,4,2,4,1,1,2,2,1,2,2,1,1,1,3
14748877,1,2,3,3,4,2,4,2,3,1,1,2,2,2,2,2,1,1,1,3
14748878,1,2,3,3,5,2,4,2,3,1,2,2,2,1,2,2,1,1,1,3
14659405,1,2,3,2,4,1,4,2,3,1,1,2,2,1,2,2,1,1,1,2
14772187,1,2,3,2,2,2,2,2,4,1,2,2,2,2,2,2,1,1,1,3
14675007,1,1,2,3,3,2,4,2,4,1,2,2,2,2,2,1,1,1,3,3
14911622,1,1,2,3,1,2,4,2,3,1,2,2,2,2,2,2,1,1,1,3
14703481,1,1,1,2,3,2,2,2,1,1,2,1,2,2,2,2,1,1,1,3
14710300,1,1,1,3,3,2,4,2,1,1,2,2,2,2,2,3,1,1,2,3
14800090,1,1,1,2,4,2,4,2,1,1,1,1,2,1,2,1,1,1,1,3
14898818,1,1,1,3,1,2,4,2,1,1,2,2,2,2,2,2,1,1,1,2
14783233,1,1,1,3,1,2,2,2,1,1,2,1,2,1,2,2,1,1,2,3
14674477,1,1,2,3,1,2,4,2,4,1,2,2,2,1,2,2,1,1,3,3
14703480,1,1,2,2,4,2,2,2,2,1,1,1,1,2,2,2,1,1,1,3
14837969,1,1,2,3,1,2,4,2,2,1,2,2,2,1,2,2,1,2,3,3
14668150,1,1,1,2,1,2,2,2,1,1,3,2,2,2,2,3,3,1,1,3
14851926,1,1,1,3,3,2,2,2,1,1,2,2,2,1,2,2,1,1,3,3
14710298,1,1,1,3,1,2,4,2,1,1,2,2,2,2,2,2,1,1,1,3
14784324,1,1,1,3,1,2,3,2,1,1,2,2,2,1,2,1,1,1,2,3
14931887,1,1,1,3,5,1,4,2,1,1,1,2,2,2,2,2,1,1,3,3
14834265,1,1,1,2,3,2,4,2,1,1,2,2,2,1,2,2,1,1,2,3
14898817,1,1,1,3,1,2,4,2,1,1,2,2,2,2,2,3,2,1,1,3
14836993,1,1,1,2,4,2,2,1,1,1,2,2,2,2,2,2,1,1,1,3
14864479,1,1,2,3,2,2,3,2,4,1,3,2,2,2,2,1,1,1,1,3
14703476,1,1,1,3,1,2,4,2,1,1,2,2,2,1,2,2,1,1,1,3
14690158,1,1,1,2,1,2,4,2,1,1,2,2,2,2,2,2,1,1,3,3
14773204,1,1,1,2,1,2,3,2,1,1,2,2,2,1,2,2,1,1,1,3
14663610,1,1,1,2,1,2,2,2,1,1,2,2,2,1,2,2,1,1,1,3
14805475,1,1,1,2,1,2,4,2,1,1,3,2,2,2,2,2,1,1,1,3
14703474,1,1,1,3,1,2,4,2,1,1,2,2,2,2,2,2,1,1,1,3
14810362,1,1,1,3,1,2,3,2,1,1,2,2,2,1,2,2,1,1,1,3
14655536,1,1,1,2,1,2,4,2,1,1,2,2,2,1,2,2,1,1,3,3
14793369,1,1,3,3,3,2,1,2,4,1,3,2,2,1,2,2,1,1,3,3
14660852,1,1,2,3,3,2,3,2,4,1,2,2,2,1,2,2,2,2,3,3
14657664,1,1,1,2,3,1,4,2,1,1,2,2,2,2,2,2,1,2,1,3
14717167,1,1,1,2,3,2,1,1,1,2,2,2,2,2,2,2,1,1,3,3
14656692,1,1,1,2,4,2,4,1,1,2,1,1,2,1,2,2,1,1,1,3
14769422,1,1,1,2,1,2,3,1,1,2,3,2,2,1,2,2,1,1,1,3
14765402,1,1,1,2,1,2,2,1,1,2,2,2,2,2,2,2,1,1,1,3
14822544,1,1,1,2,3,2,1,1,1,2,2,2,2,2,2,2,1,1,1,3
14769419,1,1,1,2,3,2,3,1,1,2,2,2,2,2,2,2,1,1,1,3
14735079,1,1,1,2,4,2,2,1,1,2,1,1,2,1,2,3,1,1,1,3
14712811,1,1,1,2,1,2,4,1,1,2,2,2,2,1,2,1,1,1,3,3
14674957,1,1,3,3,1,2,4,2,4,1,2,2,2,1,2,2,1,1,1,3
14809809,1,1,2,2,4,1,4,2,1,1,1,2,2,1,2,2,1,1,3,3
14662882,1,1,1,3,3,2,4,2,1,1,2,2,2,2,2,2,1,2,3,3
14709477,1,1,1,2,1,2,2,2,1,1,2,2,2,1,2,1,1,1,1,3
14735454,1,1,1,2,2,2,1,2,1,2,2,2,2,1,2,2,1,1,1,3
14655534,1,1,1,2,3,2,4,2,1,1,2,2,2,1,2,3,1,1,2,3
14711786,1,1,1,3,1,2,4,2,1,1,2,2,2,2,2,2,1,1,1,3
14831421,1,1,1,3,4,2,4,2,1,1,1,2,2,2,2,2,1,1,2,3
14783230,1,1,1,2,3,2,3,2,1,1,2,1,2,1,2,1,1,1,3,3
14717253,1,1,1,2,1,2,3,2,1,1,2,2,2,2,2,1,1,1,1,3
14800056,1,1,1,3,3,2,2,2,1,1,2,2,2,2,2,2,1,1,2,3
14805472,1,1,1,2,3,2,4,2,1,1,2,2,2,2,2,1,1,2,3,3
14711785,1,1,1,3,1,2,4,2,1,1,2,2,2,2,2,1,1,2,1,3
14703470,1,1,1,3,3,2,4,2,1,1,2,2,2,2,2,1,1,1,2,3
14772105,1,2,1,2,2,2,3,2,1,1,2,2,2,1,2,2,1,2,1,3
14773188,1,2,2,2,1,2,3,2,1,2,2,2,2,2,2,2,1,1,1,3
14800051,1,2,1,3,1,2,3,1,1,2,2,2,2,2,2,2,1,1,1,3
14800050,1,2,1,3,1,2,3,1,1,2,3,2,2,2,2,1,1,1,1,3
14805470,1,2,1,2,2,2,4,1,1,2,2,1,2,2,2,2,1,1,1,3
14784319,1,2,1,3,1,2,3,1,1,2,2,2,2,1,2,3,1,1,1,3
14784318,1,2,1,3,1,2,3,1,1,2,3,2,2,1,2,2,1,1,1,3
14724280,1,2,1,2,1,2,1,1,1,1,2,2,2,2,2,2,1,2,1,3
14810346,1,2,1,3,1,2,2,2,1,1,2,2,2,1,2,2,2,1,1,3
14855912,1,2,3,2,1,2,4,2,4,1,3,2,2,2,1,3,1,1,1,3
14703465,1,2,3,2,3,2,2,2,4,1,2,1,2,1,2,2,1,1,3,3
14911617,1,1,2,3,1,2,4,2,4,1,2,2,2,2,2,2,1,2,1,3
14928222,1,1,2,2,3,2,2,2,4,1,2,2,2,1,2,2,1,2,3,3
14911616,1,1,2,3,1,2,4,2,3,1,3,2,2,2,2,2,1,1,1,3
14737601,1,1,1,2,1,2,3,2,1,1,2,2,2,1,2,2,1,1,1,3
14784316,1,1,1,3,2,2,3,2,1,1,2,2,2,2,2,1,1,1,1,3
14741827,1,1,3,3,4,2,3,2,4,1,3,2,2,2,2,2,1,1,1,3
14710291,1,1,2,3,1,2,4,1,3,2,2,2,2,1,2,2,1,1,1,3
14710290,1,1,2,3,1,2,4,1,1,2,2,2,2,2,2,2,1,1,1,3
14853758,1,1,1,3,3,2,4,2,1,1,2,1,2,1,2,1,2,1,3,3
14737600,1,1,1,2,1,2,3,1,1,2,3,2,2,1,2,2,1,1,2,3
14703464,1,1,1,3,4,2,4,2,1,2,1,2,2,2,2,2,1,1,1,3
14773177,1,1,1,2,1,2,3,2,1,2,2,2,2,1,2,2,1,2,1,3
14725389,1,1,1,2,1,2,1,1,1,1,2,2,2,1,2,2,1,1,2,3
14726529,1,1,2,3,1,2,4,2,4,1,2,2,2,2,2,2,1,1,1,3
14729507,1,1,2,3,1,2,4,2,3,1,2,2,2,2,2,2,1,1,1,3
14726528,1,1,2,3,1,2,4,2,4,1,2,2,2,1,2,2,1,1,1,3
14703462,1,1,2,3,4,2,4,2,3,1,1,2,2,1,2,2,1,2,1,3
14859921,1,1,2,3,3,2,4,2,1,1,2,2,2,2,2,2,1,1,3,3
14894022,1,1,1,2,1,2,2,2,1,1,2,2,2,2,2,2,1,1,2,3
14705037,1,1,1,1,2,2,1,2,1,2,2,2,2,2,2,2,3,1,3,3
14931582,1,1,1,2,1,1,3,2,1,1,2,2,2,1,2,2,1,1,3,3
14655533,1,1,1,2,1,2,4,2,1,1,3,2,2,2,2,1,1,1,1,3
14784312,1,1,1,3,1,2,3,2,1,1,3,2,2,2,2,1,1,1,2,3
14782303,1,1,1,3,1,1,4,2,1,1,2,2,2,2,2,2,1,1,1,3
14782302,1,1,1,3,1,1,4,2,1,1,2,2,2,2,2,2,1,1,1,3
14726526,1,1,1,3,1,2,4,2,1,1,2,2,2,1,2,2,1,1,1,3
14678274,1,1,1,3,1,2,4,2,1,1,3,2,2,2,2,2,1,1,2,3
14918058,1,1,3,3,4,2,4,2,3,1,1,2,2,1,2,2,1,1,1,3
14918587,1,1,2,3,1,2,4,2,4,1,2,2,2,1,2,2,1,1,1,3
14703458,1,1,2,3,1,2,4,2,2,1,3,1,2,2,2,2,1,1,1,3
14703459,1,1,1,3,3,2,4,2,1,1,2,2,2,2,2,2,1,1,1,3
14772522,1,1,1,2,3,2,4,2,1,1,2,2,2,2,2,2,1,1,3,3
14713191,1,1,1,3,1,2,2,2,1,1,2,2,2,1,2,2,1,1,1,3
14784310,1,1,1,3,1,2,3,2,1,1,2,2,2,2,2,2,1,1,2,3
14797929,1,1,1,2,1,2,1,2,1,1,3,2,2,2,2,3,2,1,1,3
14710288,1,1,1,3,1,2,4,2,1,1,2,2,2,2,2,3,1,2,1,3
14810333,1,1,1,3,3,2,2,2,1,1,2,1,2,1,2,1,1,1,2,3
14773166,1,1,1,2,1,2,3,2,1,1,2,2,2,2,2,2,1,1,3,3
14703455,1,1,1,2,1,2,4,2,1,1,2,2,2,2,2,3,1,1,1,3
14722328,1,1,1,2,2,2,3,2,1,1,2,2,2,2,2,2,1,1,3,3
14810330,1,1,1,3,3,2,3,2,1,1,2,2,2,1,2,2,1,1,1,3
14678273,1,1,1,3,1,2,4,2,1,1,3,2,2,1,2,2,1,2,2,3
14800020,1,1,1,3,1,2,3,2,2,1,3,2,2,1,2,2,1,1,1,3
14655532,1,1,3,2,3,2,4,2,2,1,2,2,2,2,2,2,1,1,3,3
14748875,1,1,2,3,4,2,4,2,3,1,1,2,2,1,2,2,1,1,1,3
14737267,1,1,2,3,2,2,2,2,4,1,2,2,2,1,2,2,1,1,1,3
14806464,1,1,2,3,1,2,3,1,4,2,2,2,2,1,2,2,1,1,2,3
14772521,1,1,2,2,1,2,4,1,1,2,2,2,2,2,2,2,1,1,3,3
14806461,1,1,1,2,1,2,1,1,1,2,2,2,2,1,2,2,1,2,1,3
14656690,1,1,1,2,5,2,4,2,1,1,2,2,2,2,2,2,1,1,3,3
14806457,1,1,1,2,1,2,1,1,1,2,2,2,2,1,2,2,1,1,2,3
14917669,1,1,1,2,5,2,3,2,1,2,1,2,2,2,2,2,1,1,1,3
14655531,1,2,1,2,3,2,4,2,1,1,2,2,2,2,2,2,1,1,1,3
14783222,1,2,1,3,1,2,2,2,1,1,2,2,2,1,2,2,1,1,1,3
14810316,1,2,1,3,1,2,3,2,1,1,2,2,2,1,2,2,1,1,1,3
14656047,1,2,1,2,1,2,3,2,1,1,2,2,2,1,2,2,1,1,2,3