Crash ID,Date,Day of Week,Time,Lane Count,Crash Type,Functional Class,Speed Limit,Environmental Conditions,Light Conditions,Surface Condition,Total Vehicles Involved,Curve Related,Alcohol Involved,Distracted Driving Involved,Drugged Driver Involved,Older Driver Involved,Temp Traffic Control Zone,Traffic Controls Present,Vehicle Type,Severity
14719182,1,2,3,2,4,2,3,2,4,1,1,2,2,2,2,2,1,1,3,2
14772006,1,2,2,2,3,2,3,2,4,1,2,2,2,1,2,2,1,1,1,3
14703449,1,2,1,3,4,2,4,2,1,1,2,2,2,2,2,2,1,1,1,3
14659402,1,2,1,2,3,1,4,1,1,2,2,2,2,2,2,2,1,1,3,3
14655530,1,2,1,2,4,2,4,1,1,2,1,2,2,1,2,3,1,1,1,3
14729493,1,2,1,3,3,2,4,1,1,2,2,2,2,2,2,2,1,1,1,3
14771998,1,2,1,2,4,2,2,1,1,2,1,1,2,1,2,2,1,1,1,3
14674459,1,1,2,3,3,2,4,2,4,1,2,2,1,1,2,1,1,1,1,3
14773155,1,1,2,2,1,2,3,2,2,1,2,2,2,1,2,2,1,1,1,3
14710285,1,1,2,3,4,2,4,1,2,2,1,2,2,2,2,2,1,1,1,3
14778469,1,1,1,3,3,2,4,2,1,1,2,2,2,2,2,2,1,2,1,3
14784307,1,1,1,3,1,2,3,1,1,2,2,2,2,2,2,2,1,1,1,3
14734712,1,1,1,2,3,2,2,1,1,1,2,2,2,2,2,1,1,2,1,3
14801259,1,1,3,2,4,2,4,2,3,2,1,1,1,2,2,2,1,1,1,3
14655528,1,1,2,2,1,2,4,2,4,1,2,2,2,2,2,3,1,1,1,3
14928165,1,1,1,2,3,2,3,2,1,1,2,2,2,2,2,2,1,2,2,3
14702848,1,1,1,2,1,2,1,2,1,1,2,2,2,1,2,1,1,1,1,3
14681249,1,1,1,1,4,2,2,2,1,1,1,2,2,2,2,2,1,1,1,3
14655541,1,1,1,2,1,2,4,2,1,1,2,1,2,1,2,2,1,1,2,3
14800007,1,1,1,2,1,2,3,2,1,1,2,2,2,1,2,2,1,1,1,3
14801257,1,1,1,2,1,2,4,2,1,1,2,2,2,2,2,2,1,1,1,3
14748874,1,1,1,3,1,2,4,2,1,1,2,2,2,2,2,3,1,1,1,3
14727349,1,1,1,3,2,2,2,2,1,1,2,2,2,2,2,2,3,1,1,3
14702846,1,1,1,2,4,2,1,2,1,1,1,2,2,2,2,1,1,1,1,3
14662879,1,1,1,3,3,2,4,2,1,1,2,2,2,2,2,2,1,1,3,3
14703443,1,1,1,3,3,2,4,2,1,1,2,2,2,2,2,2,1,1,3,3
14760303,1,1,1,2,1,2,3,2,1,1,2,2,2,1,2,2,1,1,2,3
14806431,1,1,1,2,1,2,2,2,1,1,2,1,2,1,2,2,1,1,1,3
14840980,1,1,1,2,1,2,2,2,1,1,2,2,2,1,2,3,3,2,1,3
14800002,1,1,1,3,3,2,2,2,1,1,2,2,2,2,2,2,1,1,3,3
14732123,1,1,2,3,3,2,1,2,4,1,2,2,2,1,2,2,1,1,1,3
14783218,1,1,2,3,4,2,3,2,4,1,1,1,2,2,2,2,1,1,3,3
14814777,1,1,1,3,2,2,2,2,1,1,2,2,2,2,2,2,1,1,2,3
14760932,1,1,1,3,1,2,1,2,1,1,2,2,2,2,2,1,1,1,1,3
14863620,1,1,2,3,5,2,4,2,3,1,1,2,2,2,2,2,1,1,1,3
14662878,1,1,2,3,3,2,4,2,1,1,2,2,2,2,2,2,1,1,3,3
14655527,1,1,1,2,3,2,4,2,1,1,2,2,2,2,2,2,1,1,2,3
14679043,1,1,1,3,3,2,3,2,1,1,2,2,2,1,2,2,1,1,1,3
14814774,1,1,1,2,1,2,3,2,1,1,2,2,2,1,2,3,1,1,2,3
14726511,1,1,1,3,1,2,4,2,1,2,2,2,2,1,2,1,1,1,1,3
14895553,1,1,1,3,3,2,4,2,1,1,2,1,2,1,2,2,2,1,3,3
14707062,1,1,1,2,1,2,3,1,1,1,2,2,2,1,2,2,1,1,1,3
14655525,1,1,1,2,4,2,4,2,1,1,1,2,2,1,2,2,1,1,1,3
14703441,1,1,1,2,1,2,2,1,1,2,2,2,2,1,2,2,1,1,1,3
14710282,1,1,3,3,4,2,4,1,4,2,1,2,2,1,2,2,1,1,1,2
14717246,1,2,1,2,1,2,3,2,1,1,2,2,2,1,2,1,1,1,1,3
14655524,1,2,1,2,4,2,4,2,1,1,1,1,2,2,2,1,1,1,1,3
14732109,1,2,1,3,3,2,1,2,1,1,2,2,2,2,2,1,1,1,1,3
14799990,1,2,1,3,1,2,3,2,1,1,2,2,2,1,2,2,1,1,1,3
14703438,1,2,1,3,4,2,4,2,1,1,2,2,2,1,2,2,1,1,1,3
14707052,1,2,1,2,1,2,3,2,1,1,2,2,2,2,2,3,1,1,1,3
14679030,1,2,1,3,1,2,2,2,1,1,2,2,2,2,2,2,3,1,1,3
14656689,1,2,3,2,4,2,4,2,3,1,1,2,2,1,2,2,1,1,1,3
14769289,1,1,2,2,1,2,3,2,2,1,3,1,2,1,2,2,1,1,1,3
14817880,1,1,1,3,3,2,3,2,1,1,2,2,2,1,2,2,1,1,2,3
14703437,1,1,1,3,3,2,4,2,1,1,3,2,2,1,2,2,1,1,3,3
14655523,1,1,1,2,4,2,4,2,1,1,1,2,2,2,2,2,1,1,1,3
14773129,1,1,1,2,1,2,3,1,1,1,2,2,2,1,2,2,1,1,2,3
14710279,1,1,1,3,1,2,4,1,1,2,2,2,1,2,1,2,1,1,3,3
14707039,1,1,1,3,1,2,3,1,1,2,2,2,2,2,2,2,3,1,1,3
14726505,1,1,1,3,1,2,4,2,1,1,2,2,2,2,2,3,1,2,1,3
14726504,1,1,1,3,1,2,4,2,1,1,3,2,2,2,2,3,1,1,1,3
14703436,1,1,1,3,1,2,4,2,1,1,2,2,2,2,2,3,1,1,1,3
14726503,1,1,1,3,1,2,4,1,1,2,2,2,2,2,2,3,1,1,1,3
14799986,1,1,1,3,1,2,3,2,1,1,2,2,2,2,2,2,1,1,1,3
14710278,1,1,1,3,3,2,4,2,1,1,2,2,2,2,2,2,1,1,3,3
14659401,1,1,1,2,5,1,4,2,3,1,1,2,2,2,2,2,1,1,2,3
14659459,1,1,2,2,4,2,3,1,3,2,1,2,2,2,2,2,1,1,1,3
14806408,1,1,2,2,2,2,1,1,4,1,2,2,2,2,2,2,1,1,2,3
14703435,1,1,2,3,3,2,4,2,1,1,2,2,2,2,2,2,1,1,3,3
14806405,1,1,1,2,1,2,3,2,1,1,2,2,2,1,2,3,1,1,1,3
14879744,1,1,1,2,1,2,4,1,1,1,2,2,2,1,2,2,3,1,1,3
14784300,1,1,1,3,1,2,3,2,1,1,2,2,2,2,2,2,1,1,1,3
14741651,1,1,1,3,3,2,1,2,1,1,2,2,2,2,2,2,1,1,3,3
14777515,1,1,1,2,3,2,1,2,1,1,2,2,2,1,2,2,1,1,1,3
14655522,1,1,1,2,3,2,4,2,1,1,2,2,2,2,2,2,1,1,1,3
14922839,1,1,3,3,3,2,3,2,4,1,2,2,2,2,2,2,1,1,1,3
14836349,1,1,2,3,1,2,4,2,3,1,2,2,2,2,2,2,1,1,1,3
14765376,1,1,2,2,2,2,2,2,1,1,3,2,2,1,2,2,1,2,1,3
14653677,1,1,2,2,4,2,4,2,1,1,1,2,2,1,2,2,1,1,1,3
14653529,1,1,2,2,4,2,4,2,1,1,1,2,2,1,2,2,1,1,1,3
14678268,1,1,1,3,4,2,4,2,1,1,1,1,2,2,2,3,1,1,1,3
14769265,1,1,1,2,1,2,2,2,1,1,3,2,2,1,2,1,1,1,1,3
14845296,1,1,1,3,3,2,4,2,1,1,3,2,2,2,2,3,1,1,2,3
14925329,1,1,3,3,4,2,2,2,4,1,1,2,2,1,2,1,1,1,1,3
14710277,1,1,2,3,3,2,4,2,4,1,2,2,2,2,2,2,1,1,1,3
14773120,1,1,2,2,1,2,1,2,1,1,2,2,2,2,2,2,1,1,1,3
14702842,1,1,1,2,2,2,1,2,1,1,2,2,2,2,2,2,1,1,1,3
14765375,1,1,1,3,3,2,3,2,2,1,2,2,2,2,2,2,1,1,1,3
14840470,1,1,1,3,1,2,4,2,1,1,3,2,2,2,2,2,1,1,2,3
14655519,1,1,1,2,3,2,4,2,1,1,2,2,2,1,2,1,1,1,3,3
14712810,1,1,1,3,3,2,4,2,1,1,2,1,2,2,2,2,1,1,2,3
14784885,1,1,1,2,1,1,3,2,1,1,2,2,2,1,2,1,2,1,1,3
14874580,1,1,1,2,1,2,4,2,1,1,2,2,2,1,2,2,1,1,3,3
14875029,1,1,1,2,1,2,4,2,1,1,2,2,2,1,2,2,1,1,3,3
14655518,1,1,1,2,1,2,4,2,1,1,2,2,2,2,2,2,1,1,2,3
14678272,1,1,1,3,1,2,4,2,1,1,2,2,2,1,2,2,1,1,1,3
14839739,1,1,1,2,1,2,2,2,1,1,2,1,2,1,2,1,2,1,1,3
14717244,1,1,1,2,1,2,3,2,1,2,3,2,2,2,2,2,1,2,1,3
14659400,1,2,2,2,4,1,4,1,3,2,1,1,1,2,1,2,1,1,1,3
14769246,1,2,1,3,5,2,1,2,1,1,1,2,2,1,2,2,4,1,3,3
14741566,1,2,1,3,3,2,1,2,1,1,2,2,2,2,2,2,3,1,1,3
14771818,1,2,1,2,1,2,3,2,1,1,2,2,2,2,2,2,1,2,1,3
14825199,1,2,2,3,3,2,4,2,3,1,2,2,1,1,2,2,2,1,2,3
14769240,1,2,2,2,1,2,3,2,4,1,3,2,2,1,2,2,1,1,1,3
14774214,1,2,2,3,5,2,3,2,4,1,1,2,2,2,2,2,4,1,1,2
14771810,1,2,2,2,1,2,3,2,4,1,3,1,2,2,2,2,1,1,1,3
14771807,1,2,1,2,1,2,2,2,2,1,2,2,2,1,2,2,1,1,1,3
14726488,1,2,1,3,1,2,4,2,1,1,2,2,2,1,2,2,1,1,1,3
14678267,1,2,1,3,3,2,4,2,1,1,2,1,2,2,2,3,1,2,1,3
14706932,1,2,1,2,1,2,3,2,1,1,2,2,2,1,2,2,1,1,1,3
14692409,1,2,1,3,3,2,3,2,1,1,2,2,2,1,2,2,3,1,1,3
14769236,1,2,3,2,1,2,2,1,3,1,2,1,2,2,2,2,1,1,1,3
14893935,1,1,2,2,5,2,3,2,1,1,1,2,2,2,2,2,1,2,1,2
14711778,1,1,1,3,1,2,4,2,1,1,2,2,2,1,2,2,1,1,1,3
14712809,1,1,1,2,1,2,4,2,1,1,2,2,2,2,2,2,1,1,1,3
14773098,1,1,1,2,1,2,3,2,1,1,3,2,2,1,2,2,1,1,1,3
14773096,1,1,1,2,1,2,3,2,1,1,2,2,2,1,2,2,1,2,1,3
14769229,1,1,1,3,1,2,2,2,2,1,2,2,2,2,2,2,1,1,1,3
14783212,1,1,2,2,3,2,3,2,4,1,2,1,2,1,2,2,1,1,3,3
14771773,1,1,2,3,4,2,2,2,4,1,1,2,2,2,2,2,1,1,3,3
14655516,1,1,1,2,3,2,4,2,1,1,2,2,2,2,2,1,1,1,1,3
14911063,1,1,1,2,2,2,2,2,1,1,2,2,2,1,2,1,1,1,1,3
14732045,1,1,1,3,3,2,1,2,1,1,2,2,2,1,2,2,1,1,1,3
14737596,1,1,1,2,1,2,3,2,1,1,2,2,2,1,2,2,1,1,1,3
14741483,1,1,1,2,3,2,1,2,1,1,3,2,2,1,2,2,3,2,1,3
14703423,1,1,1,2,3,2,2,2,2,1,2,1,2,2,2,2,1,1,2,3
14783211,1,1,1,2,3,2,3,2,1,1,2,1,2,1,2,2,1,1,3,3
14814734,1,1,3,2,4,2,3,2,4,1,1,2,2,1,2,2,1,1,1,3
14655515,1,1,2,2,1,2,4,2,1,1,2,2,2,2,2,1,1,1,2,3
14684027,1,1,1,3,1,2,4,2,1,1,2,2,2,2,2,2,1,1,1,3
14851518,1,1,1,2,2,2,2,2,1,1,2,2,2,2,2,2,1,1,2,2
14706971,1,1,1,2,3,2,3,2,1,1,2,2,2,1,2,2,1,1,1,3
14752847,1,1,1,2,1,2,3,2,1,1,3,2,2,1,2,1,1,1,3,3
14808094,1,1,1,3,3,2,4,2,4,1,2,2,2,2,2,1,1,1,1,3
14655514,1,1,1,2,1,2,4,2,1,2,2,1,2,1,2,3,1,2,1,3
14703422,1,1,1,2,3,2,2,2,1,1,2,1,2,2,2,2,1,1,3,3
14657954,1,1,2,2,5,2,3,1,4,1,1,2,2,1,2,2,1,2,1,2
14765754,1,1,2,2,3,2,3,2,1,1,2,1,2,1,2,2,1,1,2,3
14703420,1,1,1,3,1,2,4,1,1,2,2,2,2,2,2,2,1,1,1,3
14875313,1,1,1,2,4,1,3,2,1,2,1,2,2,2,2,2,1,1,1,3
14690577,1,1,1,3,5,2,4,2,1,1,2,2,2,2,2,2,1,1,2,3
14760866,1,1,1,3,1,2,1,1,1,2,2,2,2,1,2,2,1,1,3,3
14783209,1,1,1,3,3,2,3,1,1,2,2,1,2,2,2,2,1,1,2,3
14928062,1,1,3,2,3,2,3,1,4,2,2,2,2,1,2,2,1,1,1,3
14928061,1,1,2,2,4,2,3,1,4,2,1,1,2,1,2,3,1,1,1,3
14732032,1,1,2,3,3,2,1,1,4,2,2,2,2,2,2,2,1,1,1,3
14655347,1,1,2,2,4,2,4,1,2,2,1,2,2,2,2,2,1,1,2,3
14713120,1,1,1,3,1,2,3,1,1,2,3,2,2,1,2,2,4,1,1,2
14874570,1,1,1,2,1,2,4,1,1,2,2,2,2,1,2,2,1,1,2,3
14702952,1,1,1,3,1,2,4,1,2,2,2,2,2,2,2,2,1,1,1,3
14701498,1,1,1,2,4,2,3,1,1,2,1,2,2,1,2,2,3,1,1,3
14889532,1,2,2,2,1,2,1,2,4,1,2,2,2,1,2,2,3,1,1,3
14735241,1,2,1,2,4,2,2,2,4,1,1,2,2,1,2,2,1,1,1,3
14771702,1,2,1,2,1,2,3,2,1,1,2,2,2,1,2,3,1,1,2,3
14777528,1,2,1,3,4,2,4,2,1,1,1,2,2,2,2,2,1,1,1,3
14838220,1,2,1,2,3,1,4,2,1,1,2,2,2,1,2,2,1,2,1,3
14741389,1,2,1,3,3,2,2,2,1,1,2,2,2,2,2,2,2,2,1,3
14703416,1,1,1,3,3,2,4,2,1,1,3,2,2,2,2,2,1,1,3,3
14814719,1,1,1,2,1,2,3,2,1,1,2,2,2,1,2,2,1,1,1,3
14903267,1,1,1,2,1,2,3,2,1,1,2,2,2,1,2,1,1,1,1,3
14703414,1,1,1,3,5,2,4,2,1,1,1,2,2,2,2,2,1,1,1,2
14857435,1,1,1,2,1,2,3,2,1,1,2,2,2,1,2,2,2,1,1,2
14655511,1,1,1,2,5,2,4,2,1,1,1,2,2,2,2,2,1,1,1,3
14703415,1,1,1,3,1,2,4,2,1,1,2,2,2,2,2,3,1,1,1,3
14741357,1,1,1,3,3,2,1,2,1,1,2,2,2,2,2,1,1,1,3,3
14771672,1,1,3,2,3,2,3,1,3,2,2,2,2,1,2,2,1,1,3,3
14661117,1,1,3,3,4,2,4,2,4,1,1,2,2,2,2,2,1,1,3,3
14694105,1,1,2,2,1,2,3,2,4,1,2,2,2,2,2,3,1,1,2,3
14806331,1,1,2,2,1,2,4,2,4,1,2,2,2,1,2,2,1,1,1,3
14710272,1,1,1,3,3,2,4,2,2,1,2,2,2,1,2,2,1,1,1,3
14928032,1,1,1,2,1,2,3,2,1,1,2,2,2,1,2,2,1,1,1,3
14926446,1,1,1,3,1,2,4,2,1,1,2,1,2,2,2,2,2,1,1,3
14725301,1,1,1,3,1,2,1,2,1,1,2,2,2,1,2,2,1,1,1,3
14706928,1,1,1,2,1,2,3,2,1,1,3,2,2,2,2,2,1,1,1,3
14655510,1,1,2,2,4,2,4,2,3,1,1,2,2,2,2,3,1,1,1,3
14711896,1,1,1,3,1,2,4,2,1,1,3,2,2,2,2,3,1,1,3,3
14771647,1,1,1,2,1,2,3,2,1,1,2,2,2,1,2,2,1,1,1,3
14760849,1,1,1,2,3,2,1,2,1,1,2,2,2,2,2,2,1,1,3,3
14810224,1,1,1,3,3,2,2,2,1,1,2,2,2,1,2,2,1,1,1,3
14928029,1,1,1,2,4,2,3,2,1,1,1,2,2,1,2,2,1,1,1,3
14656687,1,1,1,2,1,2,4,2,1,1,3,2,2,2,2,2,1,1,2,3
14930481,1,1,1,3,3,1,4,2,1,1,2,2,2,2,2,1,2,1,3,3
14703412,1,1,1,2,4,2,2,2,1,1,1,2,2,1,2,2,1,1,1,3
14759703,1,1,1,3,5,2,4,2,1,1,2,2,2,2,2,2,1,2,3,3
14891200,1,1,1,3,1,2,4,2,1,1,2,2,2,1,2,2,2,1,1,3
14783206,1,1,1,2,1,2,3,2,1,1,2,1,2,2,2,2,1,1,1,3
14833583,1,1,1,2,4,2,2,2,1,1,1,2,2,1,2,2,1,1,1,3
14856229,1,1,1,2,1,2,4,2,1,1,3,2,2,1,2,2,1,1,1,3
14808093,1,1,2,3,3,2,4,2,3,1,2,2,2,2,2,2,1,1,3,3
14771639,1,1,2,3,1,2,3,2,4,1,2,2,2,1,2,2,1,1,1,3
14655509,1,1,1,2,3,2,4,2,1,1,2,2,2,2,2,2,1,1,1,3
14655508,1,1,1,2,3,2,4,2,1,1,2,2,2,1,2,2,1,1,3,3
14911602,1,1,1,3,4,2,4,2,1,1,2,2,2,1,2,3,1,1,1,3
14760842,1,1,1,2,1,2,3,2,1,1,2,2,2,1,2,2,1,1,1,3
14697962,1,1,1,2,1,2,3,2,1,1,2,2,2,2,2,2,1,1,2,3
14703408,1,1,1,3,1,2,4,2,1,1,2,2,2,2,2,2,1,1,1,3
14778943,1,1,1,2,3,2,1,2,1,1,2,2,2,1,2,2,1,1,3,3
14706905,1,1,1,2,1,2,3,2,1,1,3,2,2,2,2,3,1,1,3,3
14809226,1,1,1,2,1,1,4,2,1,1,2,2,2,1,2,1,3,1,1,3
14706902,1,1,1,3,2,2,3,2,1,1,2,2,2,2,2,1,1,1,2,3
14710267,1,1,1,3,3,2,4,2,1,1,2,1,2,2,2,2,1,1,1,3
14726478,1,2,1,3,1,2,4,2,1,1,2,2,2,2,2,1,1,2,1,3
14789553,1,2,1,2,1,2,2,2,2,1,2,2,2,1,2,1,3,1,1,3
14771608,1,2,1,2,2,2,3,2,2,1,2,2,2,1,2,1,1,2,1,3
14678919,1,2,1,3,3,2,3,2,1,1,2,1,2,2,2,2,1,1,2,3
14703095,1,2,2,2,1,2,1,2,4,1,2,2,2,1,2,2,1,1,1,3
14661115,1,2,2,3,4,2,4,2,4,1,1,2,2,2,2,2,1,1,3,3
14686167,1,2,2,3,1,2,4,2,4,1,2,2,2,2,2,2,1,1,1,3
14655506,1,2,1,2,3,2,4,2,1,1,2,2,2,2,2,2,1,1,1,3
14739795,1,2,1,3,1,2,4,2,1,1,2,2,2,1,2,2,1,1,1,3
14771593,1,2,1,2,1,2,3,2,1,1,2,2,2,1,2,2,1,1,1,3
14655505,1,2,1,2,4,2,4,2,1,1,1,1,2,2,2,2,1,1,1,3
14771591,1,2,1,2,1,2,3,2,1,1,2,1,2,1,2,2,1,2,2,3
14773040,1,1,2,3,3,2,2,2,4,1,2,1,2,1,2,2,1,1,2,3
14710266,1,1,2,3,1,2,4,2,4,1,3,2,2,2,2,2,1,1,2,3
14769115,1,1,1,2,1,2,3,2,1,1,3,2,2,1,2,2,1,1,3,2
14703405,1,1,1,3,1,2,4,2,1,1,2,2,2,2,2,2,1,1,1,3
14771582,1,1,1,2,3,2,1,2,1,1,2,2,2,1,2,2,1,1,3,3
14682384,1,1,1,3,1,2,2,1,1,2,2,2,2,1,2,1,1,1,1,3
14754980,1,1,1,2,4,2,1,2,1,2,1,2,2,1,2,1,2,1,3,3
14655504,1,1,1,2,4,2,4,1,1,2,1,2,2,2,2,2,1,1,1,3
14769110,1,1,3,2,1,2,3,1,4,2,2,2,2,2,2,2,1,1,1,3
14703402,1,1,1,3,1,2,4,2,1,1,3,1,2,2,2,1,1,1,1,3
14669630,1,1,1,2,3,2,1,2,1,1,2,2,2,2,2,3,1,1,1,3
14783199,1,1,1,2,3,2,3,2,1,1,2,2,2,1,2,2,1,1,2,3
14714183,1,1,1,3,1,2,3,2,1,1,2,2,2,1,2,2,2,1,1,3
14669628,1,1,1,2,3,2,1,2,1,1,2,2,2,1,2,1,1,1,3,3
14925277,1,1,3,3,1,2,2,2,4,1,2,2,1,1,2,2,2,1,2,3
14706874,1,1,2,3,2,2,3,2,4,1,2,2,2,1,2,1,1,1,1,3
14683381,1,1,2,3,1,2,3,2,4,1,2,2,2,2,2,2,1,1,1,3
14930479,1,1,1,3,1,1,4,2,1,1,2,2,2,2,2,3,2,1,3,3
14910043,1,1,1,2,4,2,1,2,1,1,1,2,2,1,2,1,1,2,1,3
14771547,1,1,1,2,3,2,3,2,1,1,2,1,2,2,2,2,1,1,2,3
14712807,1,1,1,2,1,2,4,2,1,1,2,2,2,2,2,2,1,1,3,3
14655503,1,1,1,2,1,2,4,2,1,2,3,2,2,2,2,2,1,1,1,3
14703401,1,1,1,2,1,2,4,2,1,1,3,2,2,2,2,2,1,1,2,3
14703400,1,1,2,2,3,2,2,2,4,1,2,2,2,2,2,2,1,1,3,3
14703399,1,1,2,2,3,2,2,2,4,1,2,1,2,2,2,2,1,1,3,3
14678257,1,1,1,3,4,2,4,2,1,1,1,1,2,2,2,3,1,1,1,3
14933273,1,1,1,3,1,2,4,2,1,1,2,2,2,1,2,1,1,1,1,3
14729428,1,1,1,3,4,2,4,2,1,1,1,2,2,1,2,2,1,1,1,3
14731961,1,1,1,3,3,2,1,2,1,1,2,2,2,1,2,2,1,1,1,3
14895698,1,1,1,3,1,2,4,2,1,1,2,2,2,2,2,2,2,1,3,3
14816800,1,1,1,3,3,2,3,2,1,1,2,2,2,1,2,2,2,1,3,3
14737762,1,1,3,2,4,2,3,2,4,1,1,1,2,1,2,2,1,2,1,3
14655499,4,1,1,2,1,2,4,2,1,1,2,1,2,2,2,2,1,1,2,3
14701811,4,1,1,3,1,2,4,2,1,1,2,2,2,2,2,2,2,2,3,3
14717223,4,1,1,2,3,2,3,2,1,1,2,2,2,1,2,1,1,1,1,3
14760795,4,1,1,2,1,2,1,1,1,2,2,2,2,2,2,2,1,1,1,3
14772512,4,1,1,2,3,2,4,2,1,1,3,2,2,2,2,1,1,2,3,3
14655498,4,2,2,2,5,2,4,2,3,2,1,2,1,1,2,2,1,1,1,3
14855894,4,2,2,3,4,2,4,2,4,1,3,2,2,1,2,1,1,1,3,3
14931866,4,2,1,3,4,1,4,2,1,1,1,2,2,1,2,2,1,1,1,3
14844005,4,2,1,2,4,2,1,2,1,1,1,2,2,2,2,1,1,1,3,3
14717220,4,2,3,2,4,2,3,2,4,1,1,1,2,2,2,2,1,1,2,3
14703395,4,2,2,2,1,2,4,2,1,1,3,2,2,2,2,2,1,1,1,3
14711772,4,2,1,3,4,2,4,2,1,1,1,2,2,2,2,2,1,1,1,3
14741056,4,2,1,2,2,2,1,2,1,1,2,2,2,2,2,2,3,1,1,3
14656685,4,2,3,2,4,2,4,2,3,1,1,2,2,1,2,2,1,2,1,3
14729421,4,1,2,3,1,2,4,2,3,1,2,2,2,1,2,2,1,1,1,3
14731941,4,1,2,3,3,2,1,2,4,1,2,2,2,2,2,2,1,1,1,3
14655497,4,1,1,2,1,2,4,2,1,1,2,2,2,2,2,2,1,1,2,3
14655496,4,1,1,2,1,2,4,2,1,1,3,2,2,2,2,1,1,1,2,3
14909062,4,1,1,2,1,2,2,2,1,1,2,2,2,1,2,1,1,1,1,3
14799866,4,1,1,3,3,2,3,2,1,1,2,2,2,2,2,2,1,1,3,3
14771454,4,1,1,2,3,2,3,1,1,2,2,2,2,1,2,2,1,1,3,3
14841793,4,1,1,2,1,2,3,2,1,1,2,2,2,2,2,2,1,1,1,3
14678121,4,1,1,3,3,2,3,2,1,1,2,2,2,2,2,2,1,1,2,3
14703389,4,1,1,2,1,2,4,1,1,2,2,2,2,1,2,2,1,1,1,3
14731929,4,1,1,3,1,2,1,1,1,2,2,2,2,1,2,2,1,1,1,3
14797857,4,1,1,3,1,2,1,1,1,2,3,1,2,1,2,2,1,1,2,3
14799862,4,1,1,3,3,2,3,2,1,1,2,2,2,2,2,1,1,1,1,3
14703386,4,1,1,2,1,2,4,1,1,2,3,2,1,1,1,2,1,1,3,3
14655495,4,1,2,2,4,2,4,1,3,2,1,1,2,2,2,2,1,1,2,3
14703383,4,1,1,3,1,2,4,2,1,1,2,2,2,2,2,2,1,1,2,3
14759697,4,1,1,3,1,2,4,2,1,1,2,2,2,2,2,3,1,1,1,3
14804377,4,1,1,2,4,2,1,2,1,1,1,2,2,2,2,2,1,1,3,3
14740992,4,1,1,2,3,2,1,1,1,2,2,2,2,2,2,2,3,1,1,3
14655494,4,1,3,2,4,2,4,1,3,2,1,2,2,1,2,2,1,1,3,3
14814647,4,1,1,2,3,2,3,1,4,2,2,2,2,2,2,1,1,1,1,3
14717215,4,1,1,2,1,2,3,1,1,2,2,1,2,1,2,2,1,1,2,3
14760539,4,1,1,3,1,2,1,2,1,1,2,2,2,1,2,2,1,1,1,3
14703380,4,1,2,2,1,2,4,2,4,1,2,2,2,2,2,2,1,2,1,3
14893519,4,1,1,3,1,2,4,2,1,1,2,2,2,2,2,2,1,1,1,3
14703378,4,1,1,2,3,2,4,2,1,1,2,2,2,2,2,2,1,1,2,3
14932199,4,1,1,3,3,2,2,2,1,1,2,2,2,1,2,2,2,1,2,3
14775032,4,1,1,3,3,2,3,2,1,1,2,1,2,1,2,1,1,1,1,3
14801936,4,1,1,3,3,2,3,2,1,1,2,2,2,1,2,1,1,1,1,3
14769035,4,1,1,2,3,2,3,2,1,1,2,2,2,1,2,2,1,1,2,3
14774202,4,1,1,2,1,2,3,2,1,2,3,2,2,1,2,2,1,1,1,3
14797846,4,2,2,2,1,2,2,1,4,2,2,2,2,2,2,2,1,1,1,3
14769023,4,2,1,3,1,2,3,2,1,1,3,2,2,1,2,2,1,1,1,3
14770332,4,2,1,2,1,2,3,2,1,1,2,2,2,2,2,2,1,1,1,3
14922749,4,2,3,3,3,2,3,2,4,1,2,2,2,2,2,1,2,2,3,3
14726454,4,1,2,3,3,2,4,2,4,1,2,2,2,1,2,2,1,1,2,3
14655491,4,1,2,2,3,2,4,2,4,1,2,1,2,2,2,2,1,1,1,3
14866820,4,1,2,3,1,2,4,2,3,1,2,2,2,2,2,2,1,1,1,3
14655490,4,1,2,2,1,2,4,2,4,1,2,1,2,2,2,2,1,1,1,3
14769020,4,1,1,2,1,2,3,2,1,1,2,2,2,1,2,2,1,1,1,3
14702040,4,1,1,3,3,2,3,2,1,1,2,2,2,2,2,2,1,1,3,3