Crash ID,Date,Day of Week,Time,Lane Count,Crash Type,Functional Class,Speed Limit,Environmental Conditions,Light Conditions,Surface Condition,Total Vehicles Involved,Curve Related,Alcohol Involved,Distracted Driving Involved,Drugged Driver Involved,Older Driver Involved,Temp Traffic Control Zone,Traffic Controls Present,Vehicle Type,Severity
14876221,4,1,1,2,1,2,3,2,1,1,3,2,2,1,2,1,1,1,1,3
14655341,4,1,1,2,1,2,4,2,1,1,2,2,2,2,2,1,1,1,1,3
14736868,4,1,1,2,2,2,1,2,2,2,2,2,2,2,2,2,1,1,2,3
14771347,4,1,1,2,1,2,1,1,2,1,2,2,2,1,2,2,1,1,3,3
14921383,4,1,2,2,4,2,1,2,4,1,1,2,1,1,2,2,1,1,1,3
14912399,4,1,2,2,4,2,1,2,3,1,1,2,2,2,2,3,1,1,1,3
14703373,4,1,2,2,4,2,2,2,1,1,2,2,2,2,2,1,1,1,1,3
14659452,4,1,1,2,4,2,3,2,1,1,1,2,1,2,2,2,1,1,1,2
14703086,4,1,1,2,2,2,1,2,1,1,2,2,2,2,2,2,1,1,1,3
14656907,4,1,1,3,1,2,3,2,1,1,3,2,2,1,2,2,1,1,1,3
14731892,4,1,1,3,3,2,1,2,1,1,2,2,2,2,2,2,1,1,3,3
14897369,4,1,1,3,3,2,4,2,1,1,2,2,2,1,2,2,1,1,1,3
14805447,4,1,1,2,3,2,4,2,1,1,2,1,2,2,2,1,1,1,3,3
14692398,4,1,3,3,1,2,3,2,4,1,2,2,2,2,2,2,1,1,1,3
14895323,4,1,1,2,2,2,2,2,2,1,2,2,2,2,2,2,3,1,1,3
14737514,4,1,1,2,1,2,1,2,1,1,3,2,2,1,2,2,3,1,2,3
14772968,4,1,1,2,1,2,3,2,1,1,3,2,2,1,2,1,1,1,1,3
14740910,4,1,1,2,4,2,1,2,1,1,1,2,2,2,2,2,2,1,3,3
14786775,4,1,1,3,3,2,2,2,1,1,2,2,2,1,2,2,2,1,3,3
14703372,4,1,1,2,1,2,4,2,1,1,2,1,2,2,2,2,1,1,1,3
14703370,4,1,2,3,1,2,4,2,4,1,2,2,2,1,2,2,1,1,1,3
14810137,4,1,1,3,3,2,2,2,4,1,2,1,2,2,2,3,1,1,1,3
14814629,4,1,1,2,1,2,3,1,1,2,2,2,2,1,2,2,1,1,1,3
14710253,4,1,1,3,1,2,4,1,1,2,2,2,2,2,2,2,1,1,1,3
14731883,4,1,1,3,3,2,1,1,1,2,2,2,2,2,2,2,1,1,1,3
14852734,4,1,1,2,4,2,2,1,1,2,1,2,2,1,2,2,1,1,1,3
14799827,4,1,1,3,3,2,3,1,1,2,2,2,2,2,2,2,1,1,3,3
14816749,4,1,1,2,1,2,2,1,1,2,2,1,2,1,2,2,1,1,1,3
14817845,4,1,1,3,1,2,3,1,2,2,2,2,2,2,2,3,1,1,1,3
14754428,4,1,1,2,2,1,3,1,1,2,2,2,2,2,2,1,1,1,1,3
14703368,4,1,1,3,3,2,4,1,1,2,3,2,2,2,2,3,1,1,1,3
14678761,4,1,1,3,3,2,3,2,1,1,2,2,2,2,2,1,2,2,2,3
14737683,4,1,3,3,2,2,2,2,4,1,3,2,2,2,2,2,4,1,1,3
14931861,4,2,1,3,1,1,4,2,1,1,2,2,2,2,2,2,1,1,3,3
14655489,4,2,1,2,1,2,4,2,1,1,2,2,2,1,2,1,1,1,3,3
14710247,4,2,1,3,3,2,4,2,1,1,2,2,2,2,2,3,1,1,1,3
14710248,4,2,1,3,3,2,4,2,1,1,2,2,2,2,2,2,1,1,1,3
14710246,4,2,2,3,1,2,4,2,4,1,2,2,2,2,2,2,1,1,2,3
14719173,4,2,1,2,3,2,3,2,1,1,2,2,2,2,2,2,1,1,2,3
14726447,4,2,1,3,1,2,4,2,1,1,3,2,2,2,2,2,1,1,1,3
14748865,4,2,1,3,3,2,4,2,1,1,2,2,2,2,2,2,1,1,1,3
14864040,4,2,1,3,4,2,3,2,1,1,1,2,2,1,2,2,1,1,1,3
14737744,4,1,1,2,4,2,3,2,1,1,2,1,2,2,2,2,1,1,3,3
14706752,4,1,1,3,1,2,3,2,1,1,2,2,2,2,2,2,3,1,1,3
14906818,4,1,1,2,1,2,2,2,1,1,2,2,2,1,2,2,2,3,3,3
14817840,4,1,2,3,3,2,3,2,4,1,2,2,2,1,2,2,1,1,1,3
14703366,4,1,1,2,1,2,2,1,3,1,3,2,2,2,2,2,1,1,3,3
14771243,4,1,1,3,3,2,1,2,4,1,2,2,2,1,2,1,1,1,1,3
14909404,4,1,1,2,1,1,3,2,1,1,2,2,2,1,2,2,1,1,2,3
14843405,4,1,1,2,5,2,1,2,1,1,1,2,2,1,2,1,1,1,1,3
14703363,4,1,1,2,1,2,2,2,1,1,2,1,2,1,2,2,1,1,1,3
14901356,4,1,1,3,3,2,4,2,1,1,2,2,2,2,2,1,1,1,3,3
14789402,4,1,1,2,2,2,1,1,1,1,2,2,2,1,2,1,3,1,3,3
14826273,4,1,1,3,1,2,4,2,1,1,2,1,2,2,2,3,1,1,1,3
14703361,4,1,1,3,1,2,4,2,1,1,3,2,2,1,2,2,1,1,3,3
14908406,4,1,1,2,1,1,2,2,1,1,2,2,2,1,2,3,1,1,1,3
14798668,4,1,1,2,1,2,1,2,1,1,2,2,2,1,2,3,1,1,1,3
14655486,4,1,1,2,5,2,3,2,1,1,1,2,2,2,2,2,1,1,1,3
14833128,4,1,1,2,1,2,3,1,1,2,2,2,2,1,2,2,1,1,2,3
14710245,4,1,2,3,3,2,4,1,4,2,2,2,2,2,2,2,1,1,1,3
14703360,4,1,2,2,3,2,4,2,4,2,2,2,1,2,2,2,1,1,1,3
14768746,4,1,1,3,3,2,3,2,1,1,2,2,2,1,2,2,1,1,1,3
14703359,4,1,1,3,1,2,4,1,1,2,2,2,2,2,2,2,1,1,3,3
14666758,4,1,1,3,1,2,1,2,1,1,2,2,2,1,2,1,1,1,1,3
14735332,4,1,1,2,1,2,1,2,1,2,2,2,2,2,2,2,1,1,1,3
14853745,4,1,1,3,4,2,4,2,2,1,1,1,2,1,2,2,1,1,3,3
14737392,4,1,1,2,3,2,1,2,1,1,2,2,2,2,2,1,1,1,3,3
14724061,4,1,1,2,3,2,1,2,1,1,2,2,2,1,2,2,1,1,1,3
14682168,4,1,1,2,3,2,1,1,1,2,2,2,2,1,2,2,2,1,1,3
14659451,4,1,1,2,1,2,3,1,1,2,2,2,2,2,2,2,1,1,3,3
14703356,4,1,1,3,1,2,4,2,1,1,2,2,2,2,2,2,2,1,1,3
14849494,4,1,3,3,3,2,4,2,3,1,2,2,2,2,2,1,1,1,3,3
14710242,4,2,2,3,3,2,4,2,2,1,2,2,2,2,2,2,1,1,1,3
14655485,4,2,2,2,3,2,4,2,4,1,2,2,2,1,2,1,1,1,1,3
14731836,4,2,1,3,2,2,1,2,4,1,2,2,2,1,2,2,1,1,1,3
14731620,4,2,1,2,2,2,1,2,1,1,2,2,2,1,2,2,1,1,1,3
14838644,4,1,2,3,2,2,2,2,4,2,2,2,2,1,2,2,3,1,1,3
14655484,4,1,2,2,3,2,4,1,3,2,2,2,2,2,2,3,1,1,3,3
14801231,4,1,2,2,4,2,4,2,3,1,1,1,2,2,2,2,1,1,3,3
14772506,4,1,1,2,3,2,4,2,1,1,2,2,2,2,2,2,1,1,3,3
14771201,4,1,1,2,1,2,3,2,1,1,2,2,2,2,2,2,1,2,1,3
14810077,4,1,1,3,3,2,3,2,1,1,2,1,2,1,2,2,1,1,3,3
14703353,4,1,1,2,3,2,4,2,1,1,2,2,2,2,2,2,1,1,3,3
14737593,4,1,1,2,1,2,3,1,1,1,3,2,2,1,2,1,1,1,1,3
14737592,4,1,1,2,1,2,3,1,1,1,2,2,2,1,2,2,1,1,1,3
14772925,4,1,1,2,1,2,3,2,1,1,3,2,2,2,2,2,1,1,1,3
14842436,4,1,1,2,4,2,2,2,1,1,1,2,2,1,2,1,1,2,3,3
14703351,4,1,3,2,4,2,2,1,4,2,1,1,2,2,2,2,1,1,1,3
14703350,4,1,2,3,1,2,4,1,4,2,2,2,2,2,2,2,1,1,1,3
14703349,4,1,1,3,1,2,4,1,1,2,2,2,2,2,2,2,1,1,1,3
14703348,4,1,1,3,1,2,4,1,1,2,2,2,2,2,2,1,1,1,1,3
14748861,4,1,1,3,1,2,4,2,1,1,2,2,2,2,2,2,1,2,1,3
14655483,4,1,1,2,5,2,4,2,1,1,1,2,2,2,2,2,1,1,1,2
14678242,4,1,1,3,4,2,4,2,4,1,1,2,2,1,2,2,1,1,1,3
14854259,4,1,1,2,1,2,3,1,1,2,2,2,2,1,2,2,2,1,1,3
14798658,4,1,1,2,3,2,1,2,1,1,3,2,2,1,2,2,1,1,3,3
14778404,4,1,1,3,4,2,4,2,1,1,1,2,2,2,2,2,1,1,3,3
14772505,4,1,1,2,3,2,4,2,1,1,2,2,2,2,2,2,1,1,3,3
14896065,4,1,1,2,1,2,1,2,1,1,2,2,2,2,2,2,1,1,1,3
14846206,4,1,1,3,3,2,4,2,1,1,2,2,2,2,2,1,1,1,3,3
14761913,4,1,1,2,2,2,1,2,1,1,2,2,2,2,2,1,1,1,1,3
14912246,4,1,1,2,3,2,2,2,1,1,2,2,2,2,2,2,1,1,1,3
14725184,4,1,1,3,3,2,1,2,1,1,2,2,2,2,2,2,1,1,3,3
14874523,4,1,1,2,1,2,4,2,1,1,3,2,2,2,2,1,1,3,2,3
14740643,4,1,2,3,3,2,2,2,3,1,3,2,2,1,2,2,1,3,2,3
14706691,4,1,1,3,1,2,3,1,4,2,2,2,2,1,2,2,1,3,1,3
14706688,4,1,1,2,3,2,3,1,1,2,2,2,2,2,2,2,1,3,1,3
14847084,4,1,1,2,1,2,1,2,1,1,2,2,2,2,2,1,1,3,3,3
14893973,4,1,1,2,4,2,2,1,1,1,1,2,2,1,2,2,1,3,3,3
14831372,4,1,1,3,1,2,4,1,1,2,2,2,2,1,2,2,1,3,3,3
14866804,4,1,1,3,1,2,4,2,1,1,3,2,2,1,2,2,2,3,2,3
14792760,4,1,1,3,4,2,1,2,1,1,1,2,2,2,2,2,1,3,3,3
14737591,4,1,1,2,1,2,3,2,1,1,2,2,2,1,2,2,2,3,2,3
14655482,4,1,1,2,3,2,4,2,1,1,2,2,2,1,2,2,1,3,2,3
14726430,4,2,2,3,1,2,4,2,3,1,2,1,2,2,2,2,1,3,1,3
14653902,4,2,1,3,3,1,4,2,1,1,2,2,2,2,2,1,1,3,3,3
14772662,4,2,1,2,2,2,3,2,1,2,2,2,2,1,2,2,1,3,1,3
14717172,4,2,3,2,4,2,4,2,4,1,1,2,2,2,2,2,1,3,1,3
14695188,4,2,2,3,3,2,4,2,3,1,2,2,2,2,2,1,2,3,1,3
14772483,4,2,1,2,3,2,3,2,1,1,2,1,2,2,2,1,1,3,3,3
14772906,4,2,1,3,1,2,3,2,1,1,2,2,2,1,2,3,3,3,1,3
14834111,4,2,1,2,1,2,4,2,1,1,2,2,2,1,2,2,1,3,1,3
14767160,4,2,1,2,3,2,3,2,1,1,2,2,2,2,2,3,1,3,2,3
14748860,4,1,2,3,1,2,4,2,3,1,2,2,2,1,2,3,1,3,1,3
14710237,4,1,2,3,1,2,4,2,4,1,3,2,2,2,2,2,1,3,1,3
14703344,4,1,1,3,1,2,4,2,4,1,3,2,2,2,2,1,1,3,2,3
14706668,4,1,1,3,1,2,3,2,1,1,2,2,2,2,2,3,1,3,1,3
14654217,4,1,1,2,1,2,3,2,1,2,3,2,2,1,2,2,1,3,3,3
14655481,4,1,1,2,1,2,4,2,1,1,2,1,2,1,2,3,1,3,1,3
14706665,4,1,1,3,3,2,2,1,1,2,2,2,2,2,2,1,3,3,2,3
14748964,4,1,1,3,5,2,4,2,1,1,2,1,2,2,2,1,2,3,3,3
14662867,4,1,3,3,3,2,4,2,1,1,2,2,2,2,2,2,4,3,3,3
14738793,4,1,2,2,3,2,4,2,4,1,2,2,2,2,2,2,1,3,3,3
14933268,4,1,2,3,1,2,4,2,1,1,2,2,2,2,2,2,1,3,1,3
14706659,4,1,2,3,3,2,3,2,4,1,2,2,2,2,2,2,1,3,1,3
14840417,4,1,1,3,5,2,4,2,1,1,1,2,2,2,2,3,1,3,1,3
14801225,4,1,1,2,3,2,4,2,1,1,2,1,2,1,2,1,1,3,3,3
14811811,4,1,1,2,3,2,4,2,1,1,2,1,2,1,2,2,1,3,3,3
14801224,4,1,1,2,3,2,4,2,1,1,2,1,2,1,2,1,1,3,3,3
14917371,4,1,3,2,1,2,3,2,4,2,2,2,2,2,2,2,1,3,1,3
14668259,4,1,1,2,3,2,2,2,2,1,2,2,2,2,2,2,1,3,1,3
14766743,4,1,1,2,3,2,3,2,1,2,2,2,2,2,2,2,1,3,1,3
14903207,4,1,1,2,1,2,3,2,1,1,2,2,2,1,2,1,3,3,1,3
14682872,4,1,1,2,2,2,1,1,1,2,2,2,2,1,2,2,2,3,1,3
14770216,4,1,3,3,4,2,2,2,1,2,1,2,2,2,2,2,1,3,3,3
14703339,4,1,2,2,5,2,4,2,4,2,1,2,2,2,2,2,1,3,1,3
14710235,4,1,2,3,1,2,4,2,4,2,2,2,2,2,2,2,1,3,3,3
14703338,4,1,2,3,3,2,4,2,4,2,2,2,2,2,2,2,1,3,1,2
14816673,4,1,2,3,2,2,3,2,4,2,2,2,2,1,2,2,1,3,1,3
14761633,4,1,1,3,1,2,1,2,4,2,2,2,2,2,2,2,1,3,1,3
14656681,4,1,1,2,4,2,4,2,1,2,1,2,2,2,2,3,1,3,1,3
14820948,4,1,1,2,3,2,1,2,1,1,2,2,2,2,2,2,1,3,3,3
14751464,4,1,1,2,3,2,2,2,1,2,2,2,2,1,2,2,1,3,1,3
14836756,4,1,1,2,1,2,3,2,1,2,3,2,2,1,2,3,3,3,1,3
14703343,4,1,1,3,3,2,4,2,1,1,2,2,2,2,2,1,1,3,3,3
14726421,4,1,1,3,1,2,4,2,1,1,2,2,2,2,2,2,1,3,2,3
14748225,4,1,2,2,2,2,2,2,4,2,2,2,2,1,2,2,2,3,3,3
14720176,4,1,1,2,1,2,3,2,1,1,3,2,2,1,2,3,1,3,2,3
14725141,4,1,1,2,3,2,1,2,1,2,2,2,2,2,2,1,1,3,3,3
14740447,4,1,1,3,1,2,1,2,1,2,2,2,2,1,2,2,1,3,1,3
14751458,4,1,1,2,3,2,2,2,1,2,2,2,2,1,2,2,1,3,1,3
14655479,4,1,3,2,4,2,4,2,3,1,1,2,2,2,2,2,1,3,1,3
14655478,4,2,2,2,1,2,4,2,4,1,2,2,2,2,2,2,1,3,1,2
14825597,4,2,2,3,1,2,4,2,3,2,2,2,2,1,2,2,2,3,3,3
14905439,4,2,1,3,3,2,4,2,2,2,3,2,2,2,2,2,2,3,3,3
14703340,4,2,1,2,4,2,2,2,1,2,1,1,2,2,2,2,1,3,1,3
14843917,4,2,1,2,2,2,3,1,1,2,2,2,2,2,2,3,3,3,2,3
14731178,4,2,1,3,4,2,4,2,1,2,1,2,2,1,2,2,1,3,1,3
14771445,4,2,1,3,1,2,1,2,1,2,2,2,2,2,2,2,3,3,1,3
14721553,4,2,1,2,3,1,3,1,1,2,2,2,2,2,2,1,4,3,3,3
14703335,4,2,1,3,4,2,4,1,1,2,1,2,2,2,2,2,1,3,1,3
14655476,4,1,2,2,4,2,3,1,4,2,1,2,2,1,2,2,1,3,1,3
14656679,4,1,2,2,4,2,4,1,3,2,1,2,2,2,2,2,1,3,1,3
14655477,4,1,1,2,5,2,4,2,1,1,1,2,2,1,2,2,1,3,1,3
14761429,4,1,1,2,4,2,3,2,1,1,2,2,2,1,2,2,1,3,3,3
14703331,4,1,1,3,3,2,4,2,2,1,2,2,2,2,2,2,1,3,1,3
14662865,4,1,1,3,3,2,4,2,1,1,2,2,2,2,2,2,1,3,3,3
14669437,4,1,1,3,1,2,2,2,1,1,2,2,2,2,2,2,1,3,2,3
14690261,4,1,1,2,1,2,4,2,1,1,2,2,2,1,2,1,1,3,1,3
14881120,4,1,1,3,1,2,3,2,1,1,2,2,2,1,2,2,1,3,3,3
14703328,4,1,1,2,1,2,2,2,1,1,3,2,2,2,2,2,1,3,1,3
14840410,4,1,1,3,3,2,4,2,1,1,2,2,2,2,2,2,1,3,1,3
14801222,4,1,1,2,3,2,4,2,1,1,2,2,2,2,2,2,1,3,3,3
14801221,4,1,1,2,3,2,4,2,1,1,2,2,2,2,2,2,1,3,3,3
14655474,4,1,1,2,3,2,4,2,1,1,2,2,2,1,2,2,1,3,3,3
14703327,4,1,1,3,1,2,4,2,2,1,2,2,2,1,2,2,1,3,1,3
14656678,4,1,1,2,1,2,4,2,1,1,2,2,2,1,2,2,1,3,2,3
14821821,4,1,1,3,1,2,3,2,1,1,2,2,2,2,2,2,1,3,3,3
14706595,4,1,1,3,1,2,2,2,1,1,2,2,2,2,2,2,1,3,1,3
14764927,4,1,1,2,3,2,3,2,1,1,2,2,2,2,2,2,1,3,3,3
14828022,4,1,1,2,1,2,3,2,1,1,2,2,2,1,2,3,2,3,2,3
14764921,4,1,1,2,1,2,2,2,1,1,2,2,2,1,2,2,1,3,3,3
14748859,4,1,1,3,3,2,4,2,1,1,2,2,2,2,2,2,1,3,1,3
14857316,4,1,2,2,2,2,3,2,3,1,3,2,1,1,2,2,1,3,1,3
14726411,4,1,2,3,3,2,4,2,3,1,3,2,2,2,2,2,1,3,2,3
14855554,4,1,1,2,4,2,2,2,2,1,1,2,2,2,2,2,1,3,3,3
14917807,4,1,1,2,1,2,3,2,1,1,3,2,2,1,2,2,1,3,3,3
14759795,4,1,1,3,3,2,4,2,1,1,3,2,2,2,2,2,1,3,3,3
14814498,4,1,1,3,3,2,1,2,1,1,2,1,2,2,2,2,1,3,3,3
14834092,4,1,1,2,3,2,4,2,1,1,2,2,2,2,2,2,1,3,3,3
14703325,4,1,1,3,1,2,4,2,1,1,2,2,2,2,2,3,1,3,1,3
14839895,4,1,1,3,3,2,2,2,1,1,2,2,2,2,2,2,1,3,3,3
14655824,4,1,2,2,5,2,4,2,4,1,2,2,2,1,2,2,1,3,1,3
14668304,4,1,1,2,2,2,2,2,1,1,2,2,2,1,2,1,1,3,1,3
14726409,4,1,1,3,1,2,4,2,1,2,2,2,2,1,2,2,1,3,1,3
14659392,4,2,2,2,3,1,4,1,4,2,2,2,2,2,2,2,1,3,1,3
14703322,4,2,1,2,4,2,2,2,1,1,1,1,2,2,2,2,1,3,1,3
14726408,4,2,3,3,1,2,4,2,3,1,2,2,1,1,2,2,1,3,1,3
14703323,4,2,1,2,4,2,2,2,2,1,1,1,2,2,2,2,1,3,1,3
14861731,4,2,1,2,2,2,2,1,1,1,2,2,2,1,2,2,1,3,1,3
14824971,4,2,1,3,4,2,4,1,1,2,1,1,2,2,2,1,1,3,1,3
14664204,4,2,1,2,3,2,2,1,1,2,2,2,2,1,2,2,1,3,1,3
14726407,4,1,2,3,3,2,4,2,1,1,2,2,2,1,2,1,1,3,1,3
14716875,4,1,1,2,4,2,3,2,4,1,3,2,1,1,2,2,1,3,2,2
14748856,4,1,1,3,1,2,4,2,4,1,2,2,2,2,2,1,1,3,2,3
14755846,4,1,1,2,1,2,2,2,2,1,2,2,2,2,2,3,1,3,1,3
14678230,4,1,1,3,3,2,4,2,1,1,2,2,2,2,2,2,1,3,1,3
14655823,4,1,1,2,1,2,4,2,1,1,2,2,2,2,2,2,1,3,1,3
14725112,4,1,1,3,3,2,1,2,1,1,2,2,2,1,2,2,1,3,3,3
14706550,4,1,1,3,1,2,2,1,1,1,2,2,2,2,2,2,3,3,2,3
14703320,4,1,1,3,3,2,4,2,1,1,2,2,2,2,2,3,1,3,3,3
14703321,4,1,1,2,3,2,2,2,1,1,2,2,2,2,2,2,1,3,1,3
14655822,4,1,1,2,3,2,4,2,1,1,2,2,2,1,2,1,1,3,3,3
14655469,4,1,1,2,3,2,4,2,1,1,2,2,2,2,2,2,1,3,3,3
14655468,4,1,1,2,1,2,4,2,1,1,2,2,2,2,2,2,1,3,1,3
14682337,4,1,1,2,3,2,2,2,1,1,2,2,2,1,2,2,1,3,3,3
14706540,4,1,1,3,3,2,2,2,1,1,2,2,2,1,2,2,1,3,1,3
14774708,4,1,1,3,1,2,2,2,1,1,2,2,2,2,2,2,1,3,1,3
14662864,4,1,1,3,4,2,4,2,1,1,1,2,2,1,2,2,1,3,3,3
14805435,4,1,1,2,3,2,4,2,1,1,2,1,2,2,2,1,1,3,1,3
14772502,4,1,1,2,3,2,4,2,1,1,2,2,2,2,2,2,1,3,3,3
14814479,4,1,1,2,1,2,3,2,1,1,2,2,2,2,2,2,1,3,3,3
14772501,4,1,1,2,3,2,4,2,1,1,2,2,2,2,2,2,1,3,3,3
14726403,4,1,1,3,1,2,4,2,1,1,3,2,2,1,2,2,1,3,2,3
14838182,4,1,1,2,1,1,4,2,1,1,2,1,2,2,2,2,1,3,3,3
14772482,4,1,1,2,1,2,3,2,4,1,2,2,2,2,2,2,1,3,2,3
14763022,4,1,2,3,1,2,3,2,4,1,2,2,2,2,2,2,1,3,1,3
14659391,4,1,2,2,5,1,4,2,3,1,2,2,2,1,2,2,1,3,2,3
14911547,4,1,1,3,1,2,4,2,1,1,2,2,2,1,2,2,2,3,1,3
14731659,4,1,1,3,3,2,1,2,1,1,2,2,2,1,2,2,1,3,1,3
14725103,4,1,1,3,3,2,1,2,1,1,2,2,2,2,2,1,1,3,3,3
14729355,4,1,1,3,1,2,4,2,1,1,3,2,2,2,2,2,1,3,2,3
14668283,4,1,1,2,2,2,2,2,1,1,2,2,2,1,2,2,1,3,2,3
14703315,4,1,1,2,3,2,2,2,1,1,2,1,2,2,2,2,1,3,1,3
14867165,4,1,1,2,1,2,4,2,1,1,2,1,2,1,2,3,1,3,1,3
14703314,4,1,1,3,3,2,4,2,1,1,2,2,2,2,2,2,1,3,3,3
14678226,4,1,1,3,3,2,4,2,1,1,2,1,2,2,2,2,1,3,1,3
14756464,4,1,1,2,1,1,4,2,1,1,2,2,2,2,2,2,1,3,2,3
14817806,4,1,1,3,1,2,3,2,1,1,2,2,2,2,2,2,1,3,1,3
14772754,4,1,1,2,1,2,3,2,1,1,3,2,2,1,2,2,1,3,1,3
14760958,4,2,1,2,1,2,3,1,1,2,2,2,2,1,2,2,1,3,1,3
14703310,4,2,1,2,1,2,2,2,1,1,2,1,2,2,2,2,1,3,1,3
14655467,4,2,1,2,4,2,4,1,4,2,1,1,2,1,2,2,1,3,1,2
14731643,4,2,2,2,2,2,1,2,4,1,2,2,2,2,2,2,3,3,1,3
14656677,4,2,1,2,4,2,4,1,1,1,1,2,1,1,1,2,1,3,1,3
14703306,4,1,2,2,1,2,4,2,3,1,3,2,2,2,2,2,1,3,1,3
14765276,4,1,2,2,4,2,3,2,4,1,1,1,2,2,2,2,1,3,1,3
14899245,4,1,2,2,2,2,3,2,3,1,2,2,2,1,2,2,1,3,1,3
14799658,4,1,1,3,1,2,3,2,4,1,3,2,2,2,2,3,1,3,2,2
14933265,4,1,1,3,1,2,4,2,4,1,3,2,2,2,2,2,1,3,1,3
14726396,4,1,1,3,1,2,4,2,1,1,2,2,2,1,2,2,1,3,1,3
14851433,4,1,1,2,3,2,2,2,1,1,2,2,2,1,2,1,1,3,1,3
14853721,4,1,1,3,3,2,4,2,1,1,2,2,2,1,2,1,1,3,3,3
14924853,4,1,1,3,1,2,4,2,1,1,3,2,2,2,2,1,2,3,2,3
14818427,4,1,1,2,1,2,3,2,1,1,2,2,2,1,2,2,1,3,1,3
14703301,4,1,1,3,3,2,4,2,2,1,2,2,2,2,2,2,1,3,2,3
14831356,4,1,1,3,1,2,4,2,1,1,3,2,2,2,2,1,1,3,2,3
14703299,4,1,1,3,1,2,4,2,1,1,2,2,2,1,2,2,1,3,2,3
14710221,4,1,1,3,1,2,4,2,1,1,2,2,2,2,2,1,1,3,3,3
14703298,4,1,1,3,3,2,4,2,1,1,2,2,2,1,2,2,1,3,1,3
14875774,4,1,2,2,4,2,3,2,4,1,1,2,2,2,2,2,1,3,1,3
14804891,4,1,2,3,1,2,4,2,4,1,2,2,2,2,2,2,1,3,1,3
14703297,4,1,1,3,3,2,4,2,3,1,2,2,2,1,2,2,1,3,1,3
14710220,4,1,1,3,3,2,4,2,1,1,2,2,2,2,2,2,1,3,1,3
14726391,4,1,1,3,3,2,4,2,1,1,2,2,2,2,2,1,1,3,1,3
14817804,4,1,1,3,3,2,4,2,1,1,2,1,2,2,2,2,1,3,3,3
14902354,4,1,1,2,3,2,3,2,1,1,2,2,2,2,2,2,2,3,3,3
14805433,4,1,1,2,1,2,4,2,1,1,2,2,2,2,2,1,1,3,2,3
14712378,4,1,1,3,1,2,2,2,1,1,2,2,2,2,2,2,1,3,2,3
14748855,4,1,1,3,1,2,4,2,1,1,2,1,2,2,2,2,1,3,1,3
14777566,4,1,1,3,3,2,1,2,1,1,2,2,2,1,2,2,1,3,3,3
14771332,4,1,1,2,3,2,3,2,1,1,2,2,2,2,2,2,1,3,1,3
14852622,4,1,1,3,3,2,2,2,1,1,2,2,2,2,2,2,1,3,1,3
14712801,4,1,1,2,1,2,4,2,1,1,2,2,2,2,2,2,1,3,2,3
14875753,4,1,2,2,4,2,3,2,4,1,1,2,2,2,2,2,1,3,1,3
14731625,4,1,2,3,2,2,1,2,3,1,2,2,2,2,2,2,1,3,1,3
14703296,4,1,2,2,1,2,4,2,3,1,2,2,2,2,2,2,1,3,1,3
14678223,4,1,2,3,1,2,4,2,4,1,2,2,2,2,2,2,1,3,2,3
14906337,4,1,1,3,3,2,4,2,1,1,2,2,2,2,2,2,1,3,3,3
14666648,4,1,1,2,1,2,2,2,1,1,2,2,2,1,2,2,1,3,1,3
14678221,4,1,1,3,1,2,4,2,1,1,2,2,2,1,2,2,1,3,1,3
14748854,4,1,1,3,1,2,4,2,1,1,2,2,2,1,2,2,1,3,1,3
14712377,4,1,2,3,3,2,2,2,4,1,2,2,2,1,2,2,1,3,1,3
14712799,4,1,2,3,1,2,4,2,4,1,3,2,2,2,2,3,1,3,1,3
14717171,4,1,1,2,4,2,3,2,1,1,1,1,2,2,2,2,1,3,2,3
14659025,4,1,1,2,3,2,2,2,1,1,2,2,2,2,2,2,1,3,1,3
14655466,4,2,1,2,1,2,4,2,1,1,2,2,2,2,2,2,1,3,1,3
14703291,4,2,1,2,4,2,2,2,1,1,1,1,2,2,2,2,1,3,1,3
14739984,4,2,1,3,1,2,2,2,4,1,2,2,2,2,2,2,3,3,1,3
14703290,4,2,1,3,1,2,4,2,1,1,2,2,2,2,2,2,1,3,1,3
14656814,4,1,1,2,4,2,3,2,1,1,1,2,2,2,2,2,1,3,1,3